"('mutual coupling', 424)"
"('antenna array', 344)"
"('circular polarization', 344)"
"('energy efficiency', 303)"
"('outage probability', 299)"
"('genetic algorithm', 262)"
"('channel estimation', 220)"
"('microstrip antenna', 209)"
"('new specie', 197)"
"('massive mimo', 189)"
"('radiation pattern', 187)"
"('patch antenna', 186)"
"('slot antenna', 167)"
"('directional antenna', 159)"
"('antenna selection', 159)"
"('photosystem ii', 156)"
"('high gain', 149)"
"('return loss', 149)"
"('spectral efficiency', 134)"
"('channel capacity', 128)"
"('power allocation', 127)"
"('energy transfer', 126)"
"('cognitive radio', 124)"
"('antennal lobe', 122)"
"('phased array', 121)"
"('energy harvesting', 118)"
"('resonant frequency', 114)"
"('deep learning', 113)"
"('millimeter wave', 111)"
"('spatial modulation', 109)"
"('monopole antenna', 108)"
"('low profile', 97)"
"('smart antenna', 96)"
"('array antenna', 95)"
"('coplanar waveguide', 95)"
"('remote sensing', 90)"
"('input impedance', 90)"
"('reverberation chamber', 88)"
"('ergodic capacity', 87)"
"('multiple antenna', 87)"
"('radiation efficiency', 86)"
"('pilot contamination', 86)"
"('reconfigurable antenna', 85)"
"('dipole antenna', 85)"
"('impedance bandwidth', 83)"
"('spectrum sensing', 81)"
"('artificial noise', 80)"
"('aerial image', 77)"
"('interference alignment', 74)"
"('diversity gain', 74)"
"('pin diode', 71)"
"('polarization diversity', 70)"
"('new genus', 70)"
"('microwave ablation', 69)"
"('high isolation', 69)"
"('phase shifter', 69)"
"('microwave imaging', 68)"
"('loop antenna', 68)"
"('beam steering', 68)"
"('axial ratio', 68)"
"('stochastic geometry', 67)"
"('reflector antenna', 67)"
"('antennal sensilla', 66)"
"('spatial correlation', 66)"
"('path loss', 62)"
"('impedance matching', 61)"
"('sex pheromone', 61)"
"('gravitational wave', 61)"
"('partial discharge', 61)"
"('power control', 59)"
"('machine learning', 56)"
"('mimo antenna', 55)"
"('neural network', 55)"
"('horn antenna', 55)"
"('spatial multiplexing', 54)"
"('dielectric property', 53)"
"('object detection', 53)"
"('bandwidth enhancement', 53)"
"('wireless communication', 53)"
"('phase noise', 53)"
"('60 ghz', 53)"
"('butler matrix', 52)"
"('parasitic element', 51)"
"('resource allocation', 50)"
"('coverage probability', 50)"
"('mimo system', 50)"
"('limited feedback', 49)"
"('reflection coefficient', 48)"
"('secrecy rate', 48)"
"('dielectric constant', 48)"
"('reaction center', 48)"
"('path planning', 47)"
"('hybrid beamforming', 44)"
"('compressive sensing', 43)"
"('antenna effect', 42)"
"('surface wave', 42)"
"('random forest', 42)"
"('soil moisture', 42)"
"('essential oil', 42)"
"('shorting pin', 42)"
"('wireless network', 42)"
"('transmit diversity', 42)"
"('aperture efficiency', 41)"
"('equivalent circuit', 41)"
"('electromagnetic field', 41)"
"('fading channel', 40)"
"('semantic segmentation', 39)"
"('tag antenna', 39)"
"('mutual information', 39)"
"('quality factor', 39)"
"('reinforcement learning', 38)"
"('gain enhancement', 38)"
"('doa estimation', 38)"
"('mobile phone', 37)"
"('microstrip line', 36)"
"('planar antenna', 36)"
"('cellular network', 35)"
"('filtering antenna', 34)"
"('primary cilium', 34)"
"('characteristic mode', 34)"
"('vivaldi antenna', 34)"
"('secrecy capacity', 34)"
"('base station', 34)"
"('antenna correlation', 34)"
"('current distribution', 34)"
"('wearable antenna', 33)"
"('physical optic', 33)"
"('antenna gain', 33)"
"('fdtd method', 33)"
"('precision agriculture', 32)"
"('chlorophyll fluorescence', 32)"
"('building extraction', 32)"
"('pattern diversity', 32)"
"('convex optimization', 32)"
"('hybrid precoding', 32)"
"('ism band', 32)"
"('compressed sensing', 32)"
"('time domain', 32)"
"('wide bandwidth', 31)"
"('textile antenna', 31)"
"('electromagnetic radiation', 31)"
"('hardware impairment', 31)"
"('computational complexity', 31)"
"('achievable rate', 31)"
"('optical antenna', 31)"
"('near field', 31)"
"('multiuser diversity', 31)"
"('differential evolution', 30)"
"('harmonic suppression', 30)"
"('radio frequency', 30)"
"('rotman lens', 30)"
"('energy consumption', 29)"
"('beam scanning', 29)"
"('attitude determination', 29)"
"('spiral antenna', 29)"
"('cooperative communication', 29)"
"('diversity order', 29)"
"('satellite communication', 29)"
"('antenna diversity', 28)"
"('helical antenna', 28)"
"('relay selection', 28)"
"('circularly polarized', 28)"
"('magnetic field', 28)"
"('uwb antenna', 28)"
"('planar array', 28)"
"('numerical simulation', 28)"
"('mobile communication', 28)"
"('multiuser detection', 28)"
"('28 ghz', 27)"
"('vehicle detection', 27)"
"('circular patch', 27)"
"('varactor diode', 27)"
"('kalman filter', 27)"
"('antenna design', 27)"
"('ground plane', 27)"
"('time reversal', 27)"
"('adaptive modulation', 27)"
"('cooperative diversity', 27)"
"('adaptive antenna', 27)"
"('delay spread', 26)"
"('adaptive beamforming', 26)"
"('interference cancellation', 26)"
"('compact size', 26)"
"('fractal antenna', 26)"
"('radio astronomy', 26)"
"('correlation coefficient', 25)"
"('sparse array', 25)"
"('sum rate', 25)"
"('photoconductive antenna', 25)"
"('collision avoidance', 25)"
"('grating lobe', 25)"
"('transmission line', 25)"
"('sexual dimorphism', 25)"
"('size reduction', 25)"
"('thylakoid membrane', 25)"
"('mushroom body', 25)"
"('moment method', 25)"
"('point cloud', 24)"
"('power amplifier', 24)"
"('solar cell', 24)"
"('anechoic chamber', 24)"
"('liquid metal', 24)"
"('mimo radar', 24)"
"('pattern synthesis', 24)"
"('xanthophyll cycle', 24)"
"('integral equation', 24)"
"('resonance frequency', 24)"
"('imperfect csi', 23)"
"('human body', 23)"
"('beam forming', 23)"
"('antenna measurement', 23)"
"('phase center', 23)"
"('antenna size', 23)"
"('small antenna', 23)"
"('adaptive array', 23)"
"('feedback delay', 23)"
"('interference channel', 22)"
"('dual band', 22)"
"('apis mellifera', 22)"
"('antenna efficiency', 22)"
"('radiation characteristic', 22)"
"('active antenna', 22)"
"('optimum combining', 22)"
"('chemosensory protein', 21)"
"('input saturation', 21)"
"('data collection', 21)"
"('lens antenna', 21)"
"('cavity model', 21)"
"('sidelobe level', 21)"
"('mutual impedance', 21)"
"('spatial diversity', 21)"
"('heterogeneous network', 21)"
"('broadcast channel', 21)"
"('cochannel interference', 21)"
"('electron microscopy', 21)"
"('simulated annealing', 20)"
"('inkjet printing', 20)"
"('high efficiency', 20)"
"('power divider', 20)"
"('moisture content', 20)"
"('implantable antenna', 20)"
"('3d printing', 20)"
"('reflectarray antenna', 20)"
"('additive manufacturing', 20)"
"('user scheduling', 20)"
"('directional modulation', 20)"
"('state transition', 20)"
"('carbon nanotube', 20)"
"('ultra wideband', 20)"
"('performance analysis', 20)"
"('outage capacity', 20)"
"('network coding', 20)"
"('uav swarm', 19)"
"('firefly algorithm', 19)"
"('transmit beamforming', 19)"
"('parasitic patch', 19)"
"('wide beamwidth', 19)"
"('electromagnetic interference', 19)"
"('linear array', 19)"
"('antioxidant activity', 19)"
"('wideband antenna', 19)"
"('dual polarization', 19)"
"('plasma antenna', 19)"
"('antenna factor', 19)"
"('smart city', 18)"
"('dielectric resonator', 18)"
"('group delay', 18)"
"('computer vision', 18)"
"('target detection', 18)"
"('complex permittivity', 18)"
"('ray tracing', 18)"
"('circular dichroism', 18)"
"('chlamydomonas reinhardtii', 18)"
"('circular array', 18)"
"('digital beamforming', 18)"
"('bombyx mori', 18)"
"('drosophila melanogaster', 18)"
"('sphere decoding', 18)"
"('feed network', 18)"
"('geometrical optic', 18)"
"('quantum dot', 18)"
"('wire antenna', 18)"
"('rayleigh fading', 18)"
"('vegetation index', 17)"
"('trajectory optimization', 17)"
"('disturbance observer', 17)"
"('antenna sensor', 17)"
"('feeding network', 17)"
"('ku band', 17)"
"('matching network', 17)"
"('biomedical application', 17)"
"('olfactory sensilla', 17)"
"('mathematical model', 17)"
"('multibeam antenna', 17)"
"('spectrum efficiency', 17)"
"('sensitivity analysis', 17)"
"('leaky wave', 17)"
"('rectangular waveguide', 17)"
"('electron transfer', 17)"
"('electric field', 17)"
"('electromagnetic coupling', 17)"
"('printed antenna', 17)"
"('trajectory planning', 16)"
"('effective capacity', 16)"
"('radiation resistance', 16)"
"('obstacle avoidance', 16)"
"('luneburg lens', 16)"
"('index modulation', 16)"
"('transfer learning', 16)"
"('addition theorem', 16)"
"('aerial imagery', 16)"
"('receiving antenna', 16)"
"('shielding effectiveness', 16)"
"('breast cancer', 16)"
"('cooperative jamming', 16)"
"('south africa', 16)"
"('change detection', 15)"
"('link budget', 15)"
"('direction finding', 15)"
"('artificial intelligence', 15)"
"('broadband antenna', 15)"
"('small cell', 15)"
"('target tracking', 15)"
"('user selection', 15)"
"('antenna pattern', 15)"
"('spectrum sharing', 15)"
"('sexual selection', 15)"
"('image processing', 15)"
"('image registration', 15)"
"('bandpass filter', 15)"
"('maximum likelihood', 15)"
"('human head', 15)"
"('helicoverpa armigera', 15)"
"('antenna system', 15)"
"('magnetic property', 14)"
"('fuzzy logic', 14)"
"('rectangular slot', 14)"
"('mechanical property', 14)"
"('power density', 14)"
"('odorant receptor', 14)"
"('flexible electronics', 14)"
"('metal frame', 14)"
"('meander line', 14)"
"('attitude estimation', 14)"
"('conformal antenna', 14)"
"('periodic structure', 14)"
"('mass spectrometry', 14)"
"('music algorithm', 14)"
"('multiband antenna', 14)"
"('linear polarization', 14)"
"('periplaneta americana', 14)"
"('wind tunnel', 14)"
"('zero forcing', 14)"
"('relay network', 14)"
"('doppler shift', 14)"
"('frequency offset', 14)"
"('trajectory tracking', 13)"
"('power splitting', 13)"
"('uav image', 13)"
"('omnidirectional antenna', 13)"
"('magnetic dipole', 13)"
"('antennal gland', 13)"
"('beam squint', 13)"
"('transfer function', 13)"
"('plutella xylostella', 13)"
"('fano resonance', 13)"
"('scattering parameter', 13)"
"('power consumption', 13)"
"('surface roughness', 13)"
"('electromagnetic compatibility', 13)"
"('flexible substrate', 13)"
"('flexible antenna', 13)"
"('electromagnetic wave', 13)"
"('circuit model', 13)"
"('salt stress', 13)"
"('linear precoding', 13)"
"('mating behavior', 13)"
"('arabidopsis thaliana', 13)"
"('transformation optic', 13)"
"('selection combining', 13)"
"('corner reflector', 13)"
"('radio telescope', 13)"
"('fourier transform', 13)"
"('spodoptera exigua', 13)"
"('taguchi method', 13)"
"('full diversity', 13)"
"('oxygen evolution', 13)"
"('microwave heating', 12)"
"('surface accuracy', 12)"
"('conformal array', 12)"
"('rna interference', 12)"
"('spatial resolution', 12)"
"('game theory', 12)"
"('electromagnetic bandgap', 12)"
"('fractional bandwidth', 12)"
"('broadside radiation', 12)"
"('formation control', 12)"
"('aperture antenna', 12)"
"('channel aging', 12)"
"('crossed dipole', 12)"
"('atmospheric turbulence', 12)"
"('block diagonalization', 12)"
"('automotive radar', 12)"
"('vehicular communication', 12)"
"('user association', 12)"
"('photosynthetic apparatus', 12)"
"('pose estimation', 12)"
"('rfid tag', 12)"
"('cellular phone', 12)"
"('grapholita molesta', 12)"
"('secrecy throughput', 12)"
"('baltic amber', 12)"
"('topology optimization', 12)"
"('dielectric waveguide', 12)"
"('signal processing', 12)"
"('read range', 12)"
"('conversion efficiency', 12)"
"('energy detection', 12)"
"('beam selection', 12)"
"('interference suppression', 12)"
"('data detection', 12)"
"('qr decomposition', 12)"
"('lattice reduction', 12)"
"('semidefinite relaxation', 12)"
"('spodoptera littoralis', 12)"
"('new zealand', 12)"
"('wiretap channel', 12)"
"('heliothis virescens', 12)"
"('broadband operation', 12)"
"('replica method', 12)"
"('debris flow', 11)"
"('urban environment', 11)"
"('negative permittivity', 11)"
"('trajectory design', 11)"
"('multiobjective optimization', 11)"
"('screw theory', 11)"
"('delayed csit', 11)"
"('chemosensory gene', 11)"
"('scene classification', 11)"
"('bactrocera dorsalis', 11)"
"('electromagnetic scattering', 11)"
"('sea ice', 11)"
"('negative permeability', 11)"
"('liquid crystal', 11)"
"('satellite imagery', 11)"
"('stacked patch', 11)"
"('channel model', 11)"
"('image reconstruction', 11)"
"('unit cell', 11)"
"('communication system', 11)"
"('notch band', 11)"
"('sea surface', 11)"
"('mobile robot', 11)"
"('silver nanoparticles', 11)"
"('scan blindness', 11)"
"('honey bee', 11)"
"('energy dissipation', 11)"
"('antenna miniaturization', 11)"
"('heavy metal', 11)"
"('q factor', 11)"
"('multipath propagation', 11)"
"('yagi antenna', 11)"
"('solar wind', 11)"
"('multipath fading', 11)"
"('espar antenna', 11)"
"('rain attenuation', 11)"
"('angular spread', 11)"
"('impulsive noise', 11)"
"('array factor', 11)"
"('cross polarization', 11)"
"('coding gain', 11)"
"('maxillary palp', 11)"
"('plant volatile', 11)"
"('mac protocol', 11)"
"('cassegrain antenna', 11)"
"('rhodobacter sphaeroides', 11)"
"('transmission capacity', 11)"
"('antenna theory', 11)"
"('wireless lan', 11)"
"('antennal transcriptome', 10)"
"('fault diagnosis', 10)"
"('temperature distribution', 10)"
"('radiated emission', 10)"
"('hough transform', 10)"
"('dielectric lens', 10)"
"('covert communication', 10)"
"('wireless application', 10)"
"('drought stress', 10)"
"('carbon dioxide', 10)"
"('channel prediction', 10)"
"('plasma sheath', 10)"
"('radiation null', 10)"
"('phase error', 10)"
"('relative permittivity', 10)"
"('vanadium dioxide', 10)"
"('dynamic programming', 10)"
"('neighbor discovery', 10)"
"('lower bound', 10)"
"('integrated antenna', 10)"
"('polarization conversion', 10)"
"('autonomous navigation', 10)"
"('ka band', 10)"
"('temperature sensor', 10)"
"('dielectric loading', 10)"
"('modal analysis', 10)"
"('photodynamic therapy', 10)"
"('spodoptera litura', 10)"
"('moving target', 10)"
"('fractal geometry', 10)"
"('data gathering', 10)"
"('slot array', 10)"
"('crystal structure', 10)"
"('fidelity factor', 10)"
"('edge computing', 10)"
"('faraday shield', 10)"
"('golden code', 10)"
"('ground station', 10)"
"('iterative method', 10)"
"('radar imaging', 10)"
"('particle filter', 10)"
"('receive diversity', 10)"
"('absorption spectrum', 10)"
"('port isolation', 10)"
"('target localization', 10)"
"('molecular docking', 10)"
"('low cost', 10)"
"('fluctuating asymmetry', 10)"
"('water content', 10)"
"('composite material', 10)"
"('rician fading', 10)"
"('site attenuation', 10)"
"('sensor network', 10)"
"('dielectric permittivity', 10)"
"('aggregation pheromone', 10)"
"('quantum yield', 10)"
"('basis function', 10)"
"('electron transport', 10)"
"('distributed antenna', 10)"
"('far field', 10)"
"('diffusion bonding', 10)"
"('daphnia magna', 10)"
"('iterative decoding', 10)"
"('charge separation', 10)"
"('climate change', 9)"
"('forest inventory', 9)"
"('high selectivity', 9)"
"('forest structure', 9)"
"('identification key', 9)"
"('crop height', 9)"
"('electron density', 9)"
"('federated learning', 9)"
"('task allocation', 9)"
"('sum capacity', 9)"
"('chemical communication', 9)"
"('fractal dimension', 9)"
"('attitude control', 9)"
"('doppler effect', 9)"
"('laptop computer', 9)"
"('matching circuit', 9)"
"('laser scanning', 9)"
"('transmitarray antenna', 9)"
"('maxillary palps', 9)"
"('decoupling network', 9)"
"('channel hardening', 9)"
"('phylogenetic analysis', 9)"
"('image matching', 9)"
"('tree height', 9)"
"('gaussian beam', 9)"
"('collaborative beamforming', 9)"
"('fractional programming', 9)"
"('expectation propagation', 9)"
"('burmese amber', 9)"
"('evolutionary algorithm', 9)"
"('notched band', 9)"
"('microwave tomography', 9)"
"('antenna calibration', 9)"
"('temperature field', 9)"
"('cloud computing', 9)"
"('electromagnetic performance', 9)"
"('plane wave', 9)"
"('neutralization line', 9)"
"('medical application', 9)"
"('signal detection', 9)"
"('rf switch', 9)"
"('strong coupling', 9)"
"('antenna coupling', 9)"
"('folded dipole', 9)"
"('frequency ratio', 9)"
"('nonphotochemical quenching', 9)"
"('full duplex', 9)"
"('inverse problem', 9)"
"('conical beam', 9)"
"('apolygus lucorum', 9)"
"('system identification', 9)"
"('multipath effect', 9)"
"('low complexity', 9)"
"('characteristic impedance', 9)"
"('random beamforming', 9)"
"('mobile terminal', 9)"
"('capacity region', 9)"
"('rectifying circuit', 9)"
"('correlated channel', 9)"
"('directional coupler', 9)"
"('stored energy', 9)"
"('beam width', 9)"
"('parasitic strip', 9)"
"('orthogonal design', 9)"
"('cooperative transmission', 9)"
"('coordinated beamforming', 9)"
"('air gap', 9)"
"('sensilla basiconica', 9)"
"('shorting post', 9)"
"('cyclic prefix', 9)"
"('rfid reader', 9)"
"('space diversity', 9)"
"('virtual mimo', 9)"
"('cydia pomonella', 9)"
"('purple bacteria', 9)"
"('handset antenna', 9)"
"('uplink capacity', 9)"
"('body size', 9)"
"('manduca sexta', 9)"
"('rake receiver', 9)"
"('system performance', 8)"
"('null steering', 8)"
"('ground effect', 8)"
"('aboveground biomass', 8)"
"('actuator fault', 8)"
"('broad bandwidth', 8)"
"('phase difference', 8)"
"('reflection phase', 8)"
"('ip typographus', 8)"
"('initial access', 8)"
"('hot spot', 8)"
"('frequency selectivity', 8)"
"('sidelobe suppression', 8)"
"('temporal correlation', 8)"
"('endfire radiation', 8)"
"('5g application', 8)"
"('alternating optimization', 8)"
"('distributed beamforming', 8)"
"('aerial manipulation', 8)"
"('biological control', 8)"
"('infrared thermography', 8)"
"('bowtie antenna', 8)"
"('uwb application', 8)"
"('smart grid', 8)"
"('logistic regression', 8)"
"('anomaly detection', 8)"
"('ship detection', 8)"
"('frequency scanning', 8)"
"('uav trajectory', 8)"
"('coaxial cable', 8)"
"('vertical polarization', 8)"
"('transient response', 8)"
"('compact antenna', 8)"
"('surrogate model', 8)"
"('singlet oxygen', 8)"
"('indoor localization', 8)"
"('indoor environment', 8)"
"('upper bound', 8)"
"('annular slot', 8)"
"('water quality', 8)"
"('wind speed', 8)"
"('canopy cover', 8)"
"('noise temperature', 8)"
"('microwave radiometer', 8)"
"('monopulse antenna', 8)"
"('field test', 8)"
"('mission planning', 8)"
"('methyl salicylate', 8)"
"('spectral analysis', 8)"
"('3d reconstruction', 8)"
"('aperture synthesis', 8)"
"('screen printing', 8)"
"('wireless sensor', 8)"
"('coupling coefficient', 8)"
"('gold nanoparticles', 8)"
"('brightness temperature', 8)"
"('mode conversion', 8)"
"('magnetic coupling', 8)"
"('channel reciprocity', 8)"
"('wall conditioning', 8)"
"('coherence bandwidth', 8)"
"('stingless bee', 8)"
"('host selection', 8)"
"('sommerfeld integral', 8)"
"('ostrinia nubilalis', 8)"
"('dipole array', 8)"
"('network lifetime', 8)"
"('oxidative stress', 8)"
"('gain improvement', 8)"
"('energy beamforming', 8)"
"('cosmic ray', 8)"
"('urban area', 8)"
"('wave propagation', 8)"
"('sensilla chaetica', 8)"
"('hybrid antenna', 8)"
"('open stopband', 8)"
"('heat stress', 8)"
"('noise uncertainty', 8)"
"('multiplexing gain', 8)"
"('pulse compression', 8)"
"('printed dipole', 8)"
"('dispersion diagram', 8)"
"('chip antenna', 8)"
"('corrugated horn', 8)"
"('antenna switching', 8)"
"('thermal stability', 8)"
"('juvenile hormone', 8)"
"('radio emission', 8)"
"('array processing', 8)"
"('dual frequency', 8)"
"('fresnel zone', 8)"
"('nitric oxide', 8)"
"('multiuser mimo', 8)"
"('oilseed rape', 8)"
"('numerical modeling', 8)"
"('schottky diode', 8)"
"('ambiguity resolution', 8)"
"('sensilla trichodea', 8)"
"('cuticular hydrocarbon', 8)"
"('reaction centre', 8)"
"('vector perturbation', 8)"
"('performance evaluation', 8)"
"('fast fading', 8)"
"('cellular system', 8)"
"('alamouti scheme', 8)"
"('internal antenna', 8)"
"('microwave antenna', 7)"
"('backscatter communication', 7)"
"('transmission loss', 7)"
"('uav network', 7)"
"('autonomous landing', 7)"
"('omnidirectional pattern', 7)"
"('autonomous driving', 7)"
"('water stress', 7)"
"('time series', 7)"
"('macroglomerular complex', 7)"
"('sparse representation', 7)"
"('autonomous vehicle', 7)"
"('user grouping', 7)"
"('spatial distribution', 7)"
"('coded caching', 7)"
"('ultrawideband antenna', 7)"
"('wavelet transform', 7)"
"('graph theory', 7)"
"('satellite image', 7)"
"('difference pattern', 7)"
"('reciprocity theorem', 7)"
"('shared aperture', 7)"
"('channel sounding', 7)"
"('photonic bandgap', 7)"
"('secure communication', 7)"
"('simple structure', 7)"
"('parameter estimation', 7)"
"('wavelet analysis', 7)"
"('finite array', 7)"
"('portable device', 7)"
"('terahertz radiation', 7)"
"('wireless backhaul', 7)"
"('electrical conductivity', 7)"
"('snow depth', 7)"
"('intercept probability', 7)"
"('time switching', 7)"
"('magnetic resonance', 7)"
"('approximation algorithm', 7)"
"('union bound', 7)"
"('leo satellite', 7)"
"('sensor fusion', 7)"
"('ergodic rate', 7)"
"('image theory', 7)"
"('success probability', 7)"
"('electrostatic discharge', 7)"
"('spin wave', 7)"
"('wind disturbance', 7)"
"('expression profile', 7)"
"('routing protocol', 7)"
"('helix antenna', 7)"
"('state estimation', 7)"
"('interdigital capacitor', 7)"
"('dynamic range', 7)"
"('sea level', 7)"
"('sinuous antenna', 7)"
"('radiometric calibration', 7)"
"('multipole expansion', 7)"
"('fault detection', 7)"
"('wireless channel', 7)"
"('design optimization', 7)"
"('heart rate', 7)"
"('matched filter', 7)"
"('computer simulation', 7)"
"('graphene oxide', 7)"
"('gaussian pulse', 7)"
"('biconical antenna', 7)"
"('optimal control', 7)"
"('aedes aegypti', 7)"
"('radiofrequency identification', 7)"
"('data fusion', 7)"
"('error probability', 7)"
"('pressure sensor', 7)"
"('light harvesting', 7)"
"('beam tilting', 7)"
"('uhf band', 7)"
"('artificial material', 7)"
"('terahertz frequency', 7)"
"('untrusted relay', 7)"
"('ambiguity function', 7)"
"('schistocerca gregaria', 7)"
"('tabu search', 7)"
"('transmission coefficient', 7)"
"('5g communication', 7)"
"('power efficiency', 7)"
"('diversity antenna', 7)"
"('antenna performance', 7)"
"('ferrite substrate', 7)"
"('doppler spread', 7)"
"('surface impedance', 7)"
"('shaped beam', 7)"
"('phase shift', 7)"
"('leptinotarsa decemlineata', 7)"
"('shorting strip', 7)"
"('propagation loss', 7)"
"('air shower', 7)"
"('harvesting complex', 7)"
"('joint detection', 7)"
"('truncation error', 7)"
"('relay channel', 7)"
"('propagation characteristic', 7)"
"('boundary condition', 7)"
"('microwave hyperthermia', 7)"
"('lever arm', 7)"
"('shorting vias', 7)"
"('high temperature', 7)"
"('agrotis ipsilon', 7)"
"('tilted beam', 7)"
"('doppler spectrum', 7)"
"('electric dipole', 7)"
"('dielectric material', 7)"
"('chilo suppressalis', 7)"
"('downlink beamforming', 7)"
"('cable effect', 7)"
"('projection neuron', 7)"
"('fairy shrimp', 7)"
"('exciton state', 7)"
"('interstitial hyperthermia', 7)"
"('middle jurassic', 7)"
"('lateral horn', 7)"
"('prostate cancer', 7)"
"('mating disruption', 7)"
"('bulk density', 7)"
"('coupling feed', 7)"
"('software radio', 7)"
"('d1 protein', 7)"
"('3d mimo', 6)"
"('computation offloading', 6)"
"('structural design', 6)"
"('source localization', 6)"
"('stomatal conductance', 6)"
"('free space', 6)"
"('turbo code', 6)"
"('quadratic programming', 6)"
"('photonic crystal', 6)"
"('partial ground', 6)"
"('fmcw radar', 6)"
"('conductive fabric', 6)"
"('yield prediction', 6)"
"('orbit determination', 6)"
"('uplink transmission', 6)"
"('invasive specie', 6)"
"('reflection loss', 6)"
"('isolation enhancement', 6)"
"('low sidelobe', 6)"
"('bit allocation', 6)"
"('augmented reality', 6)"
"('hybrid mode', 6)"
"('motion compensation', 6)"
"('antenna height', 6)"
"('dipicolinic acid', 6)"
"('raman spectroscopy', 6)"
"('bessel function', 6)"
"('spatial filtering', 6)"
"('domain adaptation', 6)"
"('central complex', 6)"
"('enhanced gain', 6)"
"('microstrip patch', 6)"
"('polarization reconfigurability', 6)"
"('aerial refueling', 6)"
"('ofdm system', 6)"
"('fuel cell', 6)"
"('mythimna separata', 6)"
"('power line', 6)"
"('radiating element', 6)"
"('attention mechanism', 6)"
"('beam training', 6)"
"('fisher information', 6)"
"('waveform diversity', 6)"
"('mobile relay', 6)"
"('frequency reconfigurability', 6)"
"('circadian rhythm', 6)"
"('beam shaping', 6)"
"('interference mitigation', 6)"
"('antenna directivity', 6)"
"('bundle adjustment', 6)"
"('loess plateau', 6)"
"('costa rica', 6)"
"('iterative algorithm', 6)"
"('flight test', 6)"
"('life cycle', 6)"
"('object tracking', 6)"
"('uav communication', 6)"
"('multiple beam', 6)"
"('kalman filtering', 6)"
"('solar energy', 6)"
"('differential feeding', 6)"
"('shadow detection', 6)"
"('feature extraction', 6)"
"('gully erosion', 6)"
"('beam alignment', 6)"
"('difference coarray', 6)"
"('differential modulation', 6)"
"('building detection', 6)"
"('received power', 6)"
"('equivalent current', 6)"
"('multiport antenna', 6)"
"('robust design', 6)"
"('bandwidth allocation', 6)"
"('channel correlation', 6)"
"('clutter suppression', 6)"
"('hybrid coupler', 6)"
"('waveform design', 6)"
"('pointing error', 6)"
"('selection diversity', 6)"
"('network mimo', 6)"
"('wearable electronics', 6)"
"('diversity product', 6)"
"('high directivity', 6)"
"('plant height', 6)"
"('circular polarisation', 6)"
"('viterbi algorithm', 6)"
"('hybrid method', 6)"
"('terahertz band', 6)"
"('doppler radar', 6)"
"('rectangular patch', 6)"
"('direct georeferencing', 6)"
"('microstrip array', 6)"
"('d2d communication', 6)"
"('stackelberg game', 6)"
"('wind field', 6)"
"('ice thickness', 6)"
"('mobile network', 6)"
"('noise reduction', 6)"
"('null control', 6)"
"('interference neutralization', 6)"
"('diversity combining', 6)"
"('mobile device', 6)"
"('signal strength', 6)"
"('helicoverpa assulta', 6)"
"('coplanar stripline', 6)"
"('thermal effect', 6)"
"('dynamic model', 6)"
"('power transformer', 6)"
"('aerial survey', 6)"
"('input resistance', 6)"
"('circular waveguide', 6)"
"('frequency diversity', 6)"
"('pheromone detection', 6)"
"('swarm intelligence', 6)"
"('noise immunity', 6)"
"('gas chromatography', 6)"
"('transparent antenna', 6)"
"('control system', 6)"
"('phase control', 6)"
"('constant modulus', 6)"
"('curve fitting', 6)"
"('landmine detection', 6)"
"('chemical composition', 6)"
"('azimuth ambiguity', 6)"
"('cross slot', 6)"
"('elevation angle', 6)"
"('thin film', 6)"
"('current drive', 6)"
"('ultrasonic testing', 6)"
"('alternating minimization', 6)"
"('interference rejection', 6)"
"('single antenna', 6)"
"('locusta migratoria', 6)"
"('frequency agility', 6)"
"('electromagnetic induction', 6)"
"('paper substrate', 6)"
"('linear programming', 6)"
"('fr4 substrate', 6)"
"('fluorescence emission', 6)"
"('retrodirective array', 6)"
"('mobile antenna', 6)"
"('joint clearance', 6)"
"('rhodnius prolixus', 6)"
"('beam switching', 6)"
"('nanocrystalline diamond', 6)"
"('indoor positioning', 6)"
"('insertion loss', 6)"
"('olfactory receptor', 6)"
"('load balancing', 6)"
"('immature stage', 6)"
"('detection probability', 6)"
"('shorting plate', 6)"
"('condition number', 6)"
"('wishart matrix', 6)"
"('bandwidth efficiency', 6)"
"('frequency reuse', 6)"
"('spherical harmonic', 6)"
"('cnaphalocrocis medinalis', 6)"
"('chlorophyll b', 6)"
"('insect antenna', 6)"
"('field enhancement', 6)"
"('power synthesis', 6)"
"('culex quinquefasciatus', 6)"
"('heat transfer', 6)"
"('quality assurance', 6)"
"('parallel processing', 6)"
"('mating behaviour', 6)"
"('field uniformity', 6)"
"('lymantria dispar', 6)"
"('linear receiver', 6)"
"('envelope correlation', 6)"
"('photosynthetic unit', 6)"
"('resistive loading', 6)"
"('pyramidal horn', 6)"
"('epiphyas postvittana', 6)"
"('software antenna', 6)"
"('linear dichroism', 6)"
"('breast phantom', 5)"
"('tibetan plateau', 5)"
"('olfactory gene', 5)"
"('human detection', 5)"
"('oblique image', 5)"
"('spinal cord', 5)"
"('simulation result', 5)"
"('directivity enhancement', 5)"
"('task offloading', 5)"
"('treatment planning', 5)"
"('antimicrobial activity', 5)"
"('printed electronics', 5)"
"('return stroke', 5)"
"('smart agriculture', 5)"
"('jamming attack', 5)"
"('antenna pair', 5)"
"('olfactory system', 5)"
"('outage performance', 5)"
"('stable gain', 5)"
"('beam tracking', 5)"
"('fall detection', 5)"
"('composite structure', 5)"
"('computational electromagnetics', 5)"
"('hepatocellular carcinoma', 5)"
"('vehicular network', 5)"
"('underground mine', 5)"
"('fault location', 5)"
"('asymptotic analysis', 5)"
"('robust beamforming', 5)"
"('matrix inversion', 5)"
"('analog beamforming', 5)"
"('traveling wave', 5)"
"('sidelobe reduction', 5)"
"('formation flight', 5)"
"('cellular communication', 5)"
"('silver nanowires', 5)"
"('uhf rfid', 5)"
"('adaptive filter', 5)"
"('antenna impedance', 5)"
"('dielectric loss', 5)"
"('memetic algorithm', 5)"
"('ricean fading', 5)"
"('140 ghz', 5)"
"('aerial photography', 5)"
"('scanning rate', 5)"
"('glide symmetry', 5)"
"('pareto front', 5)"
"('visual tracking', 5)"
"('consistent gain', 5)"
"('velocity estimation', 5)"
"('differential antenna', 5)"
"('free vibration', 5)"
"('dynamic analysis', 5)"
"('miniaturized antenna', 5)"
"('mobile agent', 5)"
"('link margin', 5)"
"('super wideband', 5)"
"('ratio bandwidth', 5)"
"('fuzzy control', 5)"
"('ferromagnetic resonance', 5)"
"('winter wheat', 5)"
"('multilayer structure', 5)"
"('bridge inspection', 5)"
"('satellite network', 5)"
"('carrier phase', 5)"
"('omnidirectional radiation', 5)"
"('endfire antenna', 5)"
"('failure mechanism', 5)"
"('external disturbance', 5)"
"('shannon capacity', 5)"
"('electric vehicle', 5)"
"('tracking control', 5)"
"('plasmonic nanoantennas', 5)"
"('topside ionosphere', 5)"
"('bayesian network', 5)"
"('chilling stress', 5)"
"('canopy height', 5)"
"('route planning', 5)"
"('shadow fading', 5)"
"('coprime array', 5)"
"('decision tree', 5)"
"('constructive interference', 5)"
"('spruce budworm', 5)"
"('aerial vehicle', 5)"
"('link adaptation', 5)"
"('magnetized plasma', 5)"
"('estimation error', 5)"
"('statistical csi', 5)"
"('covariance matrix', 5)"
"('peak gain', 5)"
"('channel allocation', 5)"
"('adaptive control', 5)"
"('air pollution', 5)"
"('heuristic algorithm', 5)"
"('cooperative network', 5)"
"('bat algorithm', 5)"
"('average rate', 5)"
"('intersymbol interference', 5)"
"('channel coding', 5)"
"('electrical property', 5)"
"('multiple target', 5)"
"('secrecy performance', 5)"
"('frequency modulation', 5)"
"('channel mismatch', 5)"
"('road extraction', 5)"
"('planar monopole', 5)"
"('integrated design', 5)"
"('propagation constant', 5)"
"('microwave radiometry', 5)"
"('quality control', 5)"
"('tuning stub', 5)"
"('channel modeling', 5)"
"('drought tolerance', 5)"
"('nondestructive testing', 5)"
"('digital predistortion', 5)"
"('monocular vision', 5)"
"('small size', 5)"
"('adaptive algorithm', 5)"
"('bistatic radar', 5)"
"('land cover', 5)"
"('smart clothing', 5)"
"('blue light', 5)"
"('aerial robot', 5)"
"('metallic environment', 5)"
"('lossy ground', 5)"
"('direct link', 5)"
"('floral scent', 5)"
"('high frequency', 5)"
"('optical flow', 5)"
"('environmental monitoring', 5)"
"('coherence time', 5)"
"('phenolic compound', 5)"
"('aerial manipulator', 5)"
"('microwave photonics', 5)"
"('soil erosion', 5)"
"('fresnel region', 5)"
"('transmission efficiency', 5)"
"('optical property', 5)"
"('proportional fairness', 5)"
"('multipath channel', 5)"
"('image segmentation', 5)"
"('transmit power', 5)"
"('temperature dependence', 5)"
"('picea abies', 5)"
"('photosynthetic pigment', 5)"
"('tribolium castaneum', 5)"
"('ultrasonic tomography', 5)"
"('equivalence principle', 5)"
"('aerodynamic performance', 5)"
"('time delay', 5)"
"('integrated balun', 5)"
"('orthogonal polarization', 5)"
"('pattern reconfigurability', 5)"
"('measurement uncertainty', 5)"
"('computed tomography', 5)"
"('band notch', 5)"
"('weibull distribution', 5)"
"('scattering matrix', 5)"
"('loss tangent', 5)"
"('metallic object', 5)"
"('mobile sink', 5)"
"('conceptual design', 5)"
"('multipath mitigation', 5)"
"('radiation field', 5)"
"('polarization estimation', 5)"
"('nilaparvata lugens', 5)"
"('ostrinia furnacalis', 5)"
"('cavity antenna', 5)"
"('xenopus oocyte', 5)"
"('transfer alignment', 5)"
"('condition monitoring', 5)"
"('metasurface antenna', 5)"
"('relay station', 5)"
"('communication link', 5)"
"('social insect', 5)"
"('c band', 5)"
"('coverage efficiency', 5)"
"('element spacing', 5)"
"('template matching', 5)"
"('inset feed', 5)"
"('user effect', 5)"
"('flexible spacecraft', 5)"
"('multiplexing efficiency', 5)"
"('azimuth resolution', 5)"
"('tropospheric scintillation', 5)"
"('rate adaptation', 5)"
"('phase correction', 5)"
"('power absorption', 5)"
"('antennal phenotype', 5)"
"('hot electron', 5)"
"('joint estimation', 5)"
"('weather radar', 5)"
"('relay location', 5)"
"('user pairing', 5)"
"('dynamic inversion', 5)"
"('3d beamforming', 5)"
"('thermal deformation', 5)"
"('virtual array', 5)"
"('mate recognition', 5)"
"('plasma density', 5)"
"('airborne radar', 5)"
"('dna origami', 5)"
"('current density', 5)"
"('distribution line', 5)"
"('least square', 5)"
"('phase modulation', 5)"
"('wimax application', 5)"
"('radiating patch', 5)"
"('directional pattern', 5)"
"('channel uncertainty', 5)"
"('inductive loading', 5)"
"('relative humidity', 5)"
"('deep sea', 5)"
"('contoured beam', 5)"
"('absolute calibration', 5)"
"('acyrthosiphon pisum', 5)"
"('ring antenna', 5)"
"('head capsule', 5)"
"('asdex upgrade', 5)"
"('numerical analysis', 5)"
"('horizontal polarization', 5)"
"('postembryonic development', 5)"
"('layered medium', 5)"
"('fast wave', 5)"
"('channel assignment', 5)"
"('data processing', 5)"
"('low temperature', 5)"
"('topology control', 5)"
"('passive intermodulation', 5)"
"('mate choice', 5)"
"('orthomode transducer', 5)"
"('network capacity', 5)"
"('energy pattern', 5)"
"('satellite application', 5)"
"('constant envelope', 5)"
"('system capacity', 5)"
"('mode coupling', 5)"
"('interval analysis', 5)"
"('coherent signal', 5)"
"('natural frequency', 5)"
"('training sequence', 5)"
"('acaryochloris marina', 5)"
"('superstrate layer', 5)"
"('antenna placement', 5)"
"('symbol detection', 5)"
"('band rejection', 5)"
"('western australia', 5)"
"('asphalt mixture', 5)"
"('channel measurement', 5)"
"('operating frequency', 5)"
"('side information', 5)"
"('94 ghz', 5)"
"('circular aperture', 5)"
"('optical nanoantennas', 5)"
"('dielectric coating', 5)"
"('resonant characteristic', 5)"
"('beam squinting', 5)"
"('anopheles gambiae', 5)"
"('trilinear model', 5)"
"('eye development', 5)"
"('light absorption', 5)"
"('opportunistic beamforming', 5)"
"('division algebra', 5)"
"('backward radiation', 5)"
"('noise figure', 5)"
"('aphis fabae', 5)"
"('network analyzer', 5)"
"('standing wave', 5)"
"('opportunistic scheduling', 5)"
"('tore supra', 5)"
"('adaptive nulling', 5)"
"('mobile handset', 5)"
"('mode matching', 5)"
"('myzus persicae', 5)"
"('dominican amber', 5)"
"('phase detector', 5)"
"('plant biologist', 5)"
"('local interneurons', 5)"
"('fluorescence quenching', 5)"
"('delayed fluorescence', 5)"
"('iron deficiency', 5)"
"('probe correction', 5)"
"('light quality', 5)"
"('reflected wave', 5)"
"('numerical dispersion', 5)"
"('olfactory learning', 5)"
"('magnetic material', 5)"
"('rake combining', 5)"
"('mobile reception', 5)"
"('blattella germanica', 5)"
"('bacteriochlorophyll c', 5)"
"('lhc ii', 5)"
"('spiral resonator', 4)"
"('volatile oil', 4)"
"('electroless deposition', 4)"
"('low loss', 4)"
"('uav imagery', 4)"
"('nonlinear vibration', 4)"
"('mobile application', 4)"
"('mobile vehicle', 4)"
"('nonlinear observer', 4)"
"('solar panel', 4)"
"('mem switch', 4)"
"('circular ring', 4)"
"('data acquisition', 4)"
"('lyapunov optimization', 4)"
"('antenna pointing', 4)"
"('coupling efficiency', 4)"
"('spodoptera frugiperda', 4)"
"('soil salinity', 4)"
"('colored noise', 4)"
"('realized gain', 4)"
"('channel sounder', 4)"
"('land use', 4)"
"('aedes albopictus', 4)"
"('time synchronization', 4)"
"('quiet zone', 4)"
"('effective permittivity', 4)"
"('complementary source', 4)"
"('crack detection', 4)"
"('channel characteristic', 4)"
"('antennal movement', 4)"
"('vortex beam', 4)"
"('landau damping', 4)"
"('microstrip resonator', 4)"
"('hybrid transformer', 4)"
"('capsule endoscope', 4)"
"('nonlinear distortion', 4)"
"('frequency reconfiguration', 4)"
"('salt marsh', 4)"
"('harsh environment', 4)"
"('resonator antenna', 4)"
"('adelphocoris lineolatus', 4)"
"('radiation operator', 4)"
"('reader antenna', 4)"
"('transmission zero', 4)"
"('metal cover', 4)"
"('specie diversity', 4)"
"('chiral metamaterial', 4)"
"('face recognition', 4)"
"('wearable device', 4)"
"('oriental region', 4)"
"('intraocular pressure', 4)"
"('dimensionality reduction', 4)"
"('zea may', 4)"
"('strain sensor', 4)"
"('superpixel segmentation', 4)"
"('collision probability', 4)"
"('random error', 4)"
"('chipless tag', 4)"
"('risk assessment', 4)"
"('5g nr', 4)"
"('embedded system', 4)"
"('system survivability', 4)"
"('triangular lattice', 4)"
"('parallel computing', 4)"
"('massive access', 4)"
"('5g network', 4)"
"('harmonic radiation', 4)"
"('grain yield', 4)"
"('snow accumulation', 4)"
"('indoor propagation', 4)"
"('microwave holography', 4)"
"('gold nanorods', 4)"
"('phase synchronization', 4)"
"('linear antenna', 4)"
"('speech enhancement', 4)"
"('antioxidant enzyme', 4)"
"('5g technology', 4)"
"('image mosaic', 4)"
"('oviposition behavior', 4)"
"('conogethes punctiferalis', 4)"
"('green communication', 4)"
"('polarization converter', 4)"
"('data aggregation', 4)"
"('psii heterogeneity', 4)"
"('standard deviation', 4)"
"('smart device', 4)"
"('earth observation', 4)"
"('ethyl acetate', 4)"
"('spoofing detection', 4)"
"('thick substrate', 4)"
"('error rate', 4)"
"('interval arithmetic', 4)"
"('quantization noise', 4)"
"('area coverage', 4)"
"('image analysis', 4)"
"('diamondback moth', 4)"
"('radar application', 4)"
"('radar sensor', 4)"
"('hand phantom', 4)"
"('thinned array', 4)"
"('rf chain', 4)"
"('transient analysis', 4)"
"('gap waveguide', 4)"
"('antenna synthesis', 4)"
"('standoff tracking', 4)"
"('parabolic antenna', 4)"
"('refractive index', 4)"
"('ultrawide band', 4)"
"('rate allocation', 4)"
"('radar antenna', 4)"
"('ebg structure', 4)"
"('bessel beam', 4)"
"('thz antenna', 4)"
"('radiometric sensitivity', 4)"
"('angle estimation', 4)"
"('uav formation', 4)"
"('wind turbine', 4)"
"('aerial target', 4)"
"('array synthesis', 4)"
"('general relativity', 4)"
"('jet engine', 4)"
"('fire detection', 4)"
"('spherical coverage', 4)"
"('wireless charging', 4)"
"('millimetre wave', 4)"
"('fifth generation', 4)"
"('random access', 4)"
"('scan impedance', 4)"
"('compact design', 4)"
"('dinkelbach method', 4)"
"('microwave sensor', 4)"
"('ground vehicle', 4)"
"('timing synchronization', 4)"
"('interference coordination', 4)"
"('angular stability', 4)"
"('tide gauge', 4)"
"('aerial photograph', 4)"
"('rough surface', 4)"
"('data communication', 4)"
"('ion implantation', 4)"
"('cavity resonator', 4)"
"('source enumeration', 4)"
"('camera calibration', 4)"
"('direct coupling', 4)"
"('acoustic emission', 4)"
"('ionotropic receptor', 4)"
"('mesh reflector', 4)"
"('plasmon resonance', 4)"
"('modulation classification', 4)"
"('courtship song', 4)"
"('growth rate', 4)"
"('microwave absorption', 4)"
"('tropical forest', 4)"
"('propagation measurement', 4)"
"('ground clutter', 4)"
"('structural analysis', 4)"
"('methyl eugenol', 4)"
"('building damage', 4)"
"('intraflagellar transport', 4)"
"('antenna diagnostics', 4)"
"('mmwave communication', 4)"
"('anastrepha ludens', 4)"
"('wireless standard', 4)"
"('frequency hopping', 4)"
"('yield estimation', 4)"
"('graph model', 4)"
"('dynamic response', 4)"
"('new family', 4)"
"('vibration control', 4)"
"('rosmarinic acid', 4)"
"('femtosecond laser', 4)"
"('geostationary satellite', 4)"
"('multispectral imagery', 4)"
"('performance characteristic', 4)"
"('scanning radar', 4)"
"('leakage current', 4)"
"('nash equilibrium', 4)"
"('trunk limb', 4)"
"('via hole', 4)"
"('infrared spectroscopy', 4)"
"('resource management', 4)"
"('deployable structure', 4)"
"('flight control', 4)"
"('new record', 4)"
"('constellation design', 4)"
"('helicon plasma', 4)"
"('multiple uavs', 4)"
"('halyomorpha halys', 4)"
"('impedance matrix', 4)"
"('ring resonator', 4)"
"('bactrocera minax', 4)"
"('red algae', 4)"
"('chlorogenic acid', 4)"
"('power management', 4)"
"('sheet resistance', 4)"
"('active metasurface', 4)"
"('form finding', 4)"
"('back lobe', 4)"
"('rectenna array', 4)"
"('radiofrequency ablation', 4)"
"('phase compensation', 4)"
"('circular slot', 4)"
"('deafness problem', 4)"
"('water table', 4)"
"('cooperative beamforming', 4)"
"('cell size', 4)"
"('elliptical slot', 4)"
"('aspect ratio', 4)"
"('3d model', 4)"
"('convolutional code', 4)"
"('electronic warfare', 4)"
"('decoupling structure', 4)"
"('surrogate modeling', 4)"
"('adaptive transmission', 4)"
"('electrical stimulation', 4)"
"('dielectric substrate', 4)"
"('quadrotor uav', 4)"
"('radio communication', 4)"
"('coherent detection', 4)"
"('rhopalosiphum padi', 4)"
"('coincidence imaging', 4)"
"('fuzzy controller', 4)"
"('superimposed pilot', 4)"
"('edge detection', 4)"
"('beam pattern', 4)"
"('unidirectional radiation', 4)"
"('sea clutter', 4)"
"('fundamental mode', 4)"
"('power gain', 4)"
"('polarimetric calibration', 4)"
"('truncated corner', 4)"
"('sensory receptor', 4)"
"('channel characterization', 4)"
"('cluster analysis', 4)"
"('thermal emission', 4)"
"('conjugate beamforming', 4)"
"('pulse shaping', 4)"
"('belief propagation', 4)"
"('aerial part', 4)"
"('systematic error', 4)"
"('electrically small', 4)"
"('plasma potential', 4)"
"('space debris', 4)"
"('matched feed', 4)"
"('titanium nitride', 4)"
"('parametric study', 4)"
"('integrated circuit', 4)"
"('carrier aggregation', 4)"
"('sensor node', 4)"
"('light intensity', 4)"
"('thick film', 4)"
"('koch curve', 4)"
"('array thinning', 4)"
"('trace element', 4)"
"('complementary antenna', 4)"
"('sequential rotation', 4)"
"('salicylic acid', 4)"
"('cognitive radar', 4)"
"('antenna polarization', 4)"
"('chloroplast development', 4)"
"('mesh antenna', 4)"
"('temperature rise', 4)"
"('sector antenna', 4)"
"('magnetic nanoparticles', 4)"
"('pattern distortion', 4)"
"('periodic array', 4)"
"('metal rim', 4)"
"('persian gulf', 4)"
"('perturbation method', 4)"
"('printed monopole', 4)"
"('feedback error', 4)"
"('field strength', 4)"
"('backscatter modulation', 4)"
"('aperture coupling', 4)"
"('analytical solution', 4)"
"('apis cerana', 4)"
"('3d printer', 4)"
"('signal alignment', 4)"
"('radiometric correction', 4)"
"('wave height', 4)"
"('parasitic loop', 4)"
"('hearing aid', 4)"
"('hybrid technique', 4)"
"('thin substrate', 4)"
"('distributed mimo', 4)"
"('conductive ink', 4)"
"('gallic acid', 4)"
"('semidefinite programming', 4)"
"('frequency tuning', 4)"
"('antenna structure', 4)"
"('side lobe', 4)"
"('electron temperature', 4)"
"('spice model', 4)"
"('conical horn', 4)"
"('electroless plating', 4)"
"('mode converter', 4)"
"('active learning', 4)"
"('temperature elevation', 4)"
"('opportunistic relaying', 4)"
"('doppler frequency', 4)"
"('experimental investigation', 4)"
"('capacitive coupling', 4)"
"('hybrid system', 4)"
"('sexual behavior', 4)"
"('tracking system', 4)"
"('air breakdown', 4)"
"('inductive coupling', 4)"
"('soft surface', 4)"
"('exact kernel', 4)"
"('light adaptation', 4)"
"('multilevel coding', 4)"
"('antenna spacing', 4)"
"('timing jitter', 4)"
"('coupling loss', 4)"
"('isoflux pattern', 4)"
"('fluorescence enhancement', 4)"
"('foraging behavior', 4)"
"('new guinea', 4)"
"('matrix pencil', 4)"
"('chip inductor', 4)"
"('widely linear', 4)"
"('training overhead', 4)"
"('notch antenna', 4)"
"('surface plasmon', 4)"
"('anisotropic substrate', 4)"
"('body effect', 4)"
"('slotted aloha', 4)"
"('frequency dispersion', 4)"
"('decoding complexity', 4)"
"('nezara viridula', 4)"
"('metallic surface', 4)"
"('faraday rotation', 4)"
"('24 ghz', 4)"
"('impedance method', 4)"
"('dielectric cover', 4)"
"('correlated fading', 4)"
"('effective length', 4)"
"('optical theorem', 4)"
"('broad beamwidth', 4)"
"('compound eye', 4)"
"('constellation rotation', 4)"
"('plasma parameter', 4)"
"('isoflux radiation', 4)"
"('occupational exposure', 4)"
"('design parameter', 4)"
"('acoustic antenna', 4)"
"('uwb system', 4)"
"('spherical wave', 4)"
"('aquatic insect', 4)"
"('automotive application', 4)"
"('optimal design', 4)"
"('exact solution', 4)"
"('gaussian distribution', 4)"
"('broadband characteristic', 4)"
"('acanthoscelides obtectus', 4)"
"('antennal morphology', 4)"
"('antenna complex', 4)"
"('power combiner', 4)"
"('x channel', 4)"
"('body shadowing', 4)"
"('vitamin c', 4)"
"('heading estimation', 4)"
"('multiantenna system', 4)"
"('frequency domain', 4)"
"('galerkin method', 4)"
"('intermodulation distortion', 4)"
"('sectorized antenna', 4)"
"('capacity loss', 4)"
"('radar facies', 4)"
"('wire medium', 4)"
"('array manifold', 4)"
"('tetradecyl acetate', 4)"
"('large bandwidth', 4)"
"('delayed feedback', 4)"
"('stomoxys calcitrans', 4)"
"('intergalactic medium', 4)"
"('langmuir probe', 4)"
"('active array', 4)"
"('satellite antenna', 4)"
"('sensilla coeloconica', 4)"
"('chromatic adaptation', 4)"
"('habitat use', 4)"
"('exposure assessment', 4)"
"('cost function', 4)"
"('wormhole attack', 4)"
"('pit tag', 4)"
"('plastoquinone pool', 4)"
"('courtship behavior', 4)"
"('american society', 4)"
"('hierarchical modulation', 4)"
"('codling moth', 4)"
"('sphere decoder', 4)"
"('intracellular recording', 4)"
"('thermal radiation', 4)"
"('coaxial waveguide', 4)"
"('quantized feedback', 4)"
"('loaded antenna', 4)"
"('coded cooperation', 4)"
"('cutoff rate', 4)"
"('chu limit', 4)"
"('packet combining', 4)"
"('aperiodic tiling', 4)"
"('benzoic acid', 4)"
"('phase retrieval', 4)"
"('eleven antenna', 4)"
"('impulse response', 4)"
"('spherical array', 4)"
"('low sidelobes', 4)"
"('usb dongle', 4)"
"('cell cycle', 4)"
"('gypsy moth', 4)"
"('transmission gain', 4)"
"('monopole slot', 4)"
"('fourier series', 4)"
"('direct wave', 4)"
"('contact pheromone', 4)"
"('choristoneura rosaceana', 4)"
"('methyl viologen', 4)"
"('conical scan', 4)"
"('glial cell', 4)"
"('signal transduction', 4)"
"('flight tunnel', 4)"
"('alarm pheromone', 4)"
"('antennal muscle', 4)"
"('fading correlation', 4)"
"('nervous system', 4)"
"('leakage characteristic', 4)"
"('radiation property', 4)"
"('nrd guide', 4)"
"('delayed luminescence', 4)"
"('differential detection', 4)"
"('photooxidative stress', 4)"
"('host discrimination', 4)"
"('mamestra brassicae', 4)"
"('spirulina platensis', 4)"
"('electron shading', 4)"
"('spokewise antenna', 4)"
"('imaginal disc', 4)"
"('cytochrome f', 4)"
"('trichoplusia ni', 4)"
"('agrotis segetum', 4)"
"('p ii', 4)"
"('intermittent light', 4)"
"('charge recombination', 4)"
"('scenedesmus obliquus', 4)"
"('fluorescence polarization', 4)"
"('chloroflexus aurantiacus', 4)"
"('triplet state', 4)"
"('residual stress', 3)"
"('guidance law', 3)"
"('nonlinear system', 3)"
"('conflict resolution', 3)"
"('depth estimation', 3)"
"('metaheuristic algorithm', 3)"
"('galleria mellonella', 3)"
"('distributed control', 3)"
"('lanthanide complex', 3)"
"('global optimization', 3)"
"('geometric accuracy', 3)"
"('airborne lidar', 3)"
"('vegetation coverage', 3)"
"('penetration depth', 3)"
"('handheld device', 3)"
"('kinematic analysis', 3)"
"('mechanical antenna', 3)"
"('contract theory', 3)"
"('frequency spectrum', 3)"
"('asphalt pavement', 3)"
"('antenna scheduling', 3)"
"('bioheat equation', 3)"
"('ectropis obliqua', 3)"
"('flapping wing', 3)"
"('homography transformation', 3)"
"('snap bean', 3)"
"('apple orchard', 3)"
"('embroidered antenna', 3)"
"('instance segmentation', 3)"
"('plasma wave', 3)"
"('induced current', 3)"
"('natural enemy', 3)"
"('charging station', 3)"
"('digital twin', 3)"
"('passive beamforming', 3)"
"('evanescent wave', 3)"
"('cutoff frequency', 3)"
"('microwave readout', 3)"
"('diversity parameter', 3)"
"('thermal imaging', 3)"
"('power balance', 3)"
"('morphometric analysis', 3)"
"('multiuser interference', 3)"
"('timing offset', 3)"
"('motion planning', 3)"
"('predictor antenna', 3)"
"('rf combining', 3)"
"('dc combining', 3)"
"('aerial video', 3)"
"('even mode', 3)"
"('higher mode', 3)"
"('vector field', 3)"
"('blocking matrix', 3)"
"('user fairness', 3)"
"('meander antenna', 3)"
"('fresnel lens', 3)"
"('objective function', 3)"
"('larval instar', 3)"
"('atmospheric pressure', 3)"
"('josephson junction', 3)"
"('south korea', 3)"
"('induced voltage', 3)"
"('em algorithm', 3)"
"('gielis formula', 3)"
"('path gain', 3)"
"('short pulse', 3)"
"('droplet size', 3)"
"('column generation', 3)"
"('18 rdna', 3)"
"('inner magnetosphere', 3)"
"('pifa antenna', 3)"
"('sweet potato', 3)"
"('beam synthesis', 3)"
"('compressive strength', 3)"
"('chlorophyll content', 3)"
"('fog computing', 3)"
"('network slicing', 3)"
"('waggle dance', 3)"
"('beam misalignment', 3)"
"('pid controller', 3)"
"('user cooperation', 3)"
"('computation efficiency', 3)"
"('human tissue', 3)"
"('chemical potential', 3)"
"('phragmites australis', 3)"
"('natural gas', 3)"
"('snow density', 3)"
"('hong kong', 3)"
"('holotrichia parallela', 3)"
"('cylindrical surface', 3)"
"('degenerated mode', 3)"
"('source number', 3)"
"('dielectric characterization', 3)"
"('thz communication', 3)"
"('dielectric superstrate', 3)"
"('broadband matching', 3)"
"('network connectivity', 3)"
"('bank erosion', 3)"
"('ceramic composite', 3)"
"('passive eavesdropper', 3)"
"('incomplete information', 3)"
"('spin pumping', 3)"
"('matrix completion', 3)"
"('slotted waveguide', 3)"
"('particulate matter', 3)"
"('channel tracking', 3)"
"('relative localization', 3)"
"('hyperspectral imagery', 3)"
"('slow wave', 3)"
"('triangular slot', 3)"
"('pedestrian detection', 3)"
"('aerial camera', 3)"
"('spectrum allocation', 3)"
"('aperture illumination', 3)"
"('dispersion engineering', 3)"
"('thz imaging', 3)"
"('velocity vector', 3)"
"('reinforced concrete', 3)"
"('pigment composition', 3)"
"('population density', 3)"
"('antifungal activity', 3)"
"('image retrieval', 3)"
"('spherical wavefront', 3)"
"('cooperative relaying', 3)"
"('high sensitivity', 3)"
"('computational imaging', 3)"
"('canopy temperature', 3)"
"('sodium borohydride', 3)"
"('spectrum analyzer', 3)"
"('dynamic process', 3)"
"('balanced antenna', 3)"
"('polarization rotator', 3)"
"('space target', 3)"
"('repellent activity', 3)"
"('forest health', 3)"
"('wheeler method', 3)"
"('pilot signal', 3)"
"('coaxial probe', 3)"
"('image resolution', 3)"
"('handover rate', 3)"
"('hydraulic conductivity', 3)"
"('bactrocera tryoni', 3)"
"('transmission power', 3)"
"('directional radiation', 3)"
"('virtual reality', 3)"
"('image stitching', 3)"
"('triangular patch', 3)"
"('coordinated multipoint', 3)"
"('microwave band', 3)"
"('allan variance', 3)"
"('street tree', 3)"
"('antenna grouping', 3)"
"('cross dipole', 3)"
"('marine radar', 3)"
"('holographic antenna', 3)"
"('sparse recovery', 3)"
"('reading distance', 3)"
"('symbiotic radio', 3)"
"('load modulation', 3)"
"('lc resonator', 3)"
"('target recognition', 3)"
"('partial csit', 3)"
"('task assignment', 3)"
"('small uav', 3)"
"('triboelectric nanogenerator', 3)"
"('array theory', 3)"
"('performance measure', 3)"
"('unlicensed spectrum', 3)"
"('solar radiation', 3)"
"('unmanned aircraft', 3)"
"('radiation belt', 3)"
"('channel extrapolation', 3)"
"('spatial location', 3)"
"('geometric feature', 3)"
"('physical layer', 3)"
"('microwave discharge', 3)"
"('great lake', 3)"
"('slope stability', 3)"
"('dft calculation', 3)"
"('blind identification', 3)"
"('conductive thread', 3)"
"('propagation model', 3)"
"('frequency estimation', 3)"
"('road segmentation', 3)"
"('cellular automaton', 3)"
"('monopulse comparator', 3)"
"('dynamic environment', 3)"
"('image fusion', 3)"
"('cmos technology', 3)"
"('stepped slot', 3)"
"('total efficiency', 3)"
"('optical emission', 3)"
"('radon transform', 3)"
"('glandular tissue', 3)"
"('beampattern synthesis', 3)"
"('shape control', 3)"
"('vector modulator', 3)"
"('potential game', 3)"
"('multilayer perceptron', 3)"
"('shorting wall', 3)"
"('safe landing', 3)"
"('temperature gradient', 3)"
"('beamforming antenna', 3)"
"('photonic antenna', 3)"
"('orthogonal mode', 3)"
"('tikhonov regularization', 3)"
"('radiation loss', 3)"
"('stair matrix', 3)"
"('data rate', 3)"
"('imaging algorithm', 3)"
"('mutual interference', 3)"
"('access point', 3)"
"('riparian vegetation', 3)"
"('thermal image', 3)"
"('polarization multiplexing', 3)"
"('multiple scattering', 3)"
"('30 ghz', 3)"
"('surface tension', 3)"
"('passive radar', 3)"
"('phase unwrapping', 3)"
"('quantum emitter', 3)"
"('system ground', 3)"
"('ip subelongatus', 3)"
"('test site', 3)"
"('structural optimization', 3)"
"('visual servoing', 3)"
"('cold stress', 3)"
"('electrical performance', 3)"
"('bldc motor', 3)"
"('damage detection', 3)"
"('feature matching', 3)"
"('helicon wave', 3)"
"('reactive loading', 3)"
"('rcs reduction', 3)"
"('geometric optic', 3)"
"('mutual authentication', 3)"
"('carbon fixation', 3)"
"('near space', 3)"
"('position estimation', 3)"
"('brain tumor', 3)"
"('internal resonance', 3)"
"('joint decoding', 3)"
"('narrow beam', 3)"
"('buried pipe', 3)"
"('coastal area', 3)"
"('high mobility', 3)"
"('cooperative localization', 3)"
"('texture analysis', 3)"
"('coastal dune', 3)"
"('electrical engineering', 3)"
"('diversity sum', 3)"
"('content caching', 3)"
"('burn severity', 3)"
"('internal wave', 3)"
"('image rejection', 3)"
"('fire severity', 3)"
"('delay line', 3)"
"('traffic monitoring', 3)"
"('dynamic characteristic', 3)"
"('flight dynamic', 3)"
"('coordination polymer', 3)"
"('estimation accuracy', 3)"
"('polarization reconfiguration', 3)"
"('multicore fiber', 3)"
"('coupling resistance', 3)"
"('wide beam', 3)"
"('hydrogen peroxide', 3)"
"('rill erosion', 3)"
"('internal structure', 3)"
"('railway ballast', 3)"
"('metal plate', 3)"
"('mating flight', 3)"
"('smart textile', 3)"
"('digital camera', 3)"
"('frequency response', 3)"
"('precision viticulture', 3)"
"('beamforming optimization', 3)"
"('plasma processing', 3)"
"('biological tissue', 3)"
"('silicon lens', 3)"
"('raman scattering', 3)"
"('task scheduling', 3)"
"('smart meter', 3)"
"('vitamin e', 3)"
"('synthetic aperture', 3)"
"('fault tolerance', 3)"
"('blind beamforming', 3)"
"('metamaterial absorber', 3)"
"('surface temperature', 3)"
"('decision fusion', 3)"
"('metal strip', 3)"
"('moving object', 3)"
"('gall midge', 3)"
"('mode transition', 3)"
"('site diversity', 3)"
"('time window', 3)"
"('electromagnetic property', 3)"
"('chromatic acclimation', 3)"
"('manifold learning', 3)"
"('sitodiplosis mosellana', 3)"
"('polyimide aerogels', 3)"
"('double difference', 3)"
"('sediment connectivity', 3)"
"('binary array', 3)"
"('transmitting antenna', 3)"
"('sensory organ', 3)"
"('molecular communication', 3)"
"('doppler centroid', 3)"
"('unmanned helicopter', 3)"
"('deformation measurement', 3)"
"('path following', 3)"
"('arbitrary surface', 3)"
"('multilayer substrate', 3)"
"('favorable propagation', 3)"
"('circular polarized', 3)"
"('energy detector', 3)"
"('cosmological parameter', 3)"
"('cooperative target', 3)"
"('feature fusion', 3)"
"('antenna optimization', 3)"
"('absorbing material', 3)"
"('range resolution', 3)"
"('thermal expansion', 3)"
"('wireless interrogation', 3)"
"('new tribe', 3)"
"('tape spring', 3)"
"('airborne network', 3)"
"('conformal mapping', 3)"
"('multivariate analysis', 3)"
"('orthogonal code', 3)"
"('theoretical analysis', 3)"
"('wohlfahrtia magnifica', 3)"
"('jaya algorithm', 3)"
"('capsule network', 3)"
"('phytophthora infestans', 3)"
"('miniature antenna', 3)"
"('queueing theory', 3)"
"('feature point', 3)"
"('gaussian process', 3)"
"('optical force', 3)"
"('electromagnetic heating', 3)"
"('complementary code', 3)"
"('aerial platform', 3)"
"('unsteady aerodynamics', 3)"
"('medical imaging', 3)"
"('system throughput', 3)"
"('glutamate dehydrogenase', 3)"
"('channel identification', 3)"
"('glioblastoma multiforme', 3)"
"('pieris rapae', 3)"
"('bandwidth ratio', 3)"
"('hypersonic vehicle', 3)"
"('optical transparency', 3)"
"('electromagnetic analysis', 3)"
"('array gain', 3)"
"('obstacle detection', 3)"
"('embryonic development', 3)"
"('maruca vitrata', 3)"
"('black phosphorus', 3)"
"('admission control', 3)"
"('pattern recognition', 3)"
"('bradysia odoriphaga', 3)"
"('distributed algorithm', 3)"
"('electromagnetic pulse', 3)"
"('time allocation', 3)"
"('throughput maximization', 3)"
"('robust optimization', 3)"
"('fuzzy system', 3)"
"('vegetation cover', 3)"
"('complex network', 3)"
"('harmonic generation', 3)"
"('corporate feed', 3)"
"('signal separation', 3)"
"('noise source', 3)"
"('white noise', 3)"
"('improper signaling', 3)"
"('antenna characterization', 3)"
"('data transmission', 3)"
"('machine vision', 3)"
"('wlan application', 3)"
"('phase imbalance', 3)"
"('user equipment', 3)"
"('polarization modulator', 3)"
"('feed line', 3)"
"('network planning', 3)"
"('oblique incidence', 3)"
"('video coding', 3)"
"('plasma frequency', 3)"
"('robotic arm', 3)"
"('single snapshot', 3)"
"('distributed po', 3)"
"('icrf heating', 3)"
"('thermal load', 3)"
"('water antenna', 3)"
"('textile material', 3)"
"('elliptical patch', 3)"
"('plasma focus', 3)"
"('3d modeling', 3)"
"('dimension scaling', 3)"
"('nonground portion', 3)"
"('electromagnetic pollution', 3)"
"('glass substrate', 3)"
"('taylor expansion', 3)"
"('location estimation', 3)"
"('hf software', 3)"
"('error propagation', 3)"
"('isolation structure', 3)"
"('dimension reduction', 3)"
"('38 ghz', 3)"
"('position error', 3)"
"('communication constraint', 3)"
"('relative positioning', 3)"
"('channel equalization', 3)"
"('synergistic effect', 3)"
"('receiver diversity', 3)"
"('dna damage', 3)"
"('radio detection', 3)"
"('optimal path', 3)"
"('flocking control', 3)"
"('laser scanner', 3)"
"('geophysical survey', 3)"
"('target location', 3)"
"('cable net', 3)"
"('biomass production', 3)"
"('plasmonic nanoantenna', 3)"
"('blood pressure', 3)"
"('optical fiber', 3)"
"('tag sensitivity', 3)"
"('feature selection', 3)"
"('fountain code', 3)"
"('gravity field', 3)"
"('ultrawideband application', 3)"
"('thz radiation', 3)"
"('subspace projection', 3)"
"('dynamic stability', 3)"
"('empirical formula', 3)"
"('bandstop filter', 3)"
"('rician channel', 3)"
"('host plant', 3)"
"('pinus radiata', 3)"
"('environmental condition', 3)"
"('perturbation theory', 3)"
"('enhanced bandwidth', 3)"
"('oil spill', 3)"
"('action spectrum', 3)"
"('skin depth', 3)"
"('artificial photosynthesis', 3)"
"('parabolic reflector', 3)"
"('graphene antenna', 3)"
"('anopheles sinensis', 3)"
"('correlation function', 3)"
"('eavesdropping attack', 3)"
"('sparse coding', 3)"
"('radiation performance', 3)"
"('precision farming', 3)"
"('coal mine', 3)"
"('channel emulation', 3)"
"('interference model', 3)"
"('computational intelligence', 3)"
"('cylindrical cavity', 3)"
"('ergodic throughput', 3)"
"('goubau line', 3)"
"('code rate', 3)"
"('feeding structure', 3)"
"('dual resonance', 3)"
"('complex environment', 3)"
"('lake erie', 3)"
"('homeotic transformation', 3)"
"('mimo relay', 3)"
"('expression pattern', 3)"
"('convergence rate', 3)"
"('euclidean distance', 3)"
"('antenna configuration', 3)"
"('daphnia pulex', 3)"
"('coalition formation', 3)"
"('bistatic scattering', 3)"
"('gps receiver', 3)"
"('spatial domain', 3)"
"('twist symmetry', 3)"
"('wearable application', 3)"
"('power pattern', 3)"
"('dielectric rod', 3)"
"('propagation delay', 3)"
"('special function', 3)"
"('sampling point', 3)"
"('street canyon', 3)"
"('terminal antenna', 3)"
"('convex programming', 3)"
"('anomalous refraction', 3)"
"('magnetic conductor', 3)"
"('channel training', 3)"
"('droplet deposition', 3)"
"('capsule antenna', 3)"
"('pointing accuracy', 3)"
"('cytochrome p450', 3)"
"('spatial feature', 3)"
"('fractal structure', 3)"
"('streptomyces coelicolor', 3)"
"('gas sensor', 3)"
"('icrf antenna', 3)"
"('chordal distance', 3)"
"('hybrid architecture', 3)"
"('thermal analysis', 3)"
"('beacon antenna', 3)"
"('aerial oxidation', 3)"
"('capacitive sensor', 3)"
"('spatial reuse', 3)"
"('sensor array', 3)"
"('propagator method', 3)"
"('deformation monitoring', 3)"
"('radiating structure', 3)"
"('situational awareness', 3)"
"('spatial consistency', 3)"
"('network throughput', 3)"
"('stacked structure', 3)"
"('lc sensor', 3)"
"('factor graph', 3)"
"('blood flow', 3)"
"('radiated field', 3)"
"('stepped leader', 3)"
"('patch array', 3)"
"('correlation filter', 3)"
"('ross sea', 3)"
"('fixed service', 3)"
"('wide band', 3)"
"('distributed estimation', 3)"
"('codebook design', 3)"
"('psbs protein', 3)"
"('spiral inductor', 3)"
"('phantom head', 3)"
"('cable network', 3)"
"('transparent device', 3)"
"('dark mode', 3)"
"('radiated power', 3)"
"('sybil attack', 3)"
"('blind spot', 3)"
"('pilot assignment', 3)"
"('rescue procedure', 3)"
"('conformational change', 3)"
"('spatial smoothing', 3)"
"('coherent source', 3)"
"('reference signal', 3)"
"('host recognition', 3)"
"('vector potential', 3)"
"('dielectric antenna', 3)"
"('temporal resolution', 3)"
"('microplitis mediator', 3)"
"('space robot', 3)"
"('rate region', 3)"
"('selaginella martensii', 3)"
"('sierpinski gasket', 3)"
"('stretchable electronics', 3)"
"('smith chart', 3)"
"('microwave absorber', 3)"
"('lobesia botrana', 3)"
"('defected ground', 3)"
"('multiband application', 3)"
"('dust impact', 3)"
"('nestmate recognition', 3)"
"('sediment transport', 3)"
"('wind wave', 3)"
"('collision detection', 3)"
"('multicast communication', 3)"
"('antennal disc', 3)"
"('electrophysiological response', 3)"
"('error analysis', 3)"
"('macrobrachium rosenbergii', 3)"
"('liquid chromatography', 3)"
"('amino acid', 3)"
"('passive mixer', 3)"
"('satellite telemetry', 3)"
"('beaufort sea', 3)"
"('sweat duct', 3)"
"('experimental validation', 3)"
"('cholesky decomposition', 3)"
"('carbon dot', 3)"
"('hii region', 3)"
"('autocorrelation function', 3)"
"('global analysis', 3)"
"('parallel imaging', 3)"
"('feedback rate', 3)"
"('impedance measurement', 3)"
"('directional communication', 3)"
"('quantum efficiency', 3)"
"('coaxial feed', 3)"
"('coherent processing', 3)"
"('blood vessel', 3)"
"('direction estimation', 3)"
"('outdated csi', 3)"
"('real time', 3)"
"('magnetic core', 3)"
"('rf signal', 3)"
"('angular coordinate', 3)"
"('tuning range', 3)"
"('nested array', 3)"
"('body loss', 3)"
"('polarization rotation', 3)"
"('aperiodic array', 3)"
"('athetis lepigone', 3)"
"('signal attenuation', 3)"
"('injection locking', 3)"
"('element failure', 3)"
"('multiuser communication', 3)"
"('helicon discharge', 3)"
"('labial gland', 3)"
"('relay beamforming', 3)"
"('beam direction', 3)"
"('waveguide antenna', 3)"
"('rotational symmetry', 3)"
"('thermal dissipation', 3)"
"('pareto boundary', 3)"
"('southern china', 3)"
"('superposition coding', 3)"
"('drain current', 3)"
"('field experiment', 3)"
"('south america', 3)"
"('multiple relay', 3)"
"('instantaneous relay', 3)"
"('notch filter', 3)"
"('ic tag', 3)"
"('turbo receiver', 3)"
"('confocal microscopy', 3)"
"('fish behavior', 3)"
"('overloaded mimo', 3)"
"('rayleigh channel', 3)"
"('weighting error', 3)"
"('edge effect', 3)"
"('biogenic amine', 3)"
"('dark matter', 3)"
"('activity recognition', 3)"
"('sri lanka', 3)"
"('dynamic clustering', 3)"
"('sexual reproduction', 3)"
"('entomopathogenic fungi', 3)"
"('high power', 3)"
"('wheeler cap', 3)"
"('host preference', 3)"
"('taiwan strait', 3)"
"('astacus leptodactylus', 3)"
"('fading emulator', 3)"
"('delay constraint', 3)"
"('orthogonal projection', 3)"
"('antenna positioning', 3)"
"('oil sand', 3)"
"('body dynamic', 3)"
"('signal subspace', 3)"
"('buried antenna', 3)"
"('square ring', 3)"
"('ion thruster', 3)"
"('forensic entomology', 3)"
"('mimo detection', 3)"
"('link scheduling', 3)"
"('snr gain', 3)"
"('radar polarimetry', 3)"
"('octave bandwidth', 3)"
"('subcarrier grouping', 3)"
"('temperature increase', 3)"
"('interstellar dust', 3)"
"('discone antenna', 3)"
"('morphing wing', 3)"
"('transceiver design', 3)"
"('superficial hyperthermia', 3)"
"('statistical modeling', 3)"
"('guided wave', 3)"
"('vertical sectorization', 3)"
"('temperature measurement', 3)"
"('stewart platform', 3)"
"('head imaging', 3)"
"('daphnia carinata', 3)"
"('charge transfer', 3)"
"('rotary joint', 3)"
"('multiband operation', 3)"
"('charge pump', 3)"
"('collocated antenna', 3)"
"('piezoelectric transducer', 3)"
"('sensilla placodea', 3)"
"('hexyl butyrate', 3)"
"('thin wire', 3)"
"('plodia interpunctella', 3)"
"('molecular biology', 3)"
"('central italy', 3)"
"('adjoint sensitivity', 3)"
"('room temperature', 3)"
"('born approximation', 3)"
"('stink bug', 3)"
"('gamma 10', 3)"
"('resistive sheet', 3)"
"('dimethyl trisulfide', 3)"
"('stretch factor', 3)"
"('lower cretaceous', 3)"
"('capacitance matrix', 3)"
"('information leakage', 3)"
"('gene expression', 3)"
"('gaussian approximation', 3)"
"('pulsed radar', 3)"
"('mimo channel', 3)"
"('lm algorithm', 3)"
"('blast furnace', 3)"
"('subspace method', 3)"
"('directional emission', 3)"
"('link capacity', 3)"
"('aperture field', 3)"
"('multiuser scheduling', 3)"
"('tensor modeling', 3)"
"('noise coupling', 3)"
"('effective height', 3)"
"('langmuir wave', 3)"
"('user capacity', 3)"
"('antenna q', 3)"
"('agrilus planipennis', 3)"
"('beet armyworm', 3)"
"('host location', 3)"
"('statistical analysis', 3)"
"('rfid application', 3)"
"('batocera horsfieldi', 3)"
"('boresight error', 3)"
"('genetic programming', 3)"
"('gain measurement', 3)"
"('blackbody radiation', 3)"
"('pisum sativum', 3)"
"('bukit bunuh', 3)"
"('rfid technology', 3)"
"('evolutionary programming', 3)"
"('optical transformation', 3)"
"('threshold voltage', 3)"
"('lithium niobate', 3)"
"('energy migration', 3)"
"('acheta domesticus', 3)"
"('cochliomyia hominivorax', 3)"
"('surface treatment', 3)"
"('ask demodulator', 3)"
"('canary island', 3)"
"('dispersive medium', 3)"
"('microstrip circuit', 3)"
"('reconfigurable array', 3)"
"('ml detection', 3)"
"('switching rate', 3)"
"('nonvanishing determinant', 3)"
"('spherical scanning', 3)"
"('larval morphology', 3)"
"('meandering technique', 3)"
"('afrotropical region', 3)"
"('intercalary segment', 3)"
"('maximal rate', 3)"
"('300 ghz', 3)"
"('metal detector', 3)"
"('hilbert transform', 3)"
"('buried object', 3)"
"('ursus arctos', 3)"
"('inner mongolia', 3)"
"('shaped reflector', 3)"
"('covariance feedback', 3)"
"('beamforming network', 3)"
"('input admittance', 3)"
"('insect brain', 3)"
"('electrical model', 3)"
"('hand effect', 3)"
"('selective diversity', 3)"
"('conversion gain', 3)"
"('lossy medium', 3)"
"('numerical technique', 3)"
"('frequency dependence', 3)"
"('error exponent', 3)"
"('successive decoding', 3)"
"('channel inversion', 3)"
"('swietenia macrophylla', 3)"
"('earth station', 3)"
"('tropospheric delay', 3)"
"('tla1 gene', 3)"
"('local sar', 3)"
"('switching noise', 3)"
"('coupling element', 3)"
"('radiofrequency radiation', 3)"
"('transport capacity', 3)"
"('panulirus argus', 3)"
"('loss resistance', 3)"
"('antenna parameter', 3)"
"('remote antenna', 3)"
"('integration time', 3)"
"('heliothis subflexa', 3)"
"('spread spectrum', 3)"
"('fmo protein', 3)"
"('majorization theory', 3)"
"('chaga disease', 3)"
"('chernoff bound', 3)"
"('expected complexity', 3)"
"('time constant', 3)"
"('blind equalization', 3)"
"('sex ratio', 3)"
"('packet scheduling', 3)"
"('tornquist zone', 3)"
"('gtem cell', 3)"
"('congestion control', 3)"
"('fluorescence lifetime', 3)"
"('light acclimation', 3)"
"('borehole antenna', 3)"
"('gaas substrate', 3)"
"('dihedral angle', 3)"
"('noncoherent detection', 3)"
"('parametric modeling', 3)"
"('common mode', 3)"
"('borehole radar', 3)"
"('sphere packing', 3)"
"('angular resolution', 3)"
"('design criterion', 3)"
"('base jumping', 3)"
"('time modulation', 3)"
"('sesamia nonagrioides', 3)"
"('speckle filtering', 3)"
"('chase combining', 3)"
"('dc resistivity', 3)"
"('volcanic tremor', 3)"
"('green bacteria', 3)"
"('code acquisition', 3)"
"('kinetic inductance', 3)"
"('diversity technique', 3)"
"('motor neuron', 3)"
"('noncoherent communication', 3)"
"('brassica napu', 3)"
"('distance spectrum', 3)"
"('quartz substrate', 3)"
"('ground beetle', 3)"
"('auxiliary source', 3)"
"('excitation transfer', 3)"
"('argyrotaenia velutinana', 3)"
"('orthogonal method', 3)"
"('link loss', 3)"
"('ip pini', 3)"
"('maxwellian circuit', 3)"
"('space environment', 3)"
"('human exposure', 3)"
"('dielectric slab', 3)"
"('bryopsis maximum', 3)"
"('diversity reception', 3)"
"('transient radiation', 3)"
"('oviposition behaviour', 3)"
"('cotesia glomerata', 3)"
"('multimode waveguide', 3)"
"('brevicoryne brassicae', 3)"
"('asellus aquaticus', 3)"
"('transmitter diversity', 3)"
"('saw filter', 3)"
"('delay estimation', 3)"
"('tunable pifa', 3)"
"('turbo coding', 3)"
"('chordotonal organ', 3)"
"('multicode cdma', 3)"
"('absorption band', 3)"
"('triatoma infestans', 3)"
"('phase conjugation', 3)"
"('phorodon humuli', 3)"
"('pulse radiation', 3)"
"('energy trapping', 3)"
"('radiation q', 3)"
"('fluorescence yield', 3)"
"('antenna chlorophyll', 3)"
"('groove guide', 3)"
"('excitation energy', 3)"
"('cabbage looper', 3)"
"('antheraea polyphemus', 3)"
"('rhodobacter capsulatus', 3)"
"('major component', 3)"
"('mastigocladus laminosus', 3)"
"('insertion depth', 3)"
"('nonsinusoidal wave', 3)"
"('photosynthetic membrane', 3)"
"('rhodopseudomonas capsulata', 3)"
"('food chain', 2)"
"('black carbon', 2)"
"('cold sintering', 2)"
"('secure transmission', 2)"
"('combustion characteristic', 2)"
"('transcription factor', 2)"
"('saturation magnetization', 2)"
"('calibration matrix', 2)"
"('phenotypic plasticity', 2)"
"('autonomous uav', 2)"
"('pretension design', 2)"
"('combline antenna', 2)"
"('isotropic antenna', 2)"
"('ecological restoration', 2)"
"('importance measure', 2)"
"('fibonacci series', 2)"
"('uav routing', 2)"
"('turnstile antenna', 2)"
"('wave climate', 2)"
"('temperature uniformity', 2)"
"('electrical resistivity', 2)"
"('jerusalem artichoke', 2)"
"('olfactory sensitivity', 2)"
"('gustatory sensilla', 2)"
"('crossed slot', 2)"
"('nitrogen metabolism', 2)"
"('broadside pattern', 2)"
"('long endurance', 2)"
"('physical attack', 2)"
"('image texture', 2)"
"('stepwise regression', 2)"
"('early detection', 2)"
"('flash flood', 2)"
"('cylas formicarius', 2)"
"('actuator dynamic', 2)"
"('response feature', 2)"
"('sodic soil', 2)"
"('leaf litter', 2)"
"('individual tree', 2)"
"('rice yield', 2)"
"('sfcw radar', 2)"
"('miso channel', 2)"
"('buried asset', 2)"
"('hyperbolic metamaterials', 2)"
"('multiple source', 2)"
"('statistical property', 2)"
"('tuta absoluta', 2)"
"('bargaining game', 2)"
"('vehicle network', 2)"
"('cancer detection', 2)"
"('material classification', 2)"
"('fissure swarm', 2)"
"('drone forensics', 2)"
"('uav relay', 2)"
"('plant growth', 2)"
"('terahertz application', 2)"
"('north america', 2)"
"('interdigitated electrode', 2)"
"('bp network', 2)"
"('smart farming', 2)"
"('uav video', 2)"
"('image velocimetry', 2)"
"('hyperspectral imaging', 2)"
"('road detection', 2)"
"('growth curve', 2)"
"('video streaming', 2)"
"('interleaved scheme', 2)"
"('gustatory sense', 2)"
"('interference constraint', 2)"
"('gully mapping', 2)"
"('effective rate', 2)"
"('flexural strength', 2)"
"('experimental measurement', 2)"
"('mushroom structure', 2)"
"('ssk modulation', 2)"
"('lagrangian optimization', 2)"
"('chipless rfid', 2)"
"('field phenotyping', 2)"
"('rgb image', 2)"
"('harmonia axyridis', 2)"
"('purcell effect', 2)"
"('spatial dispersion', 2)"
"('system reliability', 2)"
"('mutual inductance', 2)"
"('multicast transmission', 2)"
"('landslide inventory', 2)"
"('multifunctional beam', 2)"
"('measurement system', 2)"
"('odd mode', 2)"
"('swarm uavs', 2)"
"('aphis glycine', 2)"
"('carbon steel', 2)"
"('archaeological prospection', 2)"
"('spectral index', 2)"
"('primary ciliogenesis', 2)"
"('vegetation mapping', 2)"
"('uav control', 2)"
"('autonomous drone', 2)"
"('fine morphology', 2)"
"('solar absorptance', 2)"
"('glucose sensor', 2)"
"('lake superior', 2)"
"('buffalo reef', 2)"
"('texture feature', 2)"
"('spatial variability', 2)"
"('precision irrigation', 2)"
"('transformable quadrotor', 2)"
"('communication blackout', 2)"
"('frequency tunability', 2)"
"('rectification efficiency', 2)"
"('defective ground', 2)"
"('uav placement', 2)"
"('capon beamformer', 2)"
"('choke structure', 2)"
"('atomic norm', 2)"
"('silicon nitride', 2)"
"('seasonal variation', 2)"
"('obstacle recognition', 2)"
"('spectrum utilization', 2)"
"('coordinate transformation', 2)"
"('optical chirality', 2)"
"('fourier transformation', 2)"
"('organic farming', 2)"
"('patagonian andes', 2)"
"('purcell factor', 2)"
"('beam profiling', 2)"
"('mmwave band', 2)"
"('aquatic vegetation', 2)"
"('skin cancer', 2)"
"('coastal evolution', 2)"
"('caspian sea', 2)"
"('information entropy', 2)"
"('heat flux', 2)"
"('pilot pattern', 2)"
"('wind gust', 2)"
"('cross strip', 2)"
"('uav cinematography', 2)"
"('friis equation', 2)"
"('scaled model', 2)"
"('data dissemination', 2)"
"('water oxidation', 2)"
"('hyperthermia therapy', 2)"
"('septum antenna', 2)"
"('ingestible capsule', 2)"
"('tumor vascularization', 2)"
"('rf impairment', 2)"
"('organic acid', 2)"
"('beam control', 2)"
"('malignant tissue', 2)"
"('rotational temperature', 2)"
"('gas detection', 2)"
"('spatial arrangement', 2)"
"('dual antenna', 2)"
"('visual odometry', 2)"
"('railway track', 2)"
"('frequency characteristic', 2)"
"('secondary forest', 2)"
"('scintillation detector', 2)"
"('bronze age', 2)"
"('training data', 2)"
"('crop classification', 2)"
"('human identification', 2)"
"('textile substrate', 2)"
"('index coding', 2)"
"('plasma property', 2)"
"('manchester encoding', 2)"
"('body blockage', 2)"
"('reverberation time', 2)"
"('broadband response', 2)"
"('performance enhancement', 2)"
"('river regulation', 2)"
"('operational parameter', 2)"
"('transportation environment', 2)"
"('vacuum brazing', 2)"
"('stretch processing', 2)"
"('impulse radiator', 2)"
"('slope damage', 2)"
"('parallel mechanism', 2)"
"('informal settlement', 2)"
"('correlated signal', 2)"
"('metallic enclosure', 2)"
"('quantum computing', 2)"
"('stereo vision', 2)"
"('dubins vehicle', 2)"
"('pheromone receptor', 2)"
"('single molecule', 2)"
"('mud crab', 2)"
"('eucryptorrhynchus scrobiculatus', 2)"
"('early diagnosis', 2)"
"('tethered balloon', 2)"
"('independent control', 2)"
"('phase reconstruction', 2)"
"('hyperspectral data', 2)"
"('loss function', 2)"
"('thermal infrared', 2)"
"('26 ghz', 2)"
"('data compression', 2)"
"('qr code', 2)"
"('compliance assessment', 2)"
"('airy beam', 2)"
"('field survey', 2)"
"('antenna booster', 2)"
"('distance measurement', 2)"
"('state constraint', 2)"
"('decentralized network', 2)"
"('monopulse signal', 2)"
"('artemisia dracunculus', 2)"
"('cooperative mission', 2)"
"('sagnac loop', 2)"
"('underground mining', 2)"
"('siw cavity', 2)"
"('polarization purity', 2)"
"('uav detection', 2)"
"('fan beam', 2)"
"('brewster effect', 2)"
"('anisotropic material', 2)"
"('kronecker product', 2)"
"('directional beamforming', 2)"
"('noise subspace', 2)"
"('sensor antenna', 2)"
"('solitary bee', 2)"
"('macrocentrus cingulum', 2)"
"('levy flight', 2)"
"('thermal distortion', 2)"
"('uav tracking', 2)"
"('cellular band', 2)"
"('space weather', 2)"
"('jinsha river', 2)"
"('agricultural monitoring', 2)"
"('communication channel', 2)"
"('insulator detection', 2)"
"('optimization technique', 2)"
"('guidance system', 2)"
"('spoofing attack', 2)"
"('steepest descent', 2)"
"('transmission delay', 2)"
"('smart metering', 2)"
"('vertical structure', 2)"
"('hybrid metasurface', 2)"
"('intensity correction', 2)"
"('beam deflection', 2)"
"('manifold optimization', 2)"
"('mim diode', 2)"
"('aerial user', 2)"
"('optical communication', 2)"
"('biomedical telemetry', 2)"
"('steep slope', 2)"
"('tenuazonic acid', 2)"
"('metarhizium acridum', 2)"
"('ground truth', 2)"
"('vertical service', 2)"
"('space vehicle', 2)"
"('nitrogen starvation', 2)"
"('land subsidence', 2)"
"('simulation modeling', 2)"
"('alternative optimization', 2)"
"('energy density', 2)"
"('crown diameter', 2)"
"('antenna decoupling', 2)"
"('rotational antenna', 2)"
"('droplet movement', 2)"
"('linear regression', 2)"
"('oblique photogrammetry', 2)"
"('scattering cancellation', 2)"
"('wild bee', 2)"
"('rgb camera', 2)"
"('formation reconfiguration', 2)"
"('environmental filtering', 2)"
"('mtt assay', 2)"
"('nacl solution', 2)"
"('activation energy', 2)"
"('strong interference', 2)"
"('large antenna', 2)"
"('galerkin procedure', 2)"
"('electromagnetic shielding', 2)"
"('joubert syndrome', 2)"
"('planetary exploration', 2)"
"('vivaldi array', 2)"
"('optical tweezer', 2)"
"('quantum antenna', 2)"
"('duty cycle', 2)"
"('aerial network', 2)"
"('4pi configuration', 2)"
"('microstrip sensor', 2)"
"('probability distribution', 2)"
"('emergency communication', 2)"
"('heterogeneous uavs', 2)"
"('dual optimization', 2)"
"('root biomass', 2)"
"('artificial jamming', 2)"
"('fuzzy reasoning', 2)"
"('theoretical calculation', 2)"
"('ambient environment', 2)"
"('channel orthogonality', 2)"
"('uncertainty analysis', 2)"
"('reporting error', 2)"
"('building segmentation', 2)"
"('body imaging', 2)"
"('cooperative system', 2)"
"('aerial thermography', 2)"
"('performance index', 2)"
"('holographic metasurface', 2)"
"('ion heating', 2)"
"('rotation angle', 2)"
"('numerical model', 2)"
"('impulse noise', 2)"
"('7t mri', 2)"
"('image classification', 2)"
"('indoor temperature', 2)"
"('signal combining', 2)"
"('polar code', 2)"
"('conditional senescence', 2)"
"('positive allometry', 2)"
"('circular antenna', 2)"
"('equivalence theorem', 2)"
"('height estimation', 2)"
"('uhf method', 2)"
"('device association', 2)"
"('shared cache', 2)"
"('parametric analysis', 2)"
"('trajectory data', 2)"
"('brook trout', 2)"
"('csi feedback', 2)"
"('network utility', 2)"
"('group theory', 2)"
"('mutation factor', 2)"
"('radiowave propagation', 2)"
"('northeast china', 2)"
"('adjustable beamwidth', 2)"
"('barium titanate', 2)"
"('incident angle', 2)"
"('eddy current', 2)"
"('new synonym', 2)"
"('data association', 2)"
"('microwave sensing', 2)"
"('decoupling method', 2)"
"('spectral feature', 2)"
"('design equation', 2)"
"('shape anisotropy', 2)"
"('shielding material', 2)"
"('drug resistance', 2)"
"('fire retardant', 2)"
"('quadrotor uavs', 2)"
"('medical telemetry', 2)"
"('first record', 2)"
"('spatiotemporal evolution', 2)"
"('body tissue', 2)"
"('image stabilization', 2)"
"('soil contamination', 2)"
"('dust storm', 2)"
"('wavelet mutation', 2)"
"('security threat', 2)"
"('random array', 2)"
"('parameter tuning', 2)"
"('tumor detection', 2)"
"('reynolds number', 2)"
"('mobile node', 2)"
"('information exchange', 2)"
"('multiple reflection', 2)"
"('interference distribution', 2)"
"('epoxy resin', 2)"
"('photovoltaic module', 2)"
"('plant breeding', 2)"
"('sugarcane bagasse', 2)"
"('defect detection', 2)"
"('spatial segmentation', 2)"
"('anisotropic plasma', 2)"
"('corrugated surface', 2)"
"('nondestructive evaluation', 2)"
"('pencil beam', 2)"
"('analytical model', 2)"
"('saddlepoint approximation', 2)"
"('steering efficiency', 2)"
"('guided mode', 2)"
"('machilus thunbergii', 2)"
"('harmonic beamforming', 2)"
"('transformation matrix', 2)"
"('pilot overhead', 2)"
"('acoustic wave', 2)"
"('echinacea purpurea', 2)"
"('invasive pest', 2)"
"('asynchronous channel', 2)"
"('partial csi', 2)"
"('diversity performance', 2)"
"('offset feed', 2)"
"('drying method', 2)"
"('stub matching', 2)"
"('electrical resistance', 2)"
"('urban tree', 2)"
"('relaxation parameter', 2)"
"('temperature coefficient', 2)"
"('channel gain', 2)"
"('vehicle tracking', 2)"
"('mangrove forest', 2)"
"('bias network', 2)"
"('beamforming training', 2)"
"('reading range', 2)"
"('coupled ring', 2)"
"('asymmetric dipole', 2)"
"('coding metasurface', 2)"
"('strawberry algorithm', 2)"
"('strip antenna', 2)"
"('access control', 2)"
"('riemannian mean', 2)"
"('food security', 2)"
"('web application', 2)"
"('temperature inversion', 2)"
"('direct signal', 2)"
"('laser interferometer', 2)"
"('k band', 2)"
"('cauchy distribution', 2)"
"('scene recognition', 2)"
"('spatial spectrum', 2)"
"('offset reflector', 2)"
"('homodyne detection', 2)"
"('effective throughput', 2)"
"('signal model', 2)"
"('active region', 2)"
"('high vacuum', 2)"
"('beamwidth control', 2)"
"('nutritive value', 2)"
"('soil texture', 2)"
"('phaseless measurement', 2)"
"('coastal management', 2)"
"('efficiency enhancement', 2)"
"('vital sign', 2)"
"('algal bloom', 2)"
"('uav navigation', 2)"
"('driven element', 2)"
"('conical ground', 2)"
"('mimo array', 2)"
"('planar resonator', 2)"
"('decoupling slot', 2)"
"('pheromone gland', 2)"
"('cigarette beetle', 2)"
"('vhr image', 2)"
"('parameter extraction', 2)"
"('uwb communication', 2)"
"('leaf senescence', 2)"
"('huygens source', 2)"
"('hierarchical structure', 2)"
"('attenuation constant', 2)"
"('planar reflector', 2)"
"('chance constraint', 2)"
"('pattern nulling', 2)"
"('deployable antenna', 2)"
"('venice lagoon', 2)"
"('design closure', 2)"
"('thermal excitation', 2)"
"('land abandonment', 2)"
"('smart home', 2)"
"('data set', 2)"
"('sintering temperature', 2)"
"('patchouli alcohol', 2)"
"('slumgullion landslide', 2)"
"('matching impedance', 2)"
"('structural deformation', 2)"
"('autonomous flight', 2)"
"('radiating edge', 2)"
"('correction factor', 2)"
"('managed realignment', 2)"
"('piston engine', 2)"
"('secure beamforming', 2)"
"('space harmonic', 2)"
"('polymer composite', 2)"
"('dispersive prism', 2)"
"('bed bug', 2)"
"('detection complexity', 2)"
"('optimal trajectory', 2)"
"('energy storage', 2)"
"('beamspace music', 2)"
"('flexible wing', 2)"
"('cyclic voltammetry', 2)"
"('annihilating filter', 2)"
"('sensory cell', 2)"
"('metal case', 2)"
"('antenna modeling', 2)"
"('transverse electric', 2)"
"('lowpass filter', 2)"
"('automotive communication', 2)"
"('capacity estimation', 2)"
"('iron limitation', 2)"
"('gain null', 2)"
"('notch frequency', 2)"
"('fatty acid', 2)"
"('functional trait', 2)"
"('labeling diversity', 2)"
"('puerto rico', 2)"
"('radiation bandwidth', 2)"
"('sectored antenna', 2)"
"('port plug', 2)"
"('plasma heating', 2)"
"('edge caching', 2)"
"('neumann series', 2)"
"('actuator saturation', 2)"
"('stochastic dominance', 2)"
"('high permeability', 2)"
"('eupeodes corollae', 2)"
"('crop model', 2)"
"('rgb imagery', 2)"
"('risley prism', 2)"
"('haar wavelet', 2)"
"('plastic litter', 2)"
"('probability theory', 2)"
"('terahertz wave', 2)"
"('bisection method', 2)"
"('delay diversity', 2)"
"('online monitoring', 2)"
"('urban growth', 2)"
"('supervised learning', 2)"
"('attention block', 2)"
"('high irradiance', 2)"
"('harbour porpoise', 2)"
"('multispectral camera', 2)"
"('crop growth', 2)"
"('large scale', 2)"
"('wing deformation', 2)"
"('aerial root', 2)"
"('low rcs', 2)"
"('multispectral image', 2)"
"('lte band', 2)"
"('spartina alterniflora', 2)"
"('plasma source', 2)"
"('intertidal zone', 2)"
"('nicuzn ferrite', 2)"
"('spectrum occupancy', 2)"
"('zf receiver', 2)"
"('red chlorophyll', 2)"
"('meandered slot', 2)"
"('wake vortex', 2)"
"('monocular slam', 2)"
"('communication capacity', 2)"
"('compact volume', 2)"
"('functional surface', 2)"
"('switching topology', 2)"
"('crack inspection', 2)"
"('rainfall threshold', 2)"
"('silver diffusion', 2)"
"('forest management', 2)"
"('hexagonal slot', 2)"
"('arundo donax', 2)"
"('delaunay triangulation', 2)"
"('mass balance', 2)"
"('meteorological condition', 2)"
"('utility location', 2)"
"('bounded noise', 2)"
"('lateral velocity', 2)"
"('beam broadening', 2)"
"('lagrangian method', 2)"
"('transient field', 2)"
"('spurious solution', 2)"
"('distribution network', 2)"
"('medical instrument', 2)"
"('lyapunov theory', 2)"
"('jet ignition', 2)"
"('direct injection', 2)"
"('swimming antenna', 2)"
"('raspberry ketone', 2)"
"('mobility model', 2)"
"('slotted ground', 2)"
"('point bar', 2)"
"('hyperspectral image', 2)"
"('molecular structure', 2)"
"('processing time', 2)"
"('slope failure', 2)"
"('intrusion detection', 2)"
"('connected array', 2)"
"('wireless coverage', 2)"
"('host volatile', 2)"
"('graphene ink', 2)"
"('reef island', 2)"
"('signal propagation', 2)"
"('power dissipation', 2)"
"('magnetron sputtering', 2)"
"('mode purity', 2)"
"('radar sounding', 2)"
"('current measurement', 2)"
"('network architecture', 2)"
"('asymmetric patch', 2)"
"('pinus sylvestris', 2)"
"('acceleration feedback', 2)"
"('fracture energy', 2)"
"('sounding rocket', 2)"
"('loess region', 2)"
"('siamese network', 2)"
"('type synthesis', 2)"
"('switched beam', 2)"
"('turbojet engine', 2)"
"('ooceraea biroi', 2)"
"('uhf sensor', 2)"
"('working memory', 2)"
"('ferrite antenna', 2)"
"('optimal placement', 2)"
"('flight time', 2)"
"('emergency response', 2)"
"('wind spacecraft', 2)"
"('compound channel', 2)"
"('taylor distribution', 2)"
"('phase constant', 2)"
"('turnstile junction', 2)"
"('rf mirror', 2)"
"('cooperative navigation', 2)"
"('autonomous exploration', 2)"
"('topographic correction', 2)"
"('abscisic acid', 2)"
"('programmable metasurface', 2)"
"('depth camera', 2)"
"('completion time', 2)"
"('parallel transmit', 2)"
"('cuckoo search', 2)"
"('pervious concrete', 2)"
"('critical period', 2)"
"('distance estimation', 2)"
"('new subgenus', 2)"
"('prescription map', 2)"
"('sum coarray', 2)"
"('spectral reflectance', 2)"
"('flight altitude', 2)"
"('precoder design', 2)"
"('surface duct', 2)"
"('aerial robotics', 2)"
"('array structure', 2)"
"('faster rcnn', 2)"
"('sensing coverage', 2)"
"('rotating antenna', 2)"
"('surface mode', 2)"
"('green lacewing', 2)"
"('apple tree', 2)"
"('hyporheic zone', 2)"
"('similarity transformation', 2)"
"('east tokamak', 2)"
"('amazon basin', 2)"
"('focal distance', 2)"
"('hermetia illucens', 2)"
"('ag nanowire', 2)"
"('habitat mapping', 2)"
"('bark beetle', 2)"
"('porous liver', 2)"
"('fractal patch', 2)"
"('silicon photonics', 2)"
"('1 mode', 2)"
"('image motion', 2)"
"('action potential', 2)"
"('phytophthora agathidicida', 2)"
"('spaced antenna', 2)"
"('water seepage', 2)"
"('urban forest', 2)"
"('piezoelectric actuator', 2)"
"('adaptive sectorization', 2)"
"('forest height', 2)"
"('circularly polarization', 2)"
"('cold plate', 2)"
"('complex terrain', 2)"
"('optical gain', 2)"
"('channel performance', 2)"
"('cotesia vestalis', 2)"
"('bowtie nanoantenna', 2)"
"('intelligent control', 2)"
"('geophysical method', 2)"
"('vertical accuracy', 2)"
"('sward height', 2)"
"('tree mortality', 2)"
"('polarized modulation', 2)"
"('gene regulation', 2)"
"('virtual baseline', 2)"
"('steerable antenna', 2)"
"('babinet principle', 2)"
"('wideband transition', 2)"
"('reciprocity calibration', 2)"
"('phase calibration', 2)"
"('low power', 2)"
"('lc tank', 2)"
"('keck array', 2)"
"('yaw control', 2)"
"('koch fractal', 2)"
"('planar structure', 2)"
"('excess light', 2)"
"('porous medium', 2)"
"('clustering algorithm', 2)"
"('autonomous performance', 2)"
"('hamming code', 2)"
"('monochamus alternatus', 2)"
"('rice cultivar', 2)"
"('kurdistan region', 2)"
"('warm plasma', 2)"
"('cnlms algorithm', 2)"
"('tolerance analysis', 2)"
"('image acquisition', 2)"
"('noise ratio', 2)"
"('passive detection', 2)"
"('distributed sensor', 2)"
"('noncircular signal', 2)"
"('antenna probe', 2)"
"('confidential message', 2)"
"('mathematical morphology', 2)"
"('differentially fed', 2)"
"('channel selection', 2)"
"('beam size', 2)"
"('acoustic field', 2)"
"('disaster management', 2)"
"('nonlocal effect', 2)"
"('iot device', 2)"
"('locomotor activity', 2)"
"('charge structure', 2)"
"('narrow beamwidth', 2)"
"('characteristic parameter', 2)"
"('model uncertainty', 2)"
"('molecular network', 2)"
"('conogethes pinicolalis', 2)"
"('hierarchical model', 2)"
"('air entrainment', 2)"
"('amplitude tapering', 2)"
"('cholesky factorization', 2)"
"('tactile internet', 2)"
"('machining error', 2)"
"('fusarium wilt', 2)"
"('imaging geometry', 2)"
"('coverage area', 2)"
"('multiple constraint', 2)"
"('lagrange method', 2)"
"('average capacity', 2)"
"('peripheral antenna', 2)"
"('compressive stress', 2)"
"('rhodamine b', 2)"
"('rotor spacing', 2)"
"('ionic liquid', 2)"
"('persistent surveillance', 2)"
"('structural weight', 2)"
"('path selection', 2)"
"('interference nulling', 2)"
"('complex target', 2)"
"('photoconductive switch', 2)"
"('torsion pendulum', 2)"
"('vertical profile', 2)"
"('propagation phase', 2)"
"('temporal variation', 2)"
"('water vapor', 2)"
"('rydberg atom', 2)"
"('pd controller', 2)"
"('mode stirrer', 2)"
"('active balun', 2)"
"('geomorphological mapping', 2)"
"('dead wood', 2)"
"('meander dipole', 2)"
"('noise suppression', 2)"
"('voronoi diagram', 2)"
"('massive connectivity', 2)"
"('message passing', 2)"
"('destructive interference', 2)"
"('vertical dipole', 2)"
"('metasurface lens', 2)"
"('silicon micromachining', 2)"
"('vertical distribution', 2)"
"('heterodyne detection', 2)"
"('testis size', 2)"
"('cmos antenna', 2)"
"('riparian forest', 2)"
"('inverse kinematics', 2)"
"('switchable slot', 2)"
"('feedback overhead', 2)"
"('circulation control', 2)"
"('power deposition', 2)"
"('auxiliary antenna', 2)"
"('colpitts oscillator', 2)"
"('simulation model', 2)"
"('cooperative detection', 2)"
"('relative bandwidth', 2)"
"('outlier detection', 2)"
"('mobile robotics', 2)"
"('frequency synthesizer', 2)"
"('wind load', 2)"
"('antenna tower', 2)"
"('tapered slot', 2)"
"('correlation matrix', 2)"
"('hardware imperfection', 2)"
"('gnss outage', 2)"
"('slant polarization', 2)"
"('dual connectivity', 2)"
"('wide scan', 2)"
"('stability analysis', 2)"
"('west africa', 2)"
"('hybrid structure', 2)"
"('angular glint', 2)"
"('neutralisation line', 2)"
"('blind detection', 2)"
"('large mimo', 2)"
"('false alarm', 2)"
"('electron burst', 2)"
"('big data', 2)"
"('compromising emanation', 2)"
"('aerodynamic characteristic', 2)"
"('pilot hopping', 2)"
"('alternating projection', 2)"
"('test paper', 2)"
"('greedy algorithm', 2)"
"('sensory pit', 2)"
"('background noise', 2)"
"('baseline vector', 2)"
"('magnetodielectric material', 2)"
"('ionospheric clutter', 2)"
"('ambient noise', 2)"
"('east africa', 2)"
"('boost converter', 2)"
"('mapping function', 2)"
"('headland turning', 2)"
"('hydrogen plasma', 2)"
"('forest fire', 2)"
"('thermal crosstalk', 2)"
"('amplitude distribution', 2)"
"('multicast beamforming', 2)"
"('intelligent antenna', 2)"
"('orthogonality relation', 2)"
"('metallic plate', 2)"
"('rigid pavement', 2)"
"('gap fraction', 2)"
"('evaporation duct', 2)"
"('approximate computing', 2)"
"('matrix factorization', 2)"
"('friis formula', 2)"
"('projection matrix', 2)"
"('archaeological site', 2)"
"('distributed system', 2)"
"('percentage bandwidth', 2)"
"('korean peninsula', 2)"
"('dragonfly algorithm', 2)"
"('specie richness', 2)"
"('corrugated structure', 2)"
"('frequency band', 2)"
"('disaster rescue', 2)"
"('sleeve antenna', 2)"
"('aerodynamic efficiency', 2)"
"('hierarchical codebook', 2)"
"('flight performance', 2)"
"('polarization agility', 2)"
"('scan mode', 2)"
"('multimedia service', 2)"
"('mmse receiver', 2)"
"('ensemble classifier', 2)"
"('moving speed', 2)"
"('photothermal therapy', 2)"
"('substrate material', 2)"
"('feed point', 2)"
"('diffracted field', 2)"
"('antenna consists', 2)"
"('ricinus communis', 2)"
"('calibration method', 2)"
"('magnetic antenna', 2)"
"('egg deposition', 2)"
"('weed detection', 2)"
"('matching theory', 2)"
"('gps iii', 2)"
"('solar vector', 2)"
"('fundamental limit', 2)"
"('dark age', 2)"
"('feed position', 2)"
"('power splitter', 2)"
"('joint optimization', 2)"
"('aerial eavesdropper', 2)"
"('crisis management', 2)"
"('compression ratio', 2)"
"('aviation kerosene', 2)"
"('optical system', 2)"
"('data mining', 2)"
"('laser sintering', 2)"
"('dichotomous key', 2)"
"('rocky coast', 2)"
"('gas hydrate', 2)"
"('immune system', 2)"
"('gnss reflectometry', 2)"
"('urinary bladder', 2)"
"('asymptotic performance', 2)"
"('cooperative search', 2)"
"('rlsa antenna', 2)"
"('teak plantation', 2)"
"('attenuation coefficient', 2)"
"('association probability', 2)"
"('antenna beamwidth', 2)"
"('holographic design', 2)"
"('offset mounting', 2)"
"('penaeus vannamei', 2)"
"('siva basin', 2)"
"('ponderomotive force', 2)"
"('electromagnetic energy', 2)"
"('brassica rapa', 2)"
"('soft computing', 2)"
"('aerial drone', 2)"
"('spatial precoding', 2)"
"('damage assessment', 2)"
"('landslide susceptibility', 2)"
"('phase singularity', 2)"
"('nanopatch antenna', 2)"
"('lipid peroxidation', 2)"
"('precoding matrix', 2)"
"('dynamic user', 2)"
"('flat gain', 2)"
"('time gating', 2)"
"('secondary succession', 2)"
"('polarimetric measurement', 2)"
"('yellow rust', 2)"
"('olive grove', 2)"
"('ngn method', 2)"
"('relay resonator', 2)"
"('antenna reflector', 2)"
"('relative entropy', 2)"
"('trilinear decomposition', 2)"
"('cylindrical wave', 2)"
"('silicon carbide', 2)"
"('antenna matching', 2)"
"('coverage control', 2)"
"('120 ghz', 2)"
"('common message', 2)"
"('boundary layer', 2)"
"('fourier transforms', 2)"
"('pattern reconfiguration', 2)"
"('microwave amplifier', 2)"
"('antennal scale', 2)"
"('morphing uav', 2)"
"('rank reduction', 2)"
"('microstrip feedline', 2)"
"('variable sweep', 2)"
"('automatic landing', 2)"
"('aeolian process', 2)"
"('multicast service', 2)"
"('hemispherical antenna', 2)"
"('host specificity', 2)"
"('triple frequency', 2)"
"('silver carp', 2)"
"('guard interval', 2)"
"('hainan island', 2)"
"('bathymetric measurement', 2)"
"('geometric transformation', 2)"
"('null placement', 2)"
"('modal coupling', 2)"
"('high performance', 2)"
"('multipath signal', 2)"
"('material property', 2)"
"('unitary transformation', 2)"
"('fracture healing', 2)"
"('energy conversion', 2)"
"('reverse engineering', 2)"
"('x band', 2)"
"('pentagonal slot', 2)"
"('anaerobic digestion', 2)"
"('slepian sequence', 2)"
"('plasmonic antenna', 2)"
"('iec 60270', 2)"
"('geometric phase', 2)"
"('wireless sensing', 2)"
"('cluster evolution', 2)"
"('dynamic movement', 2)"
"('pheromone production', 2)"
"('satellite ai', 2)"
"('inset feeding', 2)"
"('l band', 2)"
"('uav cluster', 2)"
"('multispectral sensor', 2)"
"('distributed detection', 2)"
"('hat feed', 2)"
"('transmit efficiency', 2)"
"('waveguide transition', 2)"
"('safety assessment', 2)"
"('energy trading', 2)"
"('interdigital structure', 2)"
"('magnetic metamaterial', 2)"
"('model checking', 2)"
"('edge cloud', 2)"
"('maneuvering target', 2)"
"('deceptive jamming', 2)"
"('tilt angle', 2)"
"('laser ablation', 2)"
"('multipath tcp', 2)"
"('ulva prolifera', 2)"
"('cpw feeding', 2)"
"('electrical length', 2)"
"('lyapunov exponent', 2)"
"('channel interpolation', 2)"
"('phase ambiguity', 2)"
"('multimode resonance', 2)"
"('precise positioning', 2)"
"('external antenna', 2)"
"('oblique projection', 2)"
"('cross correlation', 2)"
"('eigenmode transmission', 2)"
"('gap capacitor', 2)"
"('data augmentation', 2)"
"('structural synthesis', 2)"
"('wireless transmission', 2)"
"('hybrid reflector', 2)"
"('reaction theorem', 2)"
"('vineyard soil', 2)"
"('molecular phylogeny', 2)"
"('mesh generation', 2)"
"('effective aperture', 2)"
"('frame rate', 2)"
"('plasmonic enhancement', 2)"
"('artificial antenna', 2)"
"('gas exchange', 2)"
"('rf rectifier', 2)"
"('bird detection', 2)"
"('cultivated land', 2)"
"('feedback bit', 2)"
"('resource competition', 2)"
"('thermal lesion', 2)"
"('coaxial antenna', 2)"
"('geospatial information', 2)"
"('channel calibration', 2)"
"('erosion rate', 2)"
"('wireless biotelemetry', 2)"
"('mobile mapping', 2)"
"('round robin', 2)"
"('dynamic modeling', 2)"
"('deployment dynamic', 2)"
"('massive connection', 2)"
"('cp radiation', 2)"
"('keystone transform', 2)"
"('predictive control', 2)"
"('magnetic light', 2)"
"('disaster relief', 2)"
"('capacitive sensing', 2)"
"('rf power', 2)"
"('space antenna', 2)"
"('semantic labeling', 2)"
"('red edge', 2)"
"('limiting accuracy', 2)"
"('secondary user', 2)"
"('primary user', 2)"
"('microwave device', 2)"
"('irregular array', 2)"
"('wlan band', 2)"
"('fluorescent tracer', 2)"
"('air quality', 2)"
"('pade approximation', 2)"
"('characteristic matrix', 2)"
"('rhodospirillum rubrum', 2)"
"('food selection', 2)"
"('lamb wave', 2)"
"('allan deviation', 2)"
"('white dwarf', 2)"
"('stereo imagery', 2)"
"('incident field', 2)"
"('structure reuse', 2)"
"('compact range', 2)"
"('medradio band', 2)"
"('vertical line', 2)"
"('electrical downtilt', 2)"
"('planar lens', 2)"
"('optical sensor', 2)"
"('interval matrix', 2)"
"('input characteristic', 2)"
"('clutter cancellation', 2)"
"('continental slope', 2)"
"('virtual cell', 2)"
"('alternative splicing', 2)"
"('saudi arabia', 2)"
"('vanadium oxide', 2)"
"('higher symmetry', 2)"
"('dissolved oxygen', 2)"
"('melanitta perspicillata', 2)"
"('asymptotic property', 2)"
"('positioning accuracy', 2)"
"('collision cone', 2)"
"('intracerebral hemorrhage', 2)"
"('woody vegetation', 2)"
"('integration design', 2)"
"('planar integration', 2)"
"('bennett linkage', 2)"
"('ring slot', 2)"
"('monopole driver', 2)"
"('unshelled peanut', 2)"
"('range ambiguity', 2)"
"('experimental result', 2)"
"('power transmission', 2)"
"('longwave infrared', 2)"
"('angled dipole', 2)"
"('chaotic dynamic', 2)"
"('system error', 2)"
"('conical cavity', 2)"
"('wave period', 2)"
"('dual beam', 2)"
"('correlated shadowing', 2)"
"('thermoacoustic imaging', 2)"
"('breast imaging', 2)"
"('calamintha incana', 2)"
"('thermal design', 2)"
"('noise correlation', 2)"
"('cd spectrum', 2)"
"('florida bay', 2)"
"('rao test', 2)"
"('cycloidal rotor', 2)"
"('phase centre', 2)"
"('cell phone', 2)"
"('strategy coordination', 2)"
"('packet delay', 2)"
"('gradient descent', 2)"
"('broadband signal', 2)"
"('hybrid model', 2)"
"('proactive eavesdropping', 2)"
"('capacitive load', 2)"
"('vhf band', 2)"
"('beamspace transformation', 2)"
"('payload delivery', 2)"
"('modeling uncertainty', 2)"
"('body plan', 2)"
"('hydrothermal vent', 2)"
"('multiple sclerosis', 2)"
"('asymmetric channel', 2)"
"('cell densification', 2)"
"('thermoelectric generator', 2)"
"('alluvial fan', 2)"
"('coupling path', 2)"
"('multimode interference', 2)"
"('digital agriculture', 2)"
"('dispersion relation', 2)"
"('neotropical region', 2)"
"('car detection', 2)"
"('gust response', 2)"
"('dynamical model', 2)"
"('dielectric sheet', 2)"
"('axial beam', 2)"
"('liver tumor', 2)"
"('array diagnosis', 2)"
"('switched oscillator', 2)"
"('quantum optic', 2)"
"('surface defect', 2)"
"('cluster head', 2)"
"('metal coating', 2)"
"('nonuniform noise', 2)"
"('fixed point', 2)"
"('eigenvalue analysis', 2)"
"('high harmonic', 2)"
"('uwb channel', 2)"
"('esprit algorithm', 2)"
"('flower scent', 2)"
"('quantization error', 2)"
"('huffman coding', 2)"
"('sparse beamforming', 2)"
"('dirichlet process', 2)"
"('feasible region', 2)"
"('scattering pattern', 2)"
"('third harmonic', 2)"
"('drag coefficient', 2)"
"('electrochromic shift', 2)"
"('minimax duality', 2)"
"('roof segmentation', 2)"
"('dual mode', 2)"
"('folded patch', 2)"
"('phantom hand', 2)"
"('copper formate', 2)"
"('rare earth', 2)"
"('service time', 2)"
"('aggregate interference', 2)"
"('spatial coordination', 2)"
"('southeast asia', 2)"
"('eigenvalue decomposition', 2)"
"('oxonium ion', 2)"
"('vehicle counting', 2)"
"('wind direction', 2)"
"('temporal oversampling', 2)"
"('ad software', 2)"
"('circular disk', 2)"
"('line source', 2)"
"('receiving efficiency', 2)"
"('adaptive matching', 2)"
"('citrus tree', 2)"
"('kriging model', 2)"
"('dynamic soaring', 2)"
"('maritime surveillance', 2)"
"('coupling effect', 2)"
"('dipole moment', 2)"
"('tall fescue', 2)"
"('specific constraint', 2)"
"('landscape metric', 2)"
"('bone tumor', 2)"
"('blood perfusion', 2)"
"('launch vehicle', 2)"
"('coupling reduction', 2)"
"('floral volatile', 2)"
"('scattering superposition', 2)"
"('threatened specie', 2)"
"('swapped sector', 2)"
"('wavelet entropy', 2)"
"('channel feedback', 2)"
"('thermal conductance', 2)"
"('labial palp', 2)"
"('bidirectional relaying', 2)"
"('spinning vehicle', 2)"
"('planting density', 2)"
"('bayesian inference', 2)"
"('resonant scattering', 2)"
"('calcium imaging', 2)"
"('ocean surface', 2)"
"('metal housing', 2)"
"('impedance tuner', 2)"
"('poisson distribution', 2)"
"('impedance surface', 2)"
"('central projection', 2)"
"('path integration', 2)"
"('stochastic approximation', 2)"
"('channel quantization', 2)"
"('interferometric radiometer', 2)"
"('array beamforming', 2)"
"('water depth', 2)"
"('beamforming gain', 2)"
"('range alignment', 2)"
"('sea water', 2)"
"('temporal coherence', 2)"
"('residential area', 2)"
"('stripline dipole', 2)"
"('wire penetration', 2)"
"('rectangular enclosure', 2)"
"('life history', 2)"
"('dust detection', 2)"
"('cell planning', 2)"
"('biological effect', 2)"
"('time dispersion', 2)"
"('prostate imaging', 2)"
"('biting fly', 2)"
"('holographic technique', 2)"
"('radar system', 2)"
"('dynamic stall', 2)"
"('corrosion detection', 2)"
"('hexagonal patch', 2)"
"('signal quality', 2)"
"('attitude angle', 2)"
"('surface precision', 2)"
"('normal vector', 2)"
"('ansoft hf', 2)"
"('solitary wave', 2)"
"('dictionary learning', 2)"
"('scattering characteristic', 2)"
"('integral representation', 2)"
"('wideband application', 2)"
"('uplink rate', 2)"
"('transmit array', 2)"
"('broadside beam', 2)"
"('beam domain', 2)"
"('uplink training', 2)"
"('kuril basin', 2)"
"('cable harness', 2)"
"('motion estimation', 2)"
"('error performance', 2)"
"('dubins curve', 2)"
"('ne atlantic', 2)"
"('salinity index', 2)"
"('absorption coefficient', 2)"
"('aperture array', 2)"
"('pilot reuse', 2)"
"('ferrite ceramic', 2)"
"('black sea', 2)"
"('rovno amber', 2)"
"('filum spinosum', 2)"
"('power optimization', 2)"
"('microwave filter', 2)"
"('effective area', 2)"
"('rapid prototyping', 2)"
"('channel imbalance', 2)"
"('penaeus monodon', 2)"
"('single difference', 2)"
"('lumped capacitor', 2)"
"('unit element', 2)"
"('triple band', 2)"
"('capacitive loading', 2)"
"('multiple sensor', 2)"
"('sweet sorghum', 2)"
"('labial palps', 2)"
"('beamwidth enhancement', 2)"
"('lucilia illustris', 2)"
"('contact lens', 2)"
"('chukchi sea', 2)"
"('bowhead whale', 2)"
"('statistical csit', 2)"
"('welded joint', 2)"
"('flight speed', 2)"
"('reduction method', 2)"
"('aerial triangulation', 2)"
"('ice sheet', 2)"
"('vector space', 2)"
"('radial waveguide', 2)"
"('solenoid coil', 2)"
"('linear transformation', 2)"
"('metamaterial aperture', 2)"
"('high snr', 2)"
"('ionospheric plasma', 2)"
"('carotenoid antenna', 2)"
"('plasmonic cavity', 2)"
"('curvilinear structure', 2)"
"('coaxial feeding', 2)"
"('social behavior', 2)"
"('respiration rate', 2)"
"('constant gain', 2)"
"('fermi level', 2)"
"('scaling law', 2)"
"('uniplanar antenna', 2)"
"('meandering river', 2)"
"('shoelace antenna', 2)"
"('graphene monolayer', 2)"
"('gesture recognition', 2)"
"('polarization leakage', 2)"
"('anomalous reflection', 2)"
"('low sar', 2)"
"('turbo principle', 2)"
"('scalar potential', 2)"
"('diversity receiver', 2)"
"('concurrent transmission', 2)"
"('nakagami fading', 2)"
"('passive suppression', 2)"
"('transmission tower', 2)"
"('antenna crosstalk', 2)"
"('axial mode', 2)"
"('microstrip technology', 2)"
"('behavioural thermoregulation', 2)"
"('handheld terminal', 2)"
"('phase quantization', 2)"
"('dielectric probe', 2)"
"('reflectarray element', 2)"
"('gps module', 2)"
"('edge feeding', 2)"
"('mimo tech', 2)"
"('wiener filtering', 2)"
"('symmetric slot', 2)"
"('rod structure', 2)"
"('azimuth scaling', 2)"
"('cochlear implant', 2)"
"('electric motor', 2)"
"('noise signal', 2)"
"('noncircular source', 2)"
"('coupling strip', 2)"
"('trellis code', 2)"
"('sexual behaviour', 2)"
"('mating success', 2)"
"('adaptive beamformer', 2)"
"('lagrangian point', 2)"
"('thyroid gland', 2)"
"('frequency shift', 2)"
"('chemical bond', 2)"
"('actinide complex', 2)"
"('hata model', 2)"
"('mg deficiency', 2)"
"('gnu radio', 2)"
"('host acceptance', 2)"
"('haematobia irritans', 2)"
"('stacked antenna', 2)"
"('photosynthetic antenna', 2)"
"('wideband radar', 2)"
"('geranyl butanoate', 2)"
"('disaster recovery', 2)"
"('antenna group', 2)"
"('electromagnetic simulation', 2)"
"('polyester fabric', 2)"
"('null space', 2)"
"('imperfect feedback', 2)"
"('radiating cable', 2)"
"('multiple scale', 2)"
"('microwave measurement', 2)"
"('interrogation zone', 2)"
"('polytene chromosome', 2)"
"('small spacecraft', 2)"
"('sea anemone', 2)"
"('expectation maximization', 2)"
"('insensitive antenna', 2)"
"('interstitial antenna', 2)"
"('time assignment', 2)"
"('baseline error', 2)"
"('american cockroach', 2)"
"('sliding spotlight', 2)"
"('detection threshold', 2)"
"('red sea', 2)"
"('health effect', 2)"
"('meandered monopole', 2)"
"('square loop', 2)"
"('interplanetary scintillation', 2)"
"('submillimeter wave', 2)"
"('ionospheric irregularity', 2)"
"('parallel plate', 2)"
"('ferrite tuner', 2)"
"('throughput capacity', 2)"
"('rate splitting', 2)"
"('secrecy outage', 2)"
"('downlink capacity', 2)"
"('error floor', 2)"
"('lipid raft', 2)"
"('antenna motion', 2)"
"('stochastic order', 2)"
"('user influence', 2)"
"('parasitic wasp', 2)"
"('polarimetric radar', 2)"
"('scan loss', 2)"
"('mandibular gland', 2)"
"('inner wall', 2)"
"('aperture distribution', 2)"
"('microstrip dipole', 2)"
"('feasibility condition', 2)"
"('cutset bound', 2)"
"('rice factor', 2)"
"('antenna shop', 2)"
"('water patch', 2)"
"('phase velocity', 2)"
"('915 mhz', 2)"
"('notched ground', 2)"
"('slan ecr', 2)"
"('mie theory', 2)"
"('forward scattering', 2)"
"('mate location', 2)"
"('contrast agent', 2)"
"('radio interferometry', 2)"
"('derivative constraint', 2)"
"('dermacentor variabilis', 2)"
"('wheat field', 2)"
"('orthogonal feed', 2)"
"('mmse detection', 2)"
"('behavioral response', 2)"
"('meandered line', 2)"
"('microwave link', 2)"
"('half cutting', 2)"
"('gap sleeve', 2)"
"('discontinuous structure', 2)"
"('quantum cell', 2)"
"('metamaterial lens', 2)"
"('english channel', 2)"
"('beam efficiency', 2)"
"('fluorescence spectroscopy', 2)"
"('comparative analysis', 2)"
"('magnetic induction', 2)"
"('order statistic', 2)"
"('dual substrate', 2)"
"('antenna heterogeneity', 2)"
"('mode switching', 2)"
"('transmitted wave', 2)"
"('high permittivity', 2)"
"('mule deer', 2)"
"('optical switching', 2)"
"('massive antenna', 2)"
"('harmonic radar', 2)"
"('fmo complex', 2)"
"('radiating surface', 2)"
"('thermal noise', 2)"
"('cpw feed', 2)"
"('wireless terminal', 2)"
"('combining error', 2)"
"('microphone array', 2)"
"('impulse impedance', 2)"
"('blood meal', 2)"
"('mediterranean sea', 2)"
"('saline water', 2)"
"('network interference', 2)"
"('calibration error', 2)"
"('aggregation behavior', 2)"
"('parametric model', 2)"
"('relaxation oscillation', 2)"
"('singularity cancellation', 2)"
"('rf mem', 2)"
"('polarized diversity', 2)"
"('seebeck effect', 2)"
"('sagmariasus verreauxi', 2)"
"('interference temperature', 2)"
"('composite radome', 2)"
"('circuit simulation', 2)"
"('system model', 2)"
"('template stripping', 2)"
"('location tracking', 2)"
"('wire mesh', 2)"
"('contact force', 2)"
"('whip antenna', 2)"
"('massive array', 2)"
"('shot noise', 2)"
"('pyroelectric detector', 2)"
"('optical rectification', 2)"
"('adaptive compensation', 2)"
"('shape error', 2)"
"('ion bombardment', 2)"
"('signal design', 2)"
"('coupled line', 2)"
"('cryptic specie', 2)"
"('exciton migration', 2)"
"('evolutionary optimization', 2)"
"('slow light', 2)"
"('srr superstrate', 2)"
"('larval development', 2)"
"('noise parameter', 2)"
"('cell coverage', 2)"
"('desert locust', 2)"
"('energy efficient', 2)"
"('square patch', 2)"
"('graphene stack', 2)"
"('granary weevil', 2)"
"('pattern stability', 2)"
"('folded reflectarray', 2)"
"('balkan peninsula', 2)"
"('square slot', 2)"
"('constrained capacity', 2)"
"('gibbs sampling', 2)"
"('bivariate shrinkage', 2)"
"('narrowband interference', 2)"
"('interference management', 2)"
"('spatial filter', 2)"
"('matrix method', 2)"
"('crack sensing', 2)"
"('rhynchophorus ferrugineus', 2)"
"('common cutworm', 2)"
"('rectangular slit', 2)"
"('trichoid sensilla', 2)"
"('ionospheric scintillation', 2)"
"('elevation beamforming', 2)"
"('dna barcodes', 2)"
"('earth science', 2)"
"('ewald method', 2)"
"('geometric calibration', 2)"
"('pattern orthogonality', 2)"
"('root diameter', 2)"
"('plasmonic heating', 2)"
"('network coverage', 2)"
"('frequency synchronization', 2)"
"('tone reservation', 2)"
"('nonlinear analysis', 2)"
"('radial deformation', 2)"
"('cirsium arvense', 2)"
"('laser printing', 2)"
"('uwb radar', 2)"
"('coherent combining', 2)"
"('ryanodine receptor', 2)"
"('structural health', 2)"
"('nyquist theorem', 2)"
"('elliptical aperture', 2)"
"('microwave property', 2)"
"('dynamic efficiency', 2)"
"('parallel computation', 2)"
"('hydrologic cycle', 2)"
"('varroa destructor', 2)"
"('cell association', 2)"
"('chiral medium', 2)"
"('multipath environment', 2)"
"('multicarrier system', 2)"
"('rectangular cavity', 2)"
"('somateria mollissima', 2)"
"('elliptic filter', 2)"
"('supramolecular organization', 2)"
"('moving vehicle', 2)"
"('feed horn', 2)"
"('polarization characteristic', 2)"
"('norway spruce', 2)"
"('stop band', 2)"
"('triatoma dimidiata', 2)"
"('wireless usb', 2)"
"('critical temperature', 2)"
"('coastal erosion', 2)"
"('signal detector', 2)"
"('superresolution imaging', 2)"
"('airborne radome', 2)"
"('photosynthetic bacteria', 2)"
"('eigen domain', 2)"
"('hemispherical coverage', 2)"
"('heliothine moth', 2)"
"('cylindrical waveguide', 2)"
"('character displacement', 2)"
"('schelkunoff integral', 2)"
"('parasitic stub', 2)"
"('modal theory', 2)"
"('null depth', 2)"
"('chromera velia', 2)"
"('cotesia plutellae', 2)"
"('stepper motor', 2)"
"('oxygenic photosynthesis', 2)"
"('mobile broadband', 2)"
"('selective transmission', 2)"
"('primary antenna', 2)"
"('oxygenated monoterpenes', 2)"
"('grassmann manifold', 2)"
"('system design', 2)"
"('sar reduction', 2)"
"('quantum effect', 2)"
"('harvesting antenna', 2)"
"('transmit antenna', 2)"
"('choristoneura fumiferana', 2)"
"('power constraint', 2)"
"('shielded stripline', 2)"
"('orthogonal array', 2)"
"('methyl anthranilate', 2)"
"('ltcc technology', 2)"
"('ground slot', 2)"
"('em absorption', 2)"
"('sleep mode', 2)"
"('sage algorithm', 2)"
"('linear detection', 2)"
"('range extension', 2)"
"('protoplanetary disk', 2)"
"('broad beam', 2)"
"('amplitude spectrum', 2)"
"('habitat preference', 2)"
"('tablet pc', 2)"
"('primary feed', 2)"
"('b800 ring', 2)"
"('infinitesimal dipole', 2)"
"('spectral domain', 2)"
"('pulse width', 2)"
"('analytic solution', 2)"
"('bragg scattering', 2)"
"('digital filter', 2)"
"('cognitive network', 2)"
"('pdf estimation', 2)"
"('metamaterial cover', 2)"
"('low frequency', 2)"
"('humidity sensor', 2)"
"('geometric programming', 2)"
"('circular plate', 2)"
"('vacuum feedthrough', 2)"
"('chemical sensor', 2)"
"('signal constellation', 2)"
"('rayleigh distribution', 2)"
"('coordinated scheduling', 2)"
"('measurement distance', 2)"
"('field distribution', 2)"
"('effective bandwidth', 2)"
"('lhcii aggregation', 2)"
"('stansfield algorithm', 2)"
"('thermal ablation', 2)"
"('conversion loss', 2)"
"('sialic acid', 2)"
"('network rtk', 2)"
"('segmentation method', 2)"
"('tunable filter', 2)"
"('antenna management', 2)"
"('communication tower', 2)"
"('antenna frequency', 2)"
"('reactive energy', 2)"
"('specular reflection', 2)"
"('game scheme', 2)"
"('prior knowledge', 2)"
"('recycled paper', 2)"
"('emic wave', 2)"
"('coupled resonator', 2)"
"('dc motor', 2)"
"('optical trapping', 2)"
"('antenna switch', 2)"
"('recognition rate', 2)"
"('star camera', 2)"
"('secret key', 2)"
"('molecular absorption', 2)"
"('smart structure', 2)"
"('reproductive isolation', 2)"
"('receiver cooperation', 2)"
"('capacity maximization', 2)"
"('luminescent property', 2)"
"('multiband characteristic', 2)"
"('musca domestica', 2)"
"('statistical beamforming', 2)"
"('transmission characteristic', 2)"
"('electron heating', 2)"
"('impedance loading', 2)"
"('w band', 2)"
"('ceramic antenna', 2)"
"('software receiver', 2)"
"('ferrite core', 2)"
"('volatile compound', 2)"
"('photosynthetic rate', 2)"
"('artificial dielectric', 2)"
"('channel access', 2)"
"('radio propagation', 2)"
"('integrated system', 2)"
"('frankliniella occidentalis', 2)"
"('multiple channel', 2)"
"('compensation factor', 2)"
"('sky wave', 2)"
"('procambarus clarkii', 2)"
"('b850 ring', 2)"
"('channel throughput', 2)"
"('human presence', 2)"
"('radio signal', 2)"
"('falkland island', 2)"
"('smart card', 2)"
"('ultrahigh frequency', 2)"
"('monolithic integration', 2)"
"('circular sector', 2)"
"('combining diversity', 2)"
"('tsetse fly', 2)"
"('detection zone', 2)"
"('tokyo skytree', 2)"
"('metal sheet', 2)"
"('new combination', 2)"
"('complex mode', 2)"
"('broadband reflectarray', 2)"
"('design methodology', 2)"
"('feeding behaviour', 2)"
"('optimum structure', 2)"
"('catheter ablation', 2)"
"('atrial fibrillation', 2)"
"('ultrawideband communication', 2)"
"('operation mode', 2)"
"('relaxed mmse', 2)"
"('hybrid estimator', 2)"
"('phase linearity', 2)"
"('capacity bound', 2)"
"('acanthoscelides macrophthalmus', 2)"
"('jiulongshan formation', 2)"
"('alpine skiing', 2)"
"('array configuration', 2)"
"('optimal beamforming', 2)"
"('narrowband antenna', 2)"
"('rock glacier', 2)"
"('membrane reflector', 2)"
"('acridine hydrochloride', 2)"
"('quercus myrsinaefolia', 2)"
"('planetary gearbox', 2)"
"('rogowski coil', 2)"
"('vehicle cavity', 2)"
"('invariant measure', 2)"
"('lilioceris chodjaii', 2)"
"('crown imperial', 2)"
"('stub tuner', 2)"
"('microwave system', 2)"
"('capsule endoscopy', 2)"
"('ischnura elegans', 2)"
"('sum rule', 2)"
"('power minimization', 2)"
"('textile stripline', 2)"
"('sine oculis', 2)"
"('impedance spectroscopy', 2)"
"('tactile stimulus', 2)"
"('social facilitation', 2)"
"('wban application', 2)"
"('chemical ecology', 2)"
"('oil recovery', 2)"
"('ir radiation', 2)"
"('north sea', 2)"
"('baltic sea', 2)"
"('speckle noise', 2)"
"('feeding behavior', 2)"
"('supramolecular assembly', 2)"
"('subarray partition', 2)"
"('transformation electromagnetics', 2)"
"('circular hole', 2)"
"('propagation channel', 2)"
"('substrate mode', 2)"
"('shorted patch', 2)"
"('circulant matrix', 2)"
"('sungai batu', 2)"
"('lembah bujang', 2)"
"('mimo capacity', 2)"
"('wave impedance', 2)"
"('schumann resonance', 2)"
"('ecosystem service', 2)"
"('resistor load', 2)"
"('planar source', 2)"
"('implanted device', 2)"
"('thermal coagulation', 2)"
"('substrate permittivity', 2)"
"('mechanism design', 2)"
"('cold test', 2)"
"('rotated constellation', 2)"
"('exclusive region', 2)"
"('rf transceiver', 2)"
"('differential impedance', 2)"
"('spotlight mode', 2)"
"('phase delay', 2)"
"('anisotropic medium', 2)"
"('helmholtz decomposition', 2)"
"('wlan communication', 2)"
"('dispersion characteristic', 2)"
"('smart packaging', 2)"
"('paraboloidal reflector', 2)"
"('image method', 2)"
"('special pair', 2)"
"('royal jelly', 2)"
"('silver nanowire', 2)"
"('leaky mode', 2)"
"('bts antenna', 2)"
"('functional analysis', 2)"
"('electrospray ionisation', 2)"
"('antenna position', 2)"
"('relay assignment', 2)"
"('ethyl oleate', 2)"
"('beta distribution', 2)"
"('intercarrier interference', 2)"
"('tapered transition', 2)"
"('keyhole channel', 2)"
"('smart material', 2)"
"('antenna layout', 2)"
"('pulse generator', 2)"
"('brewster angle', 2)"
"('numerical method', 2)"
"('lateral distribution', 2)"
"('directive antenna', 2)"
"('deer mouse', 2)"
"('root detection', 2)"
"('proteinase k', 2)"
"('marx generator', 2)"
"('debris layer', 2)"
"('ground reflection', 2)"
"('ion production', 2)"
"('brazilian coast', 2)"
"('diffraction problem', 2)"
"('laminated waveguide', 2)"
"('fractional sampling', 2)"
"('polychlorinated biphenyls', 2)"
"('far voltage', 2)"
"('rural area', 2)"
"('computational modeling', 2)"
"('eag response', 2)"
"('complex impedance', 2)"
"('phase feedback', 2)"
"('impulse radar', 2)"
"('directional mac', 2)"
"('chlorobaculum tepidum', 2)"
"('helicoidal scanning', 2)"
"('directive gain', 2)"
"('asymptotic approximation', 2)"
"('signal classification', 2)"
"('neutron star', 2)"
"('minimal delay', 2)"
"('sensory adaptation', 2)"
"('bidirectional antenna', 2)"
"('lightning discharge', 2)"
"('transient impedance', 2)"
"('numerical modelling', 2)"
"('noncooperative game', 2)"
"('kriging interpolation', 2)"
"('electromagnetic modeling', 2)"
"('olfactory reception', 2)"
"('processing load', 2)"
"('metallized foam', 2)"
"('repeater antenna', 2)"
"('cell searching', 2)"
"('reconfigurable characteristic', 2)"
"('scattered field', 2)"
"('capture range', 2)"
"('broadband beamforming', 2)"
"('capsular endoscope', 2)"
"('silk moth', 2)"
"('spectral purity', 2)"
"('zero padding', 2)"
"('stieltjes transform', 2)"
"('alamouti signaling', 2)"
"('fix success', 2)"
"('angular momentum', 2)"
"('asymptotic characteristic', 2)"
"('matching pursuit', 2)"
"('gain suppression', 2)"
"('resonant mode', 2)"
"('microstrip structure', 2)"
"('phase reversal', 2)"
"('dichroic mirror', 2)"
"('parasitic line', 2)"
"('elliptical beam', 2)"
"('batesian mimicry', 2)"
"('firing rate', 2)"
"('hilbert curve', 2)"
"('symbol rate', 2)"
"('rf shield', 2)"
"('cassegrain reflector', 2)"
"('human brain', 2)"
"('outer bound', 2)"
"('relay positioning', 2)"
"('open stub', 2)"
"('shaped slot', 2)"
"('barge motion', 2)"
"('olfactory conditioning', 2)"
"('lattice tower', 2)"
"('low light', 2)"
"('plasma impedance', 2)"
"('vector ofdm', 2)"
"('physical limitation', 2)"
"('mimo ofdm', 2)"
"('q value', 2)"
"('branch capacitance', 2)"
"('incremental redundancy', 2)"
"('fitness function', 2)"
"('input matching', 2)"
"('bombykyl acetate', 2)"
"('phormia regina', 2)"
"('satellite system', 2)"
"('energy height', 2)"
"('antenna combining', 2)"
"('cylindrical scanning', 2)"
"('reception antenna', 2)"
"('antennal heart', 2)"
"('danau plexippus', 2)"
"('independent sample', 2)"
"('visual cue', 2)"
"('b ratio', 2)"
"('redox state', 2)"
"('footprint pattern', 2)"
"('tla1 protein', 2)"
"('binary sequence', 2)"
"('active layer', 2)"
"('isotropic scattering', 2)"
"('phase angle', 2)"
"('optical spectrum', 2)"
"('angle diversity', 2)"
"('tag ic', 2)"
"('time correlation', 2)"
"('cw radar', 2)"
"('analog feedback', 2)"
"('photonic sensor', 2)"
"('south pole', 2)"
"('khaya senegalensis', 2)"
"('reactance loading', 2)"
"('channel diversity', 2)"
"('mmwave wpan', 2)"
"('rate control', 2)"
"('terahertz spectrum', 2)"
"('light stress', 2)"
"('optic lobe', 2)"
"('slotline transition', 2)"
"('fundamental limitation', 2)"
"('glenea cantor', 2)"
"('sector beam', 2)"
"('measurement error', 2)"
"('thermosynechococcus elongatus', 2)"
"('interference cancelation', 2)"
"('kenyon cell', 2)"
"('evolvable hardware', 2)"
"('free distance', 2)"
"('wideband regime', 2)"
"('noncoherent capacity', 2)"
"('flexural wave', 2)"
"('perpendicular feed', 2)"
"('associative learning', 2)"
"('contention channel', 2)"
"('parameter identifiability', 2)"
"('diachasmimorpha longicaudata', 2)"
"('propagation modeling', 2)"
"('ceratitis capitata', 2)"
"('direct conversion', 2)"
"('information rate', 2)"
"('bee algorithm', 2)"
"('host detection', 2)"
"('local scattering', 2)"
"('coaxial horn', 2)"
"('plasma disruption', 2)"
"('lhw antenna', 2)"
"('global convergence', 2)"
"('prostate carcinoma', 2)"
"('hunting behavior', 2)"
"('gangetic plain', 2)"
"('tunnel diode', 2)"
"('yixian formation', 2)"
"('sequential extraction', 2)"
"('synanthedon scitula', 2)"
"('interference detection', 2)"
"('buckling analysis', 2)"
"('leg segmentation', 2)"
"('sea bream', 2)"
"('transmission spectrum', 2)"
"('effective conductivity', 2)"
"('torsional vibration', 2)"
"('implanted antenna', 2)"
"('ethyl propionate', 2)"
"('circulatory system', 2)"
"('homology modeling', 2)"
"('spacing collar', 2)"
"('radio transmitter', 2)"
"('bluetooth application', 2)"
"('localized deformation', 2)"
"('tetropium fuscum', 2)"
"('specie recognition', 2)"
"('secret communication', 2)"
"('empty spiracle', 2)"
"('sectoral sweeper', 2)"
"('phase measurement', 2)"
"('resonant cavity', 2)"
"('printed pifa', 2)"
"('wind loading', 2)"
"('intercell interference', 2)"
"('inhalation exposure', 2)"
"('dermal exposure', 2)"
"('angle resolution', 2)"
"('modeling error', 2)"
"('upon excitation', 2)"
"('chaetoceros gracilis', 2)"
"('pile row', 2)"
"('cold space', 2)"
"('frequency divider', 2)"
"('arterial bifurcation', 2)"
"('diffraction limit', 2)"
"('decoupling efficiency', 2)"
"('coded excitation', 2)"
"('cataglyphis fortis', 2)"
"('cucumis sativus', 2)"
"('plasma medium', 2)"
"('tracking antenna', 2)"
"('downlink transmission', 2)"
"('multiuser system', 2)"
"('microwave power', 2)"
"('wave concept', 2)"
"('extraterrestrial intelligence', 2)"
"('oxygen consumption', 2)"
"('equivalent channel', 2)"
"('north africa', 2)"
"('maxwell current', 2)"
"('loading effect', 2)"
"('methionine sulfoxide', 2)"
"('dual stopbands', 2)"
"('radiofrequency hyperthermia', 2)"
"('sucrose responsiveness', 2)"
"('laplace transform', 2)"
"('echo cancellation', 2)"
"('selected mapping', 2)"
"('photophysical property', 2)"
"('mode density', 2)"
"('corrugated waveguide', 2)"
"('information theory', 2)"
"('polyfractal array', 2)"
"('extended target', 2)"
"('electromagnetic noise', 2)"
"('energy conservation', 2)"
"('lh2 complex', 2)"
"('dorsal lobe', 2)"
"('rake reception', 2)"
"('energy scavenging', 2)"
"('microwave permeability', 2)"
"('silicon oxide', 2)"
"('time zero', 2)"
"('equiangular spiral', 2)"
"('mesh network', 2)"
"('wlan operation', 2)"
"('gryllodes sigillatus', 2)"
"('coastal structure', 2)"
"('talbot effect', 2)"
"('acetic acid', 2)"
"('hadamard matrix', 2)"
"('callosobruchus chinensis', 2)"
"('mutual admittance', 2)"
"('platypus koryoensis', 2)"
"('gaussian model', 2)"
"('propagation factor', 2)"
"('time diversity', 2)"
"('jasus edwardsii', 2)"
"('excited state', 2)"
"('biophysical society', 2)"
"('wireless interconnect', 2)"
"('900 mhz', 2)"
"('optimization method', 2)"
"('lagrangian duality', 2)"
"('multicode transmission', 2)"
"('iterative receiver', 2)"
"('solar corona', 2)"
"('coupling medium', 2)"
"('contact chemoreceptor', 2)"
"('mimo link', 2)"
"('density evolution', 2)"
"('extrapolation method', 2)"
"('coupled oscillator', 2)"
"('antennal flagellum', 2)"
"('differential entropy', 2)"
"('first instar', 2)"
"('chlorobium tepidum', 2)"
"('time transfer', 2)"
"('grain growth', 2)"
"('small fraction', 2)"
"('pulsed array', 2)"
"('plasma nitridation', 2)"
"('fracture characterization', 2)"
"('imperfect csit', 2)"
"('charging damage', 2)"
"('sex attractant', 2)"
"('multilayered medium', 2)"
"('reactive power', 2)"
"('circuit theory', 2)"
"('double scattering', 2)"
"('propagation velocity', 2)"
"('aditya tokamak', 2)"
"('music method', 2)"
"('phase diversity', 2)"
"('fixed frequency', 2)"
"('gps antenna', 2)"
"('cross antenna', 2)"
"('inverse scattering', 2)"
"('interference statistic', 2)"
"('group code', 2)"
"('specific attenuation', 2)"
"('photon absorption', 2)"
"('loss factor', 2)"
"('meligethes aeneus', 2)"
"('adaptive threshold', 2)"
"('folded slot', 2)"
"('digital broadcasting', 2)"
"('window function', 2)"
"('luneberg lens', 2)"
"('edge extension', 2)"
"('antenna separation', 2)"
"('fading number', 2)"
"('stochastic background', 2)"
"('female choice', 2)"
"('monochamus saltuarius', 2)"
"('atrial flutter', 2)"
"('sige hbt', 2)"
"('path diversity', 2)"
"('multicarrier modulation', 2)"
"('phosphate rock', 2)"
"('variational method', 2)"
"('turbo equalization', 2)"
"('relativistic gravity', 2)"
"('sunrise effect', 2)"
"('reproductive capacity', 2)"
"('wireless system', 2)"
"('antenna protein', 2)"
"('1800 mhz', 2)"
"('step length', 2)"
"('source location', 2)"
"('unitary matrix', 2)"
"('plasma damage', 2)"
"('new caledonia', 2)"
"('oversized waveguide', 2)"
"('cell shape', 2)"
"('inflatable structure', 2)"
"('adaptive detection', 2)"
"('decision feedback', 2)"
"('moisture density', 2)"
"('ulva pertusa', 2)"
"('single carrier', 2)"
"('mass spectroscopy', 2)"
"('sensilla styloconica', 2)"
"('terminal domain', 2)"
"('photosynthetic activity', 2)"
"('pea mutant', 2)"
"('hypsipyla grandella', 2)"
"('chlorobium phaeobacteroides', 2)"
"('patch length', 2)"
"('differential equation', 2)"
"('membrane protein', 2)"
"('phase response', 2)"
"('iterative solution', 2)"
"('cylindrical antenna', 2)"
"('external argument', 2)"
"('pattern correlation', 2)"
"('finite element', 2)"
"('unexploded ordnance', 2)"
"('photochemical quenching', 2)"
"('superresolution method', 2)"
"('metabolic engineering', 2)"
"('primer pheromone', 2)"
"('dipropyl disulfide', 2)"
"('auxiliary pilot', 2)"
"('15 ghz', 2)"
"('timing estimation', 2)"
"('rbf equalizer', 2)"
"('blocking probability', 2)"
"('bandwidth reservation', 2)"
"('loop probe', 2)"
"('electron crystallography', 2)"
"('prochlorothrix hollandica', 2)"
"('constellation labeling', 2)"
"('elasmopalpus lignosellus', 2)"
"('thermographic method', 2)"
"('matrix equation', 2)"
"('eigenvalue distribution', 2)"
"('coeloconic sensilla', 2)"
"('regional hyperthermia', 2)"
"('soft handover', 2)"
"('euglena gracilis', 2)"
"('transmission diversity', 2)"
"('body weight', 2)"
"('west indie', 2)"
"('semiconductor laser', 2)"
"('dtv reception', 2)"
"('car antenna', 2)"
"('fractal array', 2)"
"('adaptive loading', 2)"
"('prolate spheroid', 2)"
"('chiral material', 2)"
"('waveguide component', 2)"
"('deterministic deconvolution', 2)"
"('radiobase antenna', 2)"
"('choline acetyltransferase', 2)"
"('antenna sectorization', 2)"
"('multilevel algorithm', 2)"
"('multipole theory', 2)"
"('radio telemetry', 2)"
"('ttl method', 2)"
"('resistive plate', 2)"
"('subcell model', 2)"
"('cylindrical structure', 2)"
"('erlang capacity', 2)"
"('coccinella septempunctata', 2)"
"('lattice model', 2)"
"('feeding current', 2)"
"('puf operon', 2)"
"('energy transport', 2)"
"('structural plasticity', 2)"
"('crangon crangon', 2)"
"('fast deposition', 2)"
"('source separation', 2)"
"('control software', 2)"
"('backward excitation', 2)"
"('sidelobe canceler', 2)"
"('sectoral horn', 2)"
"('ferrite absorber', 2)"
"('block code', 2)"
"('food quality', 2)"
"('plasma etching', 2)"
"('reverse link', 2)"
"('normalized impedance', 2)"
"('cho cell', 2)"
"('thermal deactivation', 2)"
"('distribution pattern', 2)"
"('subjective nature', 2)"
"('format suitable', 2)"
"('propagation mechanism', 2)"
"('magnetic plate', 2)"
"('surface current', 2)"
"('hemileuca eglanterina', 2)"
"('host age', 2)"
"('defensive secretion', 2)"
"('chrysoperla carnea', 2)"
"('cherenkov radiation', 2)"
"('cellular telephone', 2)"
"('sensory neuron', 2)"
"('wall admittance', 2)"
"('optical modulator', 2)"
"('photoacoustic spectrum', 2)"
"('surface modification', 2)"
"('uv radiation', 2)"
"('contact chemoreception', 2)"
"('nun moth', 2)"
"('perillus bioculatus', 2)"
"('podisus maculiventris', 2)"
"('contact defect', 2)"
"('radiation mode', 2)"
"('uhf plasma', 2)"
"('sar distribution', 2)"
"('aphis gossypii', 2)"
"('ridged waveguide', 2)"
"('zeolite microcrystals', 2)"
"('layered structure', 2)"
"('homarus americanus', 2)"
"('computer model', 2)"
"('hylobius abietis', 2)"
"('lutzomyia longipalpis', 2)"
"('optical waveguide', 2)"
"('carausius morosus', 2)"
"('nadph diaphorase', 2)"
"('thermosensitive liposome', 2)"
"('balearic island', 2)"
"('misell algorithm', 2)"
"('oviposition stimulant', 2)"
"('pygidial gland', 2)"
"('host finding', 2)"
"('downstream region', 2)"
"('convergence characteristic', 2)"
"('iron stress', 2)"
"('sensory axon', 2)"
"('pore tubule', 2)"
"('protein phosphorylation', 2)"
"('primary donor', 2)"
"('oxygen tension', 2)"
"('phase partition', 2)"
"('suboesophageal ganglion', 2)"
"('gonyaulax polyedra', 2)"
"('heliothis zea', 2)"
"('h orientation', 2)"
"('vitamin k1', 2)"
"('photosystem stoichiometry', 2)"
"('thermal conduction', 2)"
"('racemic mixture', 2)"
"('low concentration', 2)"
"('hexane produce', 2)"
"('different configuration', 2)"
"('dna synthesis', 2)"
"('sarcoplasmic reticulum', 2)"
"('callosobruchus maculatus', 2)"
"('rhodopseudomonas viridis', 2)"
"('chloroplast lipid', 2)"
"('bean weevil', 2)"
"('stark splitting', 1)"
"('festuca arundinacea', 1)"
"('urban agriculture', 1)"
"('biochar amendment', 1)"
"('polish carpathians', 1)"
"('forest expansion', 1)"
"('brain atrophy', 1)"
"('flooding risk', 1)"
"('salt mist', 1)"
"('aeroelastic vibration', 1)"
"('marine megafauna', 1)"
"('idle condition', 1)"
"('combustion region', 1)"
"('coal reservoir', 1)"
"('coni nanoparticles', 1)"
"('masonry bridge', 1)"
"('acetylcholine esterase', 1)"
"('smart contract', 1)"
"('noise barrier', 1)"
"('desert steppe', 1)"
"('marine gravimetry', 1)"
"('transcriptome analysis', 1)"
"('dioryctria abietella', 1)"
"('volume shrinkage', 1)"
"('cooperative transport', 1)"
"('cable model', 1)"
"('mimo configuration', 1)"
"('doppler compensation', 1)"
"('eavesdropping user', 1)"
"('beampattern matching', 1)"
"('array splitting', 1)"
"('antenna reuse', 1)"
"('metamorphic development', 1)"
"('uav motor', 1)"
"('energy input', 1)"
"('energy gain', 1)"
"('discrete modulation', 1)"
"('aulacocentrum confusum', 1)"
"('local sink', 1)"
"('personal measurement', 1)"
"('traffic congestion', 1)"
"('breast hyperthermia', 1)"
"('precursor d1', 1)"
"('nicotiana benthamiana', 1)"
"('collaborative offloading', 1)"
"('hormone signaling', 1)"
"('wavelet pooling', 1)"
"('irrg image', 1)"
"('milpa fallow', 1)"
"('experimental testing', 1)"
"('yig ferrite', 1)"
"('harmonic rejection', 1)"
"('mahalanobis distance', 1)"
"('concrete debris', 1)"
"('collision simulation', 1)"
"('aircraft nose', 1)"
"('smooth film', 1)"
"('pulsed plasma', 1)"
"('direct approach', 1)"
"('composite system', 1)"
"('ammunition tank', 1)"
"('hemp shiv', 1)"
"('microbial respiration', 1)"
"('environmental management', 1)"
"('beach wrack', 1)"
"('land transformation', 1)"
"('interdigital antenna', 1)"
"('guided restoration', 1)"
"('electricity consumption', 1)"
"('environmental stability', 1)"
"('emi shielding', 1)"
"('aramid fiber', 1)"
"('quadrature demodulator', 1)"
"('defense range', 1)"
"('lane offset', 1)"
"('horizontal alignment', 1)"
"('climate driver', 1)"
"('seedling stage', 1)"
"('maturity stage', 1)"
"('eichhornia crassipes', 1)"
"('microcontroller unit', 1)"
"('radio wave', 1)"
"('key management', 1)"
"('asset tracking', 1)"
"('subcellular distribution', 1)"
"('chicoric acid', 1)"
"('latent fingerprint', 1)"
"('cd contamination', 1)"
"('human pressure', 1)"
"('printed graphene', 1)"
"('precision fertilization', 1)"
"('stack design', 1)"
"('forestry practice', 1)"
"('blade antenna', 1)"
"('complex surface', 1)"
"('plant density', 1)"
"('cattle counting', 1)"
"('rao detection', 1)"
"('multilevel thresholding', 1)"
"('wax moth', 1)"
"('medicago sativa', 1)"
"('model generalization', 1)"
"('polygonatum verticillatum', 1)"
"('static friction', 1)"
"('hybrid engine', 1)"
"('rapid tool', 1)"
"('hybrid control', 1)"
"('exponential boundedness', 1)"
"('3d environment', 1)"
"('surface waveguide', 1)"
"('graph similarity', 1)"
"('check dam', 1)"
"('silicon photomultiplier', 1)"
"('tracer test', 1)"
"('low tide', 1)"
"('strain energy', 1)"
"('space tracking', 1)"
"('lake onega', 1)"
"('lacustrine turbidites', 1)"
"('specialty fiber', 1)"
"('sisl platform', 1)"
"('specification mining', 1)"
"('slope mapping', 1)"
"('beach use', 1)"
"('ablation profile', 1)"
"('watershed algorithm', 1)"
"('cancer marker', 1)"
"('dynamic deformation', 1)"
"('oxalic acid', 1)"
"('neighbor count', 1)"
"('hop count', 1)"
"('southeastern tibet', 1)"
"('fracture density', 1)"
"('plant phenology', 1)"
"('subtle change', 1)"
"('seabed vibration', 1)"
"('nonlinear gradient', 1)"
"('numerical study', 1)"
"('tdl structure', 1)"
"('gielis superformula', 1)"
"('abp determination', 1)"
"('infrastructure inspection', 1)"
"('northwest iberia', 1)"
"('supervised autonomy', 1)"
"('slope gradient', 1)"
"('cumuliform cloud', 1)"
"('buffer management', 1)"
"('supraglacial lake', 1)"
"('elevation change', 1)"
"('debris cover', 1)"
"('interconnect bandwidth', 1)"
"('pit lake', 1)"
"('geological survey', 1)"
"('channel emulator', 1)"
"('altitude controller', 1)"
"('urban mobility', 1)"
"('urban logistics', 1)"
"('colpocephalum pectinatum', 1)"
"('citrus gummosis', 1)"
"('terrestrial adaptation', 1)"
"('cerebral nerve', 1)"
"('random walk', 1)"
"('optimal condition', 1)"
"('cavity imager', 1)"
"('harmonic sensor', 1)"
"('polarization modulation', 1)"
"('petroselinum crispum', 1)"
"('neophilaenus campestris', 1)"
"('talus slope', 1)"
"('selective metallisation', 1)"
"('magnetic disturbance', 1)"
"('river ice', 1)"
"('photonic jet', 1)"
"('optical torque', 1)"
"('dipole approximation', 1)"
"('terrain reconstruction', 1)"
"('sister group', 1)"
"('seamless scanning', 1)"
"('storm cluster', 1)"
"('cloud flash', 1)"
"('carbon footprint', 1)"
"('rectangular stub', 1)"
"('optical field', 1)"
"('dueling ddqn', 1)"
"('trust evaluation', 1)"
"('reconnaissance system', 1)"
"('mission duration', 1)"
"('soil transfer', 1)"
"('panax ginseng', 1)"
"('leather substrate', 1)"
"('powerline inspection', 1)"
"('ground segment', 1)"
"('culex erythrothorax', 1)"
"('zinc nitrate', 1)"
"('zinc acetate', 1)"
"('witczak model', 1)"
"('dynamic modulus', 1)"
"('collection efficiency', 1)"
"('processing tomato', 1)"
"('aerodynamic coefficient', 1)"
"('site displacement', 1)"
"('hollow beam', 1)"
"('terahertz domain', 1)"
"('ectropis grisescens', 1)"
"('visible frequency', 1)"
"('dc block', 1)"
"('beibu gulf', 1)"
"('automatic extraction', 1)"
"('frequency invariant', 1)"
"('planar technology', 1)"
"('circular feature', 1)"
"('differential filtering', 1)"
"('endogenous uncertainty', 1)"
"('shadow simulation', 1)"
"('high accuracy', 1)"
"('feature weighting', 1)"
"('geometrical constraint', 1)"
"('particle size', 1)"
"('heading date', 1)"
"('cliff monitoring', 1)"
"('integral calibration', 1)"
"('correlative radiometer', 1)"
"('sectorial beam', 1)"
"('operational reliability', 1)"
"('strategic risk', 1)"
"('portfolio component', 1)"
"('stream temperature', 1)"
"('lateral inflow', 1)"
"('wideband reflector', 1)"
"('cigar tobacco', 1)"
"('nash optimization', 1)"
"('rhopalosiphum maidis', 1)"
"('large tree', 1)"
"('central greece', 1)"
"('artificial coast', 1)"
"('vine characterization', 1)"
"('goblet vineyard', 1)"
"('ground filtering', 1)"
"('brunei darussalam', 1)"
"('spectral diversity', 1)"
"('delay bias', 1)"
"('nitrogen fertilization', 1)"
"('narrow passage', 1)"
"('expansion degree', 1)"
"('growth stage', 1)"
"('aethina tumida', 1)"
"('daily et', 1)"
"('3d detection', 1)"
"('mutual isolation', 1)"
"('content distribution', 1)"
"('coalition game', 1)"
"('amplitude ratio', 1)"
"('differential throttle', 1)"
"('solution space', 1)"
"('product redesign', 1)"
"('bent branch', 1)"
"('arginine biosynthesis', 1)"
"('pudendal neuralgia', 1)"
"('constraint violation', 1)"
"('code generation', 1)"
"('control framework', 1)"
"('governance assessment', 1)"
"('3d force', 1)"
"('prosail model', 1)"
"('lidar data', 1)"
"('video interpolation', 1)"
"('amplitude spacing', 1)"
"('poultry litter', 1)"
"('drone technology', 1)"
"('radar sensing', 1)"
"('localized exciton', 1)"
"('medical supply', 1)"
"('railroad bridge', 1)"
"('energy cycle', 1)"
"('massive electromagnetism', 1)"
"('common resonator', 1)"
"('vessel localization', 1)"
"('covert transmission', 1)"
"('noise diode', 1)"
"('voltage responsivity', 1)"
"('customized capacitor', 1)"
"('cmos detector', 1)"
"('communication security', 1)"
"('gust wind', 1)"
"('gas concentration', 1)"
"('expansive soil', 1)"
"('collapse dolines', 1)"
"('solar fuel', 1)"
"('infinite slope', 1)"
"('ground ice', 1)"
"('aerial oxygen', 1)"
"('concave lens', 1)"
"('sandy beach', 1)"
"('game engine', 1)"
"('modeling method', 1)"
"('filtering characteristic', 1)"
"('metal bar', 1)"
"('refraction seismic', 1)"
"('sinis detector', 1)"
"('water waveguide', 1)"
"('iron plaque', 1)"
"('crematogaster rogenhoferi', 1)"
"('mantle cloaking', 1)"
"('pseudotorymus jaapiellae', 1)"
"('mean delay', 1)"
"('manifold separation', 1)"
"('equalization method', 1)"
"('baseline data', 1)"
"('tensor voting', 1)"
"('dental mri', 1)"
"('hypolimnetic aeration', 1)"
"('assimilation capacity', 1)"
"('concrete structure', 1)"
"('aerial surveillance', 1)"
"('broadside radiating', 1)"
"('soft gripper', 1)"
"('soft actuator', 1)"
"('cooperative searching', 1)"
"('surveillance drone', 1)"
"('mutation operator', 1)"
"('37 ghz', 1)"
"('option contract', 1)"
"('emergency logistics', 1)"
"('flight coordination', 1)"
"('airborne drift', 1)"
"('gazebo simulator', 1)"
"('video stream', 1)"
"('mapping accuracy', 1)"
"('watershed management', 1)"
"('sunflower lodging', 1)"
"('qilian mountain', 1)"
"('flight height', 1)"
"('microwave switch', 1)"
"('liver transplantation', 1)"
"('gnss station', 1)"
"('dynamic differentiator', 1)"
"('thanasimus substriatus', 1)"
"('vehicular iot', 1)"
"('rotor dynamic', 1)"
"('averaging theory', 1)"
"('attitude system', 1)"
"('summation slot', 1)"
"('curved metal', 1)"
"('air cavity', 1)"
"('magnetic compensation', 1)"
"('surface observation', 1)"
"('cold pool', 1)"
"('polarizing modulator', 1)"
"('repulsive force', 1)"
"('avoidance behaviour', 1)"
"('stress marker', 1)"
"('ojip test', 1)"
"('radiolocation application', 1)"
"('design flexibility', 1)"
"('waypoint navigation', 1)"
"('bandwidth adjustment', 1)"
"('reverse calculation', 1)"
"('agisoft metashape', 1)"
"('soil surface', 1)"
"('specie level', 1)"
"('old landslide', 1)"
"('north slope', 1)"
"('learning automaton', 1)"
"('drainage network', 1)"
"('roof segment', 1)"
"('copper concentration', 1)"
"('window size', 1)"
"('traffic calming', 1)"
"('traffic assignment', 1)"
"('phase congruency', 1)"
"('histogram matching', 1)"
"('voltage sensor', 1)"
"('seepage failure', 1)"
"('environmental backscattering', 1)"
"('action research', 1)"
"('conflict management', 1)"
"('ecotype formation', 1)"
"('swarm optimization', 1)"
"('control network', 1)"
"('atoll island', 1)"
"('user tracking', 1)"
"('mount agung', 1)"
"('eruptive crisis', 1)"
"('harmonic reaction', 1)"
"('bovine lactoferrin', 1)"
"('vop compression', 1)"
"('parasitic parameter', 1)"
"('gain selectivity', 1)"
"('industrial internet', 1)"
"('environmental test', 1)"
"('dimensional stability', 1)"
"('trivalent lanthanide', 1)"
"('flexible material', 1)"
"('bone metastasis', 1)"
"('spontaneous revegetation', 1)"
"('telecom structure', 1)"
"('power oscillator', 1)"
"('filter synthesis', 1)"
"('hybrid framework', 1)"
"('aromatic plant', 1)"
"('gully formation', 1)"
"('overlapping interference', 1)"
"('security screening', 1)"
"('profile reconstruction', 1)"
"('wideband signal', 1)"
"('tropical crop', 1)"
"('drift deposition', 1)"
"('polarization orthogonality', 1)"
"('nonlinear taper', 1)"
"('amplitude modulation', 1)"
"('gamma spectrometer', 1)"
"('breast model', 1)"
"('climbing robot', 1)"
"('colour mutant', 1)"
"('zf precoding', 1)"
"('mrt precoding', 1)"
"('phenolic acid', 1)"
"('caffeoylquinic acid', 1)"
"('renewable energy', 1)"
"('viscoelastic property', 1)"
"('rocas atoll', 1)"
"('dirac semimetal', 1)"
"('dome growth', 1)"
"('distortion effect', 1)"
"('fabric structure', 1)"
"('zn substitution', 1)"
"('mosquito control', 1)"
"('reproductive toxicity', 1)"
"('carrier leakage', 1)"
"('composite film', 1)"
"('shiveluch volcano', 1)"
"('disaster response', 1)"
"('basilicata region', 1)"
"('roman town', 1)"
"('topological insulator', 1)"
"('landsat 8', 1)"
"('actual evapotranspiration', 1)"
"('phase correlation', 1)"
"('harris detector', 1)"
"('canopy surface', 1)"
"('beam splitter', 1)"
"('physical progress', 1)"
"('sum beam', 1)"
"('dielectric paste', 1)"
"('vegetation recovery', 1)"
"('first responder', 1)"
"('built heritage', 1)"
"('integrated controller', 1)"
"('parabolic equation', 1)"
"('coplanar capacitance', 1)"
"('pest control', 1)"
"('forest index', 1)"
"('weed cutting', 1)"
"('hemolytic activity', 1)"
"('spatial gradient', 1)"
"('electromagnetic immunity', 1)"
"('nested design', 1)"
"('interferer node', 1)"
"('color noise', 1)"
"('wildlife monitoring', 1)"
"('knee injury', 1)"
"('werenskiold glacier', 1)"
"('stereoscopic plotting', 1)"
"('precision positioning', 1)"
"('gastrointestinal tract', 1)"
"('coupling removal', 1)"
"('differential current', 1)"
"('noncontact monitoring', 1)"
"('strain fatigue', 1)"
"('bended structure', 1)"
"('bacteriochlorophyll g', 1)"
"('quarantined area', 1)"
"('navigation correction', 1)"
"('active jamming', 1)"
"('sex identification', 1)"
"('tuberous root', 1)"
"('pulse shortening', 1)"
"('metalens array', 1)"
"('pellet microstructure', 1)"
"('lane discipline', 1)"
"('sexual recognition', 1)"
"('rhizobium inoculation', 1)"
"('scanning angle', 1)"
"('atlantic salmon', 1)"
"('myotis lucifugus', 1)"
"('optical bandgap', 1)"
"('antenna module', 1)"
"('trophic conversion', 1)"
"('systematic strategy', 1)"
"('airspace design', 1)"
"('aerial communication', 1)"
"('wideband beamforming', 1)"
"('electric aircraft', 1)"
"('thrust loss', 1)"
"('bird strike', 1)"
"('pollution monitoring', 1)"
"('shoreline indicator', 1)"
"('profile model', 1)"
"('beach toe', 1)"
"('multicarrier transceiver', 1)"
"('intrabody nanonetworks', 1)"
"('data freshness', 1)"
"('chlorophyll degradation', 1)"
"('color index', 1)"
"('pursuit algorithm', 1)"
"('gustatory reception', 1)"
"('sidelobe calculation', 1)"
"('scale height', 1)"
"('v2x network', 1)"
"('double irs', 1)"
"('ruin theory', 1)"
"('atmospheric compensation', 1)"
"('vascular plant', 1)"
"('transparent relay', 1)"
"('bioactive compound', 1)"
"('self healing', 1)"
"('systemic regulation', 1)"
"('charging scheduling', 1)"
"('stochastic stability', 1)"
"('communication rate', 1)"
"('textural metric', 1)"
"('desert shrub', 1)"
"('deception attack', 1)"
"('package delivery', 1)"
"('visual classification', 1)"
"('quality model', 1)"
"('adaptive assistance', 1)"
"('seed germination', 1)"
"('attitude tracking', 1)"
"('steering matrix', 1)"
"('6g communication', 1)"
"('simultaneous attack', 1)"
"('fully actuated', 1)"
"('cassels algorithm', 1)"
"('stability curve', 1)"
"('kronecker decomposition', 1)"
"('dynamic shimming', 1)"
"('line descriptor', 1)"
"('myo armband', 1)"
"('laser interferometry', 1)"
"('backward heating', 1)"
"('civil society', 1)"
"('american pragmatism', 1)"
"('head louse', 1)"
"('body louse', 1)"
"('energy use', 1)"
"('total polyphenols', 1)"
"('corema album', 1)"
"('enantioselective photopolymerization', 1)"
"('zhangye basin', 1)"
"('minle fault', 1)"
"('late quaternary', 1)"
"('hurst exponent', 1)"
"('carboxylic acid', 1)"
"('silicon nanoparticles', 1)"
"('microbial community', 1)"
"('premature convergence', 1)"
"('enhancement mechanism', 1)"
"('teucrium sandrasicum', 1)"
"('red clover', 1)"
"('spectral information', 1)"
"('vegetation structure', 1)"
"('coil antenna', 1)"
"('steam reforming', 1)"
"('severe attenuation', 1)"
"('elbow method', 1)"
"('meteor echo', 1)"
"('asymmetric tide', 1)"
"('heavy payload', 1)"
"('multiphase', 1)"
"('head epidermis', 1)"
"('ball lens', 1)"
"('eigenvector correlation', 1)"
"('indirect estimation', 1)"
"('gaze direction', 1)"
"('eyelid closure', 1)"
"('fruit detection', 1)"
"('fugitive dust', 1)"
"('sleep strategy', 1)"
"('demilitarized zone', 1)"
"('induction heating', 1)"
"('target characterization', 1)"
"('oriented object', 1)"
"('14 ghz', 1)"
"('redundant robot', 1)"
"('mechanical transformation', 1)"
"('response time', 1)"
"('horizontal slit', 1)"
"('workload balance', 1)"
"('octyl hexanoate', 1)"
"('ambient backscatter', 1)"
"('cooperative noma', 1)"
"('npq component', 1)"
"('eddy diffusivity', 1)"
"('turbofan engine', 1)"
"('thz emission', 1)"
"('radiation footprint', 1)"
"('multirotor suas', 1)"
"('parallel scheme', 1)"
"('bifocal principle', 1)"
"('target assignment', 1)"
"('dynamic displacement', 1)"
"('flight conversion', 1)"
"('uav autolanding', 1)"
"('prothrombin time', 1)"
"('laboratory value', 1)"
"('concrete delamination', 1)"
"('reflector height', 1)"
"('stratospheric balloon', 1)"
"('dropsonde technology', 1)"
"('genomic prediction', 1)"
"('genetic relatedness', 1)"
"('droplet distribution', 1)"
"('cylindrical shell', 1)"
"('flexible hose', 1)"
"('diffusion process', 1)"
"('range migration', 1)"
"('2d material', 1)"
"('humpback whale', 1)"
"('metal block', 1)"
"('insufficient cp', 1)"
"('wireless bridge', 1)"
"('wban uwb', 1)"
"('dynamic oversampling', 1)"
"('technology transfer', 1)"
"('downie slide', 1)"
"('concentric ring', 1)"
"('training snr', 1)"
"('resource pricing', 1)"
"('poisson traffic', 1)"
"('feeding topology', 1)"
"('power received', 1)"
"('malicious uavs', 1)"
"('echinochloa caudata', 1)"
"('pest management', 1)"
"('portfolio selection', 1)"
"('atomic receiver', 1)"
"('differential flatness', 1)"
"('annular antenna', 1)"
"('descent method', 1)"
"('fatigue life', 1)"
"('genome erosion', 1)"
"('spin current', 1)"
"('optical cavity', 1)"
"('fourier microscopy', 1)"
"('trochoidal dichroism', 1)"
"('eucryptorrhynchus brandti', 1)"
"('binding simulation', 1)"
"('swarming uavs', 1)"
"('otongachi reserve', 1)"
"('protaetia brevitarsis', 1)"
"('co2 electroreduction', 1)"
"('homeostatic plasticity', 1)"
"('diffraction effect', 1)"
"('neighbourhood selection', 1)"
"('irrigation channel', 1)"
"('mutual prediction', 1)"
"('binary integration', 1)"
"('relative navigation', 1)"
"('probabilistic roadmap', 1)"
"('landcover change', 1)"
"('strip adjustment', 1)"
"('mountainous area', 1)"
"('multirotor uav', 1)"
"('redundant data', 1)"
"('spectral characteristic', 1)"
"('dynamic texture', 1)"
"('andrographis echioides', 1)"
"('advanced potential', 1)"
"('rfid middleware', 1)"
"('probabilistic reachability', 1)"
"('safety cost', 1)"
"('heating uniformity', 1)"
"('button antenna', 1)"
"('generalized jacobian', 1)"
"('led panel', 1)"
"('vacuum environment', 1)"
"('cancer therapy', 1)"
"('compact hfswr', 1)"
"('sediment delivery', 1)"
"('chemical emission', 1)"
"('tropidothorax elegans', 1)"
"('chemosensory receptor', 1)"
"('underwater communication', 1)"
"('discontinuous surface', 1)"
"('superior transparency', 1)"
"('polarization stability', 1)"
"('mechanism mode', 1)"
"('unpaired dataset', 1)"
"('generalization ability', 1)"
"('surface water', 1)"
"('rural heritage', 1)"
"('eddy covariance', 1)"
"('spatial statistic', 1)"
"('nonlinear characterization', 1)"
"('alerting system', 1)"
"('subaperture technique', 1)"
"('deramping operation', 1)"
"('similarity test', 1)"
"('distance measure', 1)"
"('broadband vlbi', 1)"
"('spiral line', 1)"
"('discretization scheme', 1)"
"('pitch control', 1)"
"('wireless device', 1)"
"('minimum blocklength', 1)"
"('protected zone', 1)"
"('tag orientation', 1)"
"('intensity modulation', 1)"
"('network densification', 1)"
"('gene activity', 1)"
"('microwave irradiation', 1)"
"('inner approximation', 1)"
"('casualty area', 1)"
"('multitone signal', 1)"
"('polarization shaping', 1)"
"('diplexing antenna', 1)"
"('antimicrobial peptide', 1)"
"('diagonal analysis', 1)"
"('engineered nanoparticles', 1)"
"('pseudorange bias', 1)"
"('cpsrp pathway', 1)"
"('dual strip', 1)"
"('dual patch', 1)"
"('microfluidic channel', 1)"
"('energy absorber', 1)"
"('spiral geometry', 1)"
"('crossfingers structure', 1)"
"('affine transformation', 1)"
"('east junggar', 1)"
"('superwideband application', 1)"
"('differential attack', 1)"
"('smart rock', 1)"
"('table tennis', 1)"
"('skeleton detection', 1)"
"('medial axis', 1)"
"('flux representation', 1)"
"('topographic change', 1)"
"('surface displacement', 1)"
"('controlling factor', 1)"
"('greenhouse bioassay', 1)"
"('soil subsidence', 1)"
"('freshwater aquifer', 1)"
"('tie point', 1)"
"('antenna clustering', 1)"
"('biodiversity change', 1)"
"('transformation approach', 1)"
"('trimerization motif', 1)"
"('natural rubber', 1)"
"('loading analysis', 1)"
"('governance management', 1)"
"('zhongbao landslide', 1)"
"('barrier lake', 1)"
"('fixed gain', 1)"
"('high payload', 1)"
"('velocity constraint', 1)"
"('multiplier effect', 1)"
"('impact angle', 1)"
"('space modulation', 1)"
"('mixed noise', 1)"
"('doppler suppression', 1)"
"('signal fraction', 1)"
"('integer splitting', 1)"
"('pinch row', 1)"
"('jetson tx2', 1)"
"('electronic tag', 1)"
"('hop size', 1)"
"('needle targeting', 1)"
"('rf identification', 1)"
"('bond strength', 1)"
"('codlemone acetate', 1)"
"('phase profile', 1)"
"('telemedicine system', 1)"
"('variance component', 1)"
"('joint transmit', 1)"
"('delivery time', 1)"
"('smart radome', 1)"
"('electromagnetic screen', 1)"
"('xiaojiang fault', 1)"
"('tidal marsh', 1)"
"('accretion rate', 1)"
"('sensing antenna', 1)"
"('transmission resiliency', 1)"
"('environmental adaptability', 1)"
"('wave glider', 1)"
"('japan trench', 1)"
"('timed array', 1)"
"('host genotype', 1)"
"('taylor hypothesis', 1)"
"('chilo sacchariphagus', 1)"
"('carbon nanoarchitectures', 1)"
"('coastal cliff', 1)"
"('rhythmic feature', 1)"
"('boundary extraction', 1)"
"('empirical knowledge', 1)"
"('building model', 1)"
"('marine turtle', 1)"
"('variance estimator', 1)"
"('unsupervised learning', 1)"
"('shannon number', 1)"
"('jacobi method', 1)"
"('geodetic instrument', 1)"
"('hemipyrellia ligurriens', 1)"
"('mesostigma viride', 1)"
"('matching medium', 1)"
"('yolo network', 1)"
"('ergodicity principle', 1)"
"('proximity behavior', 1)"
"('formation maintenance', 1)"
"('flying robot', 1)"
"('image pair', 1)"
"('jute semilooper', 1)"
"('iteration order', 1)"
"('dacrydium pierrei', 1)"
"('conservation issue', 1)"
"('sand fly', 1)"
"('preamble collision', 1)"
"('coherent integration', 1)"
"('array nonstationarity', 1)"
"('guiding path', 1)"
"('small wetland', 1)"
"('tillage intensity', 1)"
"('fixed reader', 1)"
"('eurasian beaver', 1)"
"('toroidal wave', 1)"
"('semitransparent reflector', 1)"
"('interval uncertainty', 1)"
"('ceramic superstrate', 1)"
"('microwave blackbody', 1)"
"('event classification', 1)"
"('anthropogenic activity', 1)"
"('composite insulator', 1)"
"('biofuel cell', 1)"
"('sensing order', 1)"
"('exhaustive search', 1)"
"('motion sensing', 1)"
"('air permeability', 1)"
"('ion uptake', 1)"
"('copper stress', 1)"
"('olive tree', 1)"
"('surgical robot', 1)"
"('rcm constraint', 1)"
"('operational expenditure', 1)"
"('capital expenditure', 1)"
"('chrysopogon zizanioides', 1)"
"('array integration', 1)"
"('cinnamomum camphora', 1)"
"('growing status', 1)"
"('molecular simulation', 1)"
"('wheat genotype', 1)"
"('reflector pin', 1)"
"('polymeric film', 1)"
"('bilayer actuator', 1)"
"('trp channel', 1)"
"('trajectory adjustment', 1)"
"('boli landslide', 1)"
"('southern apennines', 1)"
"('hydrothermal fluid', 1)"
"('minimum entropy', 1)"
"('analysis module', 1)"
"('energy allocation', 1)"
"('perfect coding', 1)"
"('seismic risk', 1)"
"('building inspection', 1)"
"('common vervain', 1)"
"('clove bud', 1)"
"('calibration model', 1)"
"('northern california', 1)"
"('bull kelp', 1)"
"('traganum moquinii', 1)"
"('mascarene basin', 1)"
"('3d location', 1)"
"('reliability assessment', 1)"
"('unpaved road', 1)"
"('monostatic radar', 1)"
"('reverse learning', 1)"
"('trpm channel', 1)"
"('acoustic communication', 1)"
"('energy saving', 1)"
"('hypoxic tumor', 1)"
"('polarization convertor', 1)"
"('multilayered superstrate', 1)"
"('slope kinematics', 1)"
"('hope slide', 1)"
"('robotic manipulator', 1)"
"('osun state', 1)"
"('black fly', 1)"
"('crack identification', 1)"
"('current neutralization', 1)"
"('hepatic vein', 1)"
"('cotton aphid', 1)"
"('spatial metric', 1)"
"('edge density', 1)"
"('acoustic measurement', 1)"
"('power transfer', 1)"
"('design automation', 1)"
"('quantitative pcr', 1)"
"('rectangular microstrip', 1)"
"('avicennia marina', 1)"
"('basalt fabric', 1)"
"('propeller location', 1)"
"('software protection', 1)"
"('hardware protection', 1)"
"('contaminated soil', 1)"
"('millimeter accuracy', 1)"
"('2d mxene', 1)"
"('parameterized mpc', 1)"
"('harvesting 2', 1)"
"('submarine cave', 1)"
"('ryukyu island', 1)"
"('okinawa island', 1)"
"('wireless relay', 1)"
"('photovoltaic technology', 1)"
"('dynamic performance', 1)"
"('building use', 1)"
"('variable importance', 1)"
"('multiscale texture', 1)"
"('fluvial geomorphology', 1)"
"('nymphoides cristata', 1)"
"('plant parameter', 1)"
"('instantaneous frequency', 1)"
"('subspace learning', 1)"
"('sample neighbor', 1)"
"('label ambiguity', 1)"
"('boundary maintenance', 1)"
"('linear model', 1)"
"('dielectric anisotropy', 1)"
"('shape factor', 1)"
"('crim model', 1)"
"('stochastic dosimetry', 1)"
"('cadastre modernization', 1)"
"('web ar', 1)"
"('polarization distortion', 1)"
"('crown area', 1)"
"('greedy search', 1)"
"('snow drought', 1)"
"('convergent network', 1)"
"('orthogonal slicing', 1)"
"('dynamic multiplexing', 1)"
"('quadrotor formation', 1)"
"('square branch', 1)"
"('automated inventory', 1)"
"('radiation formation', 1)"
"('vibration measurement', 1)"
"('bias power', 1)"
"('bias frequency', 1)"
"('forest monitoring', 1)"
"('japanese cypress', 1)"
"('japanese cedar', 1)"
"('sensing system', 1)"
"('western junggar', 1)"
"('technical competence', 1)"
"('simulation learning', 1)"
"('antenna simulation', 1)"
"('sojourn time', 1)"
"('ash depth', 1)"
"('soyang lake', 1)"
"('transmit correlation', 1)"
"('batteryless backscatter', 1)"
"('dam breach', 1)"
"('start deviating', 1)"
"('ii star', 1)"
"('design sensitivity', 1)"
"('stand structure', 1)"
"('hygrophila schulli', 1)"
"('aquifer recharge', 1)"
"('contactless measurement', 1)"
"('multiple pattern', 1)"
"('alternaria alternata', 1)"
"('dominant spectrum', 1)"
"('dual diversity', 1)"
"('honeycomb absorber', 1)"
"('sensing performance', 1)"
"('wild ungulate', 1)"
"('repetitive call', 1)"
"('seam cutting', 1)"
"('elymus athericus', 1)"
"('multistatic radar', 1)"
"('displacement vector', 1)"
"('sum power', 1)"
"('short packet', 1)"
"('chaotic map', 1)"
"('valid inequality', 1)"
"('cubature rule', 1)"
"('multigroup multicast', 1)"
"('omnidirectional communication', 1)"
"('broadcast ephemeris', 1)"
"('elliptical cavity', 1)"
"('gap plasmon', 1)"
"('carcharodon carcharias', 1)"
"('dynamic quenching', 1)"
"('environmental concern', 1)"
"('mass effect', 1)"
"('dispersal limitation', 1)"
"('imagga cloud', 1)"
"('generation switch', 1)"
"('mittelland canal', 1)"
"('wideband response', 1)"
"('kashmir valley', 1)"
"('karewa deposit', 1)"
"('beach loss', 1)"
"('arabian gulf', 1)"
"('deployable unit', 1)"
"('fracture development', 1)"
"('dynamic parameter', 1)"
"('wulong river', 1)"
"('filtered ofdm', 1)"
"('superhydrophobic surface', 1)"
"('cooling property', 1)"
"('noisy video', 1)"
"('control allocation', 1)"
"('location privacy', 1)"
"('mountain road', 1)"
"('small clearance', 1)"
"('three mode', 1)"
"('package stacking', 1)"
"('package orientation', 1)"
"('spiral shape', 1)"
"('quantized measurement', 1)"
"('isolation element', 1)"
"('binary descriptor', 1)"
"('keypoint matching', 1)"
"('iq modulator', 1)"
"('knapsack problem', 1)"
"('flight path', 1)"
"('liquid sloshing', 1)"
"('direct detection', 1)"
"('corona discharge', 1)"
"('secondary concentrator', 1)"
"('rubber plantation', 1)"
"('high resolution', 1)"
"('fluorescent brighteners', 1)"
"('pine butterfly', 1)"
"('male fertility', 1)"
"('potentiometric sensor', 1)"
"('retinal dystrophy', 1)"
"('meckel syndrome', 1)"
"('anal plate', 1)"
"('northern andes', 1)"
"('magdalena valley', 1)"
"('invasive weed', 1)"
"('typha latifolia', 1)"
"('iris pseudacorus', 1)"
"('crowd counting', 1)"
"('large baseline', 1)"
"('hydraulic network', 1)"
"('weed density', 1)"
"('feature engineering', 1)"
"('3gpp standard', 1)"
"('lathyrus sativus', 1)"
"('ocean current', 1)"
"('labeling cost', 1)"
"('hybrid supervision', 1)"
"('cyber attack', 1)"
"('tilt photogrammetry', 1)"
"('spatial localization', 1)"
"('yellowstone river', 1)"
"('turbulent flux', 1)"
"('itu band', 1)"
"('building modeling', 1)"
"('multiband behaviour', 1)"
"('channel response', 1)"
"('boresight gain', 1)"
"('improvement measure', 1)"
"('state 1', 1)"
"('curved substrate', 1)"
"('material identification', 1)"
"('tubular well', 1)"
"('block adjustment', 1)"
"('metal strap', 1)"
"('hardware friendliness', 1)"
"('human health', 1)"
"('spline split', 1)"
"('crescent slot', 1)"
"('plume following', 1)"
"('adaptive navigation', 1)"
"('soft demapper', 1)"
"('angle classification', 1)"
"('random variable', 1)"
"('anisotropic fractal', 1)"
"('ducted fan', 1)"
"('crystallinity index', 1)"
"('exergy efficiency', 1)"
"('maneuver decision', 1)"
"('cotoneaster microphyllus', 1)"
"('construction waste', 1)"
"('shadow area', 1)"
"('par interception', 1)"
"('basque country', 1)"
"('target observation', 1)"
"('collaborative computing', 1)"
"('finite blocklength', 1)"
"('camber morphing', 1)"
"('picosecond dynamic', 1)"
"('link stability', 1)"
"('tapered balun', 1)"
"('mayfly algorithm', 1)"
"('user localization', 1)"
"('active relay', 1)"
"('hepatic steatosis', 1)"
"('finite codelength', 1)"
"('chaff cloud', 1)"
"('absorptive branch', 1)"
"('orthogonal transformation', 1)"
"('osi model', 1)"
"('detector diode', 1)"
"('current elimination', 1)"
"('implant antenna', 1)"
"('service function', 1)"
"('electrochromic display', 1)"
"('interval estimation', 1)"
"('gps l1', 1)"
"('utm system', 1)"
"('correlation length', 1)"
"('embedded device', 1)"
"('binary network', 1)"
"('nitrification inhibitor', 1)"
"('indoor imaging', 1)"
"('emf exposure', 1)"
"('buffered source', 1)"
"('task decision', 1)"
"('bit scheduling', 1)"
"('ethanol gasoline', 1)"
"('superconducting device', 1)"
"('probabilistic caching', 1)"
"('beam drift', 1)"
"('pixelated surface', 1)"
"('volcanic island', 1)"
"('magnetization structure', 1)"
"('mathematical formula', 1)"
"('damage tolerance', 1)"
"('hierarchical framework', 1)"
"('correlation analysis', 1)"
"('phase wrapping', 1)"
"('discrete lens', 1)"
"('noise floor', 1)"
"('fractional concept', 1)"
"('heterogeneous role', 1)"
"('plasma actuator', 1)"
"('tera hertz', 1)"
"('wideband effect', 1)"
"('task adaptation', 1)"
"('gain flatness', 1)"
"('hurricane harvey', 1)"
"('coupling stub', 1)"
"('task priority', 1)"
"('bright scatterers', 1)"
"('hap communication', 1)"
"('scan rate', 1)"
"('plasma dipole', 1)"
"('light conversion', 1)"
"('foliar application', 1)"
"('hypermetric scaling', 1)"
"('host pupa', 1)"
"('conformal structure', 1)"
"('conductive fiber', 1)"
"('wifi interference', 1)"
"('multilevel feature', 1)"
"('mountainous environment', 1)"
"('network topology', 1)"
"('terrestrial user', 1)"
"('circular boundary', 1)"
"('orthogonally polarized', 1)"
"('international roaming', 1)"
"('frequency discrepancy', 1)"
"('digital precoders', 1)"
"('blockage modelling', 1)"
"('vehicle localization', 1)"
"('harvested energy', 1)"
"('urban surveillance', 1)"
"('radiometric method', 1)"
"('multifunction slot', 1)"
"('adaptive processor', 1)"
"('bone cancer', 1)"
"('heat dissipation', 1)"
"('indium phosphide', 1)"
"('wax decomposition', 1)"
"('shoji antenna', 1)"
"('bending strength', 1)"
"('antenna window', 1)"
"('multipurpose monitoring', 1)"
"('internal surface', 1)"
"('composite metasurface', 1)"
"('iteration method', 1)"
"('insect abundance', 1)"
"('dipole source', 1)"
"('global bandwidth', 1)"
"('scatterer array', 1)"
"('helical slot', 1)"
"('drone management', 1)"
"('successive pattern', 1)"
"('mutual pattern', 1)"
"('crossover factor', 1)"
"('solar window', 1)"
"('gps measurement', 1)"
"('damping ratio', 1)"
"('piezoelectric property', 1)"
"('network intelligence', 1)"
"('corn emergence', 1)"
"('approximate derivative', 1)"
"('threshold convolution', 1)"
"('uneven metasurface', 1)"
"('antenna analysis', 1)"
"('aircraft design', 1)"
"('lunar distance', 1)"
"('synthetic dataset', 1)"
"('kapton foil', 1)"
"('corp network', 1)"
"('spectral data', 1)"
"('satellite constellation', 1)"
"('deterministic method', 1)"
"('granular material', 1)"
"('metal exterior', 1)"
"('reflection profile', 1)"
"('plasma reactor', 1)"
"('inhomogeneous medium', 1)"
"('air slot', 1)"
"('military communication', 1)"
"('polygraphus subopacus', 1)"
"('6g murllc', 1)"
"('truncation limit', 1)"
"('ordered eigenvalue', 1)"
"('beam searching', 1)"
"('attitude information', 1)"
"('adversarial learning', 1)"
"('ghost target', 1)"
"('flexible arm', 1)"
"('fr4 substratum', 1)"
"('technology implementation', 1)"
"('construction industry', 1)"
"('pineapple crown', 1)"
"('wideband design', 1)"
"('overload technique', 1)"
"('geographic scale', 1)"
"('observation hive', 1)"
"('secondary network', 1)"
"('generic modeling', 1)"
"('graph laplacian', 1)"
"('sampling method', 1)"
"('conversion mode', 1)"
"('lota lota', 1)"
"('stabilization measure', 1)"
"('blackland prairie', 1)"
"('detection range', 1)"
"('array imperfection', 1)"
"('chickpea crop', 1)"
"('radio wire', 1)"
"('substrate layer', 1)"
"('boric acid', 1)"
"('compact module', 1)"
"('esipt process', 1)"
"('vulnerable population', 1)"
"('linen fiber', 1)"
"('ryukyu archipelago', 1)"
"('torsor cluster', 1)"
"('discrete surface', 1)"
"('drag estimation', 1)"
"('suppressed band', 1)"
"('biomedical engineering', 1)"
"('requirement model', 1)"
"('ice accretion', 1)"
"('agricultural uav', 1)"
"('saline solution', 1)"
"('bending investigation', 1)"
"('bridge line', 1)"
"('propulsion system', 1)"
"('dlrf6 configuration', 1)"
"('extreme condition', 1)"
"('forest harvester', 1)"
"('smell training', 1)"
"('phenomenological model', 1)"
"('radar communication', 1)"
"('acacia longifolia', 1)"
"('fulmekiola serrata', 1)"
"('spurious mode', 1)"
"('reflecting wall', 1)"
"('entropy production', 1)"
"('process variation', 1)"
"('adjoint solution', 1)"
"('sensor failure', 1)"
"('gap metric', 1)"
"('multitask learning', 1)"
"('impedance response', 1)"
"('fully metallic', 1)"
"('electrical tree', 1)"
"('electrical insulation', 1)"
"('chromatic technique', 1)"
"('total station', 1)"
"('spatial attitude', 1)"
"('photogrammetry system', 1)"
"('laser tracker', 1)"
"('computation capacity', 1)"
"('nononshore wind', 1)"
"('flexible device', 1)"
"('blended knitted', 1)"
"('herbaceous vegetation', 1)"
"('cylindrical scanner', 1)"
"('bistatic rcs', 1)"
"('tungsten disulfide', 1)"
"('optimization problem', 1)"
"('fabricated antenna', 1)"
"('tree vigor', 1)"
"('ponderosa pine', 1)"
"('visual fault', 1)"
"('spillway tunnel', 1)"
"('mcr protocol', 1)"
"('schumacher equation', 1)"
"('abies kawakamii', 1)"
"('smart watch', 1)"
"('pobiti kamani', 1)"
"('model compression', 1)"
"('urban planning', 1)"
"('minkowski fractal', 1)"
"('position identification', 1)"
"('metacognitive learning', 1)"
"('butterfly algorithm', 1)"
"('region growing', 1)"
"('fishbone structure', 1)"
"('passive location', 1)"
"('bayesian learning', 1)"
"('nystrom method', 1)"
"('dielectric grating', 1)"
"('spoof spp', 1)"
"('major axis', 1)"
"('robust control', 1)"
"('dielectric mirror', 1)"
"('periodic surface', 1)"
"('aeolian desertification', 1)"
"('multispectral data', 1)"
"('european aspen', 1)"
"('landscape complexity', 1)"
"('smart glass', 1)"
"('victs antenna', 1)"
"('formation switching', 1)"
"('cooperative occupation', 1)"
"('vision navigation', 1)"
"('hemiterpene ester', 1)"
"('cladanthus eriolepis', 1)"
"('limited capacity', 1)"
"('critical task', 1)"
"('voronoi tesselation', 1)"
"('region coverage', 1)"
"('stationary jammer', 1)"
"('mobile jammer', 1)"
"('drosicha mangiferae', 1)"
"('5_shaped antenna', 1)"
"('combining criterion', 1)"
"('reciprocity mismatch', 1)"
"('asset management', 1)"
"('spatial attention', 1)"
"('topological transformation', 1)"
"('mining subsidence', 1)"
"('coherent transmission', 1)"
"('polynomial chaos', 1)"
"('flight stability', 1)"
"('resource sharing', 1)"
"('dendrocopos noguchii', 1)"
"('parapodial gland', 1)"
"('aerial courtyard', 1)"
"('uav helicopter', 1)"
"('neofusicoccum parvum', 1)"
"('user terminal', 1)"
"('operating vehicle', 1)"
"('adaptive learning', 1)"
"('metasurface reflector', 1)"
"('edge information', 1)"
"('specie variation', 1)"
"('slant polarizer', 1)"
"('traffic priority', 1)"
"('device priority', 1)"
"('hybrid observer', 1)"
"('performance prediction', 1)"
"('regression uncertainty', 1)"
"('doppler error', 1)"
"('antenna displacement', 1)"
"('healthcare logistics', 1)"
"('eigenmode theory', 1)"
"('background clutter', 1)"
"('rhombic ring', 1)"
"('fruit yield', 1)"
"('power system', 1)"
"('complex modulus', 1)"
"('interaction control', 1)"
"('microwave camera', 1)"
"('balanced feed', 1)"
"('river mouth', 1)"
"('geometric primitive', 1)"
"('aerodynamic drag', 1)"
"('siw horn', 1)"
"('infrared photodetector', 1)"
"('low windage', 1)"
"('azimuthal plane', 1)"
"('parallel technique', 1)"
"('misalignment compensation', 1)"
"('test suite', 1)"
"('cable coupling', 1)"
"('sensitivity equation', 1)"
"('inventory management', 1)"
"('transceiver system', 1)"
"('herbicide injury', 1)"
"('grain sorghum', 1)"
"('feature optimization', 1)"
"('plate antenna', 1)"
"('artemisia judaica', 1)"
"('curved wire', 1)"
"('cliff face', 1)"
"('true orthoimages', 1)"
"('diffusion metasurface', 1)"
"('conveyor belt', 1)"
"('vortex mode', 1)"
"('aggressive maneuver', 1)"
"('polarimetric observation', 1)"
"('touch interaction', 1)"
"('sagin environment', 1)"
"('connected vehicle', 1)"
"('political optimizer', 1)"
"('conjugate gradient', 1)"
"('speed estimation', 1)"
"('scenedesmus sp', 1)"
"('limnothrix sp', 1)"
"('entropy value', 1)"
"('quarter rlsa', 1)"
"('half rlsa', 1)"
"('cutting technique', 1)"
"('array distance', 1)"
"('different medium', 1)"
"('free positioning', 1)"
"('electron irradiation', 1)"
"('convergent evolution', 1)"
"('aerial measurement', 1)"
"('attribute reduction', 1)"
"('null positioning', 1)"
"('aluminum alloy', 1)"
"('readiness assessment', 1)"
"('work zone', 1)"
"('speed characteristic', 1)"
"('hamming coding', 1)"
"('geometry gain', 1)"
"('sound localization', 1)"
"('floquet approach', 1)"
"('adaboost algorithm', 1)"
"('stereo matching', 1)"
"('monopulse array', 1)"
"('dielectric vias', 1)"
"('maximal derivative', 1)"
"('unidirectional pattern', 1)"
"('space reprojection', 1)"
"('camera localization', 1)"
"('lag time', 1)"
"('arc array', 1)"
"('multipath factor', 1)"
"('optical bench', 1)"
"('mobility management', 1)"
"('grid polarizer', 1)"
"('anomalous measurement', 1)"
"('information sharing', 1)"
"('creative industry', 1)"
"('fire behavior', 1)"
"('adjacent algorithm', 1)"
"('exogenous substance', 1)"
"('fiber splitter', 1)"
"('quadcopter aircraft', 1)"
"('assembly deviation', 1)"
"('sanae iv', 1)"
"('hf beacon', 1)"
"('pentaband operation', 1)"
"('synthetic image', 1)"
"('speed constraint', 1)"
"('test reduction', 1)"
"('exposed volume', 1)"
"('random selection', 1)"
"('special position', 1)"
"('lidar intensity', 1)"
"('seasonal distribution', 1)"
"('unit quaternion', 1)"
"('subarray architecture', 1)"
"('tensile strength', 1)"
"('uav data', 1)"
"('illustrated key', 1)"
"('gravina bridge', 1)"
"('feature map', 1)"
"('termite mound', 1)"
"('transcriptomic divergence', 1)"
"('adventitious root', 1)"
"('successive overrelaxation', 1)"
"('aphidius gifuensis', 1)"
"('local release', 1)"
"('hovering inaccuracy', 1)"
"('bilateral filtering', 1)"
"('lie group', 1)"
"('image decomposition', 1)"
"('minimax algorithm', 1)"
"('phase progression', 1)"
"('cft algorithm', 1)"
"('image sequence', 1)"
"('tumor growth', 1)"
"('transmission accuracy', 1)"
"('fingerprint embedding', 1)"
"('global localization', 1)"
"('triphibious robot', 1)"
"('energy management', 1)"
"('prescribed fire', 1)"
"('field sampling', 1)"
"('vlasov antenna', 1)"
"('steering capability', 1)"
"('wall reflection', 1)"
"('tursiops truncatus', 1)"
"('delphinus delphi', 1)"
"('anthropogenic disturbance', 1)"
"('speech intelligibility', 1)"
"('byrd glacier', 1)"
"('scene abstraction', 1)"
"('battlefield surveillance', 1)"
"('maneuver control', 1)"
"('disease monitoring', 1)"
"('bathymetry estimation', 1)"
"('dryness index', 1)"
"('basal diameter', 1)"
"('assisted migration', 1)"
"('garment integration', 1)"
"('structural mode', 1)"
"('antenna mode', 1)"
"('backward endfire', 1)"
"('salt water', 1)"
"('gravity modeling', 1)"
"('chicxulub crater', 1)"
"('central uplift', 1)"
"('structural plane', 1)"
"('free face', 1)"
"('active matching', 1)"
"('metalized vias', 1)"
"('textile sensor', 1)"
"('specific charge', 1)"
"('droplet spectrum', 1)"
"('chemical application', 1)"
"('desert lake', 1)"
"('tampered feeder', 1)"
"('moving platform', 1)"
"('scheduling efficiency', 1)"
"('dynamic scheduling', 1)"
"('coastal zone', 1)"
"('fruit size', 1)"
"('smart warehouse', 1)"
"('chemical accident', 1)"
"('enantiomeric distribution', 1)"
"('bornyl acetate', 1)"
"('oblique photography', 1)"
"('aeromagnetic survey', 1)"
"('substrate bending', 1)"
"('deformed state', 1)"
"('designated verifier', 1)"
"('edge intelligence', 1)"
"('multicarrier waveform', 1)"
"('deepemd network', 1)"
"('scene understanding', 1)"
"('signed regressor', 1)"
"('experimental platform', 1)"
"('control accuracy', 1)"
"('illumination adjustment', 1)"
"('smart sprayer', 1)"
"('beaconing duration', 1)"
"('texture generation', 1)"
"('heterogeneous integration', 1)"
"('site index', 1)"
"('rate saturation', 1)"
"('rotational stability', 1)"
"('preliminary design', 1)"
"('reflective load', 1)"
"('differential sensor', 1)"
"('freight transport', 1)"
"('cholinergic biomarkers', 1)"
"('switching rectifier', 1)"
"('lspr effect', 1)"
"('proximity feeding', 1)"
"('temperature effect', 1)"
"('telecommunication device', 1)"
"('moon compass', 1)"
"('elderly care', 1)"
"('geranyl acetate', 1)"
"('geometric correction', 1)"
"('physiological signal', 1)"
"('mental workload', 1)"
"('diffraction radiation', 1)"
"('grain filling', 1)"
"('graphene strip', 1)"
"('deep coverage', 1)"
"('dielectric reflector', 1)"
"('topological photonics', 1)"
"('polarization control', 1)"
"('mobile crowdsensing', 1)"
"('coherent control', 1)"
"('terrestrial scale', 1)"
"('shaded relief', 1)"
"('aerial perspective', 1)"
"('scan resolution', 1)"
"('cooperative reconnaissance', 1)"
"('energetic performance', 1)"
"('universal modulator', 1)"
"('remz algorithm', 1)"
"('cordic algorithm', 1)"
"('precise navigation', 1)"
"('incidence matrix', 1)"
"('biomedical device', 1)"
"('compressive stiffness', 1)"
"('pdms matrix', 1)"
"('radio holography', 1)"
"('antenna truss', 1)"
"('thermal detector', 1)"
"('fractal order', 1)"
"('passenger aircraft', 1)"
"('visible light', 1)"
"('molecular design', 1)"
"('attitude planning', 1)"
"('glycan microarray', 1)"
"('landslide change', 1)"
"('peak directivity', 1)"
"('scintillator detector', 1)"
"('fuel efficiency', 1)"
"('product family', 1)"
"('feedback linearisation', 1)"
"('input delay', 1)"
"('isofrequency contour', 1)"
"('route smoothing', 1)"
"('complex emulsifier', 1)"
"('nutrient enrichment', 1)"
"('therioaphis trifolii', 1)"
"('updraft dilution', 1)"
"('surface heterogeneity', 1)"
"('buoyancy sorting', 1)"
"('vessel emission', 1)"
"('common vetch', 1)"
"('ephemeral stream', 1)"
"('riparian wildfire', 1)"
"('nanosheet array', 1)"
"('waveguide simulator', 1)"
"('uranium mining', 1)"
"('pem electrolyzer', 1)"
"('salt meadow', 1)"
"('fraxinus angustifolia', 1)"
"('topographic analysis', 1)"
"('mass transport', 1)"
"('crown delineation', 1)"
"('spidron fractal', 1)"
"('landscape index', 1)"
"('alpine meadow', 1)"
"('lst retrieval', 1)"
"('collapsed building', 1)"
"('sheet erosion', 1)"
"('livestock trail', 1)"
"('positional accuracy', 1)"
"('forestry trial', 1)"
"('auditory perception', 1)"
"('lookup table', 1)"
"('inverse design', 1)"
"('object recognition', 1)"
"('building envelope', 1)"
"('touzi decomposition', 1)"
"('mineral nutrition', 1)"
"('bathtub approach', 1)"
"('dynamic network', 1)"
"('electrodynamic method', 1)"
"('geosynchronous orbit', 1)"
"('percutaneous antenna', 1)"
"('ana wyvilliana', 1)"
"('wavelet basis', 1)"
"('eco friendly', 1)"
"('distributed consensus', 1)"
"('johnson criterion', 1)"
"('robot simulator', 1)"
"('radial component', 1)"
"('aperture reduction', 1)"
"('septum polarizer', 1)"
"('lumped element', 1)"
"('local minimum', 1)"
"('nondiffractive beam', 1)"
"('multimodal analysis', 1)"
"('triband antenna', 1)"
"('tdoa method', 1)"
"('sse method', 1)"
"('dry season', 1)"
"('central amazon', 1)"
"('magnetic shielding', 1)"
"('ferrite toroid', 1)"
"('radiant heat', 1)"
"('heat detection', 1)"
"('beyond 5g', 1)"
"('movement factor', 1)"
"('wifi signal', 1)"
"('multiport excitation', 1)"
"('spoofing mitigation', 1)"
"('band allocation', 1)"
"('auction algorithm', 1)"
"('metal object', 1)"
"('radio number', 1)"
"('convolutional lstm', 1)"
"('online retraining', 1)"
"('phosphoenolpyruvate carboxylases', 1)"
"('power inspection', 1)"
"('proglacial area', 1)"
"('lateral moraine', 1)"
"('beam coverage', 1)"
"('uraba lugens', 1)"
"('satellite index', 1)"
"('wideband operation', 1)"
"('multibeam sonar', 1)"
"('multibody dynamic', 1)"
"('alpine environment', 1)"
"('consortium blockchain', 1)"
"('transformation method', 1)"
"('feeding motivation', 1)"
"('collective assembly', 1)"
"('tomicus spp', 1)"
"('discriminant rule', 1)"
"('inspection platform', 1)"
"('yig film', 1)"
"('helichrysum stoechas', 1)"
"('salmo trutta', 1)"
"('planting uniformity', 1)"
"('diffractive grating', 1)"
"('pollen morphology', 1)"
"('germination rate', 1)"
"('consensus theory', 1)"
"('optoacoustic imaging', 1)"
"('medical system', 1)"
"('wheat lodging', 1)"
"('temperate forest', 1)"
"('network performance', 1)"
"('automobile antenna', 1)"
"('legged robot', 1)"
"('seagrass meadow', 1)"
"('habitat loss', 1)"
"('fault recoverability', 1)"
"('bidirectional radiation', 1)"
"('clustering network', 1)"
"('surface design', 1)"
"('tomato seedling', 1)"
"('probably universal', 1)"
"('precise architecture', 1)"
"('sfdtd algorithm', 1)"
"('magma chamber', 1)"
"('organic dye', 1)"
"('traditional feature', 1)"
"('data throughput', 1)"
"('transmission system', 1)"
"('nested kriging', 1)"
"('ornamental plant', 1)"
"('nested saturation', 1)"
"('electrochemical method', 1)"
"('corrosion inhibition', 1)"
"('energy absorption', 1)"
"('communication relay', 1)"
"('communication performance', 1)"
"('filippov solution', 1)"
"('chaotic vibration', 1)"
"('trail following', 1)"
"('denoising autoencoder', 1)"
"('ziziphora specie', 1)"
"('haul road', 1)"
"('metallic cavity', 1)"
"('melodinus cochinchinensis', 1)"
"('path tracking', 1)"
"('electrical beamforming', 1)"
"('soft switching', 1)"
"('capacitive shorting', 1)"
"('graphene layer', 1)"
"('multipactor discharge', 1)"
"('subsurface characterization', 1)"
"('coconut husk', 1)"
"('chemical sensing', 1)"
"('biochemical trait', 1)"
"('fall armyworm', 1)"
"('projection pursuit', 1)"
"('silver fabric', 1)"
"('monopulse function', 1)"
"('complete ground', 1)"
"('power fading', 1)"
"('chromatic dispersion', 1)"
"('degradation growth', 1)"
"('cable detection', 1)"
"('network partitioning', 1)"
"('aerial robotic', 1)"
"('chilo infuscatellus', 1)"
"('broussonetia papyrifera', 1)"
"('factorial moment', 1)"
"('intelligent optimization', 1)"
"('communication cost', 1)"
"('uav scheduling', 1)"
"('backscatter technology', 1)"
"('autonomous reconfiguration', 1)"
"('hurricane maria', 1)"
"('cylindrical resonator', 1)"
"('light irradiation', 1)"
"('semiconductor substrate', 1)"
"('physical equivalent', 1)"
"('design freedom', 1)"
"('big period', 1)"
"('cropping detection', 1)"
"('single anchor', 1)"
"('suspended curtain', 1)"
"('physical workload', 1)"
"('mountain running', 1)"
"('strongly indicating', 1)"
"('spanning protein', 1)"
"('molecular interaction', 1)"
"('isia function', 1)"
"('functional significance', 1)"
"('detailed arrangement', 1)"
"('binding membrane', 1)"
"('among isias', 1)"
"('culex pipiens', 1)"
"('intellective search', 1)"
"('newton iteration', 1)"
"('chebyshev iteration', 1)"
"('immersive learning', 1)"
"('search path', 1)"
"('visual salience', 1)"
"('morphological processing', 1)"
"('fp cavity', 1)"
"('cylindrical bending', 1)"
"('hyblean plateau', 1)"
"('sulfur dioxide', 1)"
"('microsensor system', 1)"
"('centroidal dynamic', 1)"
"('thermal anomaly', 1)"
"('coupling mechanism', 1)"
"('growth characteristic', 1)"
"('liquid prism', 1)"
"('transcript level', 1)"
"('nv defect', 1)"
"('shoreline position', 1)"
"('coastal wetland', 1)"
"('multipolarization antenna', 1)"
"('human safety', 1)"
"('compact configuration', 1)"
"('plasmonic electrode', 1)"
"('slant 45', 1)"
"('avalanche frequency', 1)"
"('altair feko', 1)"
"('shape synthesis', 1)"
"('omsk region', 1)"
"('lyapunov drift', 1)"
"('robot tractor', 1)"
"('distributed generation', 1)"
"('runtime enforcement', 1)"
"('uav rotation', 1)"
"('band matrix', 1)"
"('power beacon', 1)"
"('uav jittering', 1)"
"('quantizer distortion', 1)"
"('pebble beach', 1)"
"('fattening pig', 1)"
"('daytime evolution', 1)"
"('sediment concentration', 1)"
"('mixing layer', 1)"
"('density difference', 1)"
"('torsional spring', 1)"
"('large deformation', 1)"
"('data quality', 1)"
"('cadastral mapping', 1)"
"('morphological operation', 1)"
"('resonant converter', 1)"
"('subspace approach', 1)"
"('quadrature detection', 1)"
"('uav deployment', 1)"
"('pinhole model', 1)"
"('online estimation', 1)"
"('reconstruction accuracy', 1)"
"('surface fire', 1)"
"('content cache', 1)"
"('palm tree', 1)"
"('velamen radicum', 1)"
"('unmodelled dynamic', 1)"
"('wind engineering', 1)"
"('metal stress', 1)"
"('anagallis arvensis', 1)"
"('road safety', 1)"
"('salvia aegyptiaca', 1)"
"('limb darkening', 1)"
"('coordination control', 1)"
"('cpct lyase', 1)"
"('vegetation height', 1)"
"('vegetation density', 1)"
"('saliency detection', 1)"
"('contextual saliency', 1)"
"('sediment transfer', 1)"
"('ic packaging', 1)"
"('copper paste', 1)"
"('instant delivery', 1)"
"('acceleration constraint', 1)"
"('building footprint', 1)"
"('air recovery', 1)"
"('helmholtz coil', 1)"
"('structural strain', 1)"
"('hybrid modeling', 1)"
"('visual navigation', 1)"
"('triplexing antenna', 1)"
"('directional sensitivity', 1)"
"('mar exploration', 1)"
"('feed placement', 1)"
"('solar spectrum', 1)"
"('replacement strategy', 1)"
"('cognitive model', 1)"
"('observation vector', 1)"
"('collaborative mapping', 1)"
"('belt antenna', 1)"
"('sunflower array', 1)"
"('video communication', 1)"
"('methoxylated flavonoid', 1)"
"('euterpe precatoria', 1)"
"('porous silicon', 1)"
"('habitat tree', 1)"
"('semiothisa cinerearia', 1)"
"('hydrophobic pollutant', 1)"
"('cadmium ion', 1)"
"('smart implant', 1)"
"('image kernel', 1)"
"('city subspace', 1)"
"('predictive model', 1)"
"('landslide dam', 1)"
"('formation process', 1)"
"('hybrid combining', 1)"
"('flexible aircraft', 1)"
"('dynamic compensation', 1)"
"('denim fabric', 1)"
"('wind interference', 1)"
"('autonomous control', 1)"
"('external threat', 1)"
"('vapor discrimination', 1)"
"('prescribed track', 1)"
"('positive leader', 1)"
"('pyromellitic acid', 1)"
"('feature aggregation', 1)"
"('aromatic crop', 1)"
"('agricultural residue', 1)"
"('silver ion', 1)"
"('radiation enhancement', 1)"
"('layering method', 1)"
"('permafrost coast', 1)"
"('nci plot', 1)"
"('computational characterization', 1)"
"('patch pattern', 1)"
"('ecological risk', 1)"
"('bare soil', 1)"
"('corner effect', 1)"
"('aerodynamic interference', 1)"
"('outlier removal', 1)"
"('dilated convolution', 1)"
"('polytope algorithm', 1)"
"('ground classification', 1)"
"('obstacle blockage', 1)"
"('bukit choras', 1)"
"('tumor hyperthermia', 1)"
"('photovoltaic cell', 1)"
"('rydberg state', 1)"
"('microstrip topology', 1)"
"('coupling aperture', 1)"
"('rf slicing', 1)"
"('coverage enhancement', 1)"
"('antenna cluster', 1)"
"('regression task', 1)"
"('experimental setup', 1)"
"('pantograph arcing', 1)"
"('phase interferometry', 1)"
"('orientation control', 1)"
"('combinational analyser', 1)"
"('beam multiplexing', 1)"
"('arbitrary direction', 1)"
"('bitemporal image', 1)"
"('occlusion avoidance', 1)"
"('obstacle magnification', 1)"
"('spatial coherence', 1)"
"('legitimate eavesdropping', 1)"
"('uneven terrain', 1)"
"('nickel oxide', 1)"
"('aerial biomass', 1)"
"('crop volume', 1)"
"('analog array', 1)"
"('linear trajectory', 1)"
"('voltage detector', 1)"
"('filtering module', 1)"
"('spatial nonstationarity', 1)"
"('monitoring lifetime', 1)"
"('monitoring accuracy', 1)"
"('5g system', 1)"
"('lensless imaging', 1)"
"('leakage signal', 1)"
"('correlation estimation', 1)"
"('larix olgensis', 1)"
"('telecommunication network', 1)"
"('primitive polynomial', 1)"
"('photonic integration', 1)"
"('rotary valve', 1)"
"('adaptive subarray', 1)"
"('surface area', 1)"
"('brightness histogram', 1)"
"('egg capsule', 1)"
"('phaeodactylum tricornutum', 1)"
"('tree seedling', 1)"
"('sp family', 1)"
"('recording medium', 1)"
"('safety space', 1)"
"('aeolian landforms', 1)"
"('stand count', 1)"
"('josephson cantilever', 1)"
"('hilbert spectroscopy', 1)"
"('ghg emission', 1)"
"('dilution refrigerator', 1)"
"('destination selection', 1)"
"('insect behavior', 1)"
"('resonant system', 1)"
"('solar angle', 1)"
"('observation time', 1)"
"('canopy structure', 1)"
"('oil drilling', 1)"
"('nka activity', 1)"
"('subglacial process', 1)"
"('navigational system', 1)"
"('tuneable antenna', 1)"
"('upland track', 1)"
"('blanket peat', 1)"
"('image enhancement', 1)"
"('stochastic resonance', 1)"
"('information gathering', 1)"
"('saccharina japonica', 1)"
"('multitemporal uav', 1)"
"('centrifugal nozzle', 1)"
"('target rescue', 1)"
"('impulse wave', 1)"
"('artemia salina', 1)"
"('estimation subspace', 1)"
"('ground subsidence', 1)"
"('rfid yarn', 1)"
"('meander belt', 1)"
"('gaussian error', 1)"
"('material degradation', 1)"
"('saliency map', 1)"
"('fin type', 1)"
"('modulation technique', 1)"
"('auxiliary shaft', 1)"
"('food recognition', 1)"
"('learning outcome', 1)"
"('hydromorphological classification', 1)"
"('transparent electronics', 1)"
"('gradient projection', 1)"
"('constellation reassignment', 1)"
"('ring formation', 1)"
"('light management', 1)"
"('organophosphorus pesticide', 1)"
"('melia azedarach', 1)"
"('ligustrum lucidum', 1)"
"('host monoterpenes', 1)"
"('filago germanica', 1)"
"('depth perception', 1)"
"('seismic signal', 1)"
"('image orientation', 1)"
"('scale effect', 1)"
"('vibrational cooling', 1)"
"('lithological unit', 1)"
"('precise agriculture', 1)"
"('orbital parameter', 1)"
"('switchable polarization', 1)"
"('microwave component', 1)"
"('circular trajectory', 1)"
"('taklimakan desert', 1)"
"('neighboring plant', 1)"
"('revolute joint', 1)"
"('reservation mechanism', 1)"
"('pheromone map', 1)"
"('nakdong river', 1)"
"('sweep coverage', 1)"
"('wetland vegetation', 1)"
"('biophysical parameter', 1)"
"('particle plasmons', 1)"
"('microprocessor technology', 1)"
"('antenna cavity', 1)"
"('pde modeler', 1)"
"('antenna toolbox', 1)"
"('traffic management', 1)"
"('simulated environment', 1)"
"('linear control', 1)"
"('important factor', 1)"
"('discharge mode', 1)"
"('capacitive mode', 1)"
"('atom generation', 1)"
"('d2d assignment', 1)"
"('baseline solution', 1)"
"('polyimide film', 1)"
"('vehicle obstruction', 1)"
"('transmission consumption', 1)"
"('kdr gene', 1)"
"('incoherent imaging', 1)"
"('surface orientation', 1)"
"('water column', 1)"
"('ring patch', 1)"
"('tip diffraction', 1)"
"('subject localization', 1)"
"('deterministic technique', 1)"
"('arctic greening', 1)"
"('rp recovery', 1)"
"('impaired radome', 1)"
"('macrocyclic ligand', 1)"
"('silicon technology', 1)"
"('apex seal', 1)"
"('radar beamwidth', 1)"
"('polyvinyl alcohol', 1)"
"('xylella fastidiosa', 1)"
"('sloping channel', 1)"
"('albino leaf', 1)"
"('future network', 1)"
"('area throughput', 1)"
"('phaseless technique', 1)"
"('flooding time', 1)"
"('glass ceramic', 1)"
"('solar plasma', 1)"
"('polar cusp', 1)"
"('photonic nanoantennas', 1)"
"('retrachydes thoracicus', 1)"
"('citrus borer', 1)"
"('metallic nanostructures', 1)"
"('spherical microresonators', 1)"
"('airflow field', 1)"
"('molecular thermometer', 1)"
"('file dispatching', 1)"
"('alkyl chain', 1)"
"('attraction model', 1)"
"('loading rate', 1)"
"('coupling matrix', 1)"
"('classifier ensemble', 1)"
"('coaxial transition', 1)"
"('sweat sensor', 1)"
"('construction strategy', 1)"
"('modular construction', 1)"
"('radiation measurement', 1)"
"('visual shape', 1)"
"('dynamic beamforming', 1)"
"('array architecture', 1)"
"('holographic mimo', 1)"
"('tongwei county', 1)"
"('failure characteristic', 1)"
"('link adjustment', 1)"
"('kinematic reliability', 1)"
"('sliding mode', 1)"
"('wind effect', 1)"
"('low pressure', 1)"
"('noninvasive delivery', 1)"
"('passive matching', 1)"
"('slot element', 1)"
"('floridan aquifer', 1)"
"('lago mare', 1)"
"('antenna sensitization', 1)"
"('lipid productivity', 1)"
"('depinning line', 1)"
"('survival signature', 1)"
"('android o', 1)"
"('gold nanostars', 1)"
"('water irrigation', 1)"
"('mabian landslide', 1)"
"('consequent slope', 1)"
"('full csi', 1)"
"('queuing model', 1)"
"('tensegrity plate', 1)"
"('connectivity matrix', 1)"
"('metallic reflector', 1)"
"('autopilot system', 1)"
"('tlbo algorithm', 1)"
"('ciliary band', 1)"
"('phase array', 1)"
"('feedback linearization', 1)"
"('abc algorithm', 1)"
"('ss007 airfoil', 1)"
"('ultrafast photocurrents', 1)"
"('nonlinear photoluminescence', 1)"
"('sustainability performance', 1)"
"('markov model', 1)"
"('annealing treatment', 1)"
"('integrity constraint', 1)"
"('binary method', 1)"
"('blind angle', 1)"
"('debris avalanche', 1)"
"('dentate gyrus', 1)"
"('nestling growth', 1)"
"('bee hive', 1)"
"('theta band', 1)"
"('underwater sensing', 1)"
"('adaptive landing', 1)"
"('gnetifolin f', 1)"
"('frame antenna', 1)"
"('artificial thundercloud', 1)"
"('optical module', 1)"
"('piping plover', 1)"
"('habitable zone', 1)"
"('split attention', 1)"
"('integral circuit', 1)"
"('mountain territory', 1)"
"('canopy property', 1)"
"('online algorithm', 1)"
"('offline algorithm', 1)"
"('experimental device', 1)"
"('agricultural insurance', 1)"
"('simulation sequence', 1)"
"('qingshuihe formation', 1)"
"('junggar basin', 1)"
"('melt pond', 1)"
"('random field', 1)"
"('statistical behavior', 1)"
"('backhaul congestion', 1)"
"('reflection pattern', 1)"
"('forest loss', 1)"
"('alpine grassland', 1)"
"('unwanted mode', 1)"
"('leakage constant', 1)"
"('mold sharing', 1)"
"('phase inverter', 1)"
"('riparian ecosystem', 1)"
"('landscape configuration', 1)"
"('dantzig selector', 1)"
"('polarization isolation', 1)"
"('airborne surveillance', 1)"
"('building target', 1)"
"('design procedure', 1)"
"('forest recovery', 1)"
"('nonuniform metasurface', 1)"
"('phase holdup', 1)"
"('tchebycheff approach', 1)"
"('external archive', 1)"
"('growth space', 1)"
"('video segmentation', 1)"
"('output snr', 1)"
"('morphometric index', 1)"
"('safy model', 1)"
"('housekeeping gene', 1)"
"('qos constraint', 1)"
"('bearing angle', 1)"
"('casuarina glauca', 1)"
"('mechanical strength', 1)"
"('eastern india', 1)"
"('phase rotation', 1)"
"('unlabeled data', 1)"
"('convolutional autoencoder', 1)"
"('irnss receiver', 1)"
"('dc microgrids', 1)"
"('kenai lowland', 1)"
"('total n', 1)"
"('mine tailing', 1)"
"('open innovation', 1)"
"('network embeddedness', 1)"
"('innovation radicalness', 1)"
"('dirty ice', 1)"
"('potamodromous fish', 1)"
"('environmental perception', 1)"
"('meshless method', 1)"
"('vigor map', 1)"
"('multiresolution segmentation', 1)"
"('panoramic camera', 1)"
"('3d scanner', 1)"
"('metabolite cycling', 1)"
"('reconfigurable electronics', 1)"
"('phase vortex', 1)"
"('conjoint analysis', 1)"
"('huygens principle', 1)"
"('amc unit', 1)"
"('load balance', 1)"
"('emission enhancement', 1)"
"('absorption loss', 1)"
"('beach rotation', 1)"
"('interantenna interference', 1)"
"('golden ratio', 1)"
"('high irradiation', 1)"
"('cucumber moth', 1)"
"('cooperative encirclement', 1)"
"('fault estimation', 1)"
"('diaphorina citri', 1)"
"('infection risk', 1)"
"('kinect sensor', 1)"
"('apriona germari', 1)"
"('surface runoff', 1)"
"('negative refraction', 1)"
"('mechanical stress', 1)"
"('laser machining', 1)"
"('proportional valve', 1)"
"('odor coding', 1)"
"('scale insect', 1)"
"('modal energy', 1)"
"('nanosilver ink', 1)"
"('ehd printing', 1)"
"('dc voltage', 1)"
"('bipolar plate', 1)"
"('transparent supercapacitors', 1)"
"('dna junction', 1)"
"('mtw condition', 1)"
"('residual network', 1)"
"('affinity propagation', 1)"
"('seismic vulnerability', 1)"
"('climatic condition', 1)"
"('tsagan earthquake', 1)"
"('5g wireless', 1)"
"('v band', 1)"
"('inhomogeneous phantom', 1)"
"('managerial insight', 1)"
"('light pressure', 1)"
"('differential correction', 1)"
"('turning control', 1)"
"('pedestrian space', 1)"
"('syntactic foam', 1)"
"('tilt photography', 1)"
"('shoot trimming', 1)"
"('shoot thinning', 1)"
"('leaf removal', 1)"
"('unsupervised clustering', 1)"
"('multispectral imaging', 1)"
"('iop refinement', 1)"
"('jeffrey pine', 1)"
"('wind shear', 1)"
"('low latitude', 1)"
"('biaxial bending', 1)"
"('synchronization performance', 1)"
"('flood monitoring', 1)"
"('permutation entropy', 1)"
"('suction cup', 1)"
"('ipda lidar', 1)"
"('methane emission', 1)"
"('learning algorithm', 1)"
"('absorption power', 1)"
"('differential mode', 1)"
"('autonomous monitoring', 1)"
"('impedance plane', 1)"
"('photonic doping', 1)"
"('comparator network', 1)"
"('antenna diagnosis', 1)"
"('feedforward capacitor', 1)"
"('hybrid precoder', 1)"
"('efficient representation', 1)"
"('forest background', 1)"
"('adjacency effect', 1)"
"('inference time', 1)"
"('tin graph', 1)"
"('complete graph', 1)"
"('area partitioning', 1)"
"('tumor microenvironment', 1)"
"('cell therapy', 1)"
"('phase scan', 1)"
"('performance requirement', 1)"
"('electrical system', 1)"
"('computer engineering', 1)"
"('image error', 1)"
"('induced magnetism', 1)"
"('sound field', 1)"
"('fermi energy', 1)"
"('temporal variability', 1)"
"('hydraulic test', 1)"
"('fluvial sediment', 1)"
"('flow structure', 1)"
"('parameter sensitivity', 1)"
"('navigation spoofing', 1)"
"('gene transcript', 1)"
"('factorization method', 1)"
"('thermal vacuum', 1)"
"('coordinate registration', 1)"
"('material handling', 1)"
"('biogeomorphological feedback', 1)"
"('marsh accretion', 1)"
"('heavy rainfall', 1)"
"('emeishan basalt', 1)"
"('bending test', 1)"
"('angel site', 1)"
"('natural compound', 1)"
"('chlorophyll removal', 1)"
"('woody encroachment', 1)"
"('field management', 1)"
"('stereolithography apparatus', 1)"
"('independent switching', 1)"
"('orientation histogram', 1)"
"('hydrological memory', 1)"
"('stealth radome', 1)"
"('focal parameter', 1)"
"('metamaterial surface', 1)"
"('lubricant sampling', 1)"
"('contact inspection', 1)"
"('aerial dust', 1)"
"('spectrum switching', 1)"
"('reconstituted membrane', 1)"
"('nir imaging', 1)"
"('golgi apparatus', 1)"
"('zellweger syndrome', 1)"
"('moon phase', 1)"
"('splash erosion', 1)"
"('ann ensemble', 1)"
"('directional filter', 1)"
"('electron tunneling', 1)"
"('color routing', 1)"
"('internal photoemission', 1)"
"('rett syndrome', 1)"
"('august 2018', 1)"
"('perovskite photodetectors', 1)"
"('mobile apron', 1)"
"('image detection', 1)"
"('iron fouling', 1)"
"('oblique incident', 1)"
"('normal incident', 1)"
"('extrusion printing', 1)"
"('specific power', 1)"
"('first light', 1)"
"('cosmic dawn', 1)"
"('smoothing technique', 1)"
"('magellanic cloud', 1)"
"('10 sccm', 1)"
"('edgeworth expansion', 1)"
"('optical image', 1)"
"('mangrove plantation', 1)"
"('polar ionosphere', 1)"
"('asymmetric ground', 1)"
"('ungauged basin', 1)"
"('asynchronous planning', 1)"
"('lens shutter', 1)"
"('exposure time', 1)"
"('u2x communication', 1)"
"('sphericity test', 1)"
"('mixture detector', 1)"
"('backfilling reclamation', 1)"
"('dmz ii', 1)"
"('tiber river', 1)"
"('parasitic resistance', 1)"
"('mismatched scattering', 1)"
"('angular information', 1)"
"('gaussian smoothing', 1)"
"('triangle method', 1)"
"('seeding density', 1)"
"('local oscillator', 1)"
"('mersenne twister', 1)"
"('desert vegetation', 1)"
"('tidewater glacier', 1)"
"('snake model', 1)"
"('effective potential', 1)"
"('teax 640', 1)"
"('flir a655sc', 1)"
"('collusive eavesdropper', 1)"
"('charge recovery', 1)"
"('wigig band', 1)"
"('selected bispectra', 1)"
"('customizable permittivity', 1)"
"('structure sharing', 1)"
"('mode composite', 1)"
"('encoding mechanism', 1)"
"('cauchy mutation', 1)"
"('zenneck wave', 1)"
"('back cavity', 1)"
"('dielectric horn', 1)"
"('preliminary evaluation', 1)"
"('object model', 1)"
"('interaction method', 1)"
"('bowl shape', 1)"
"('wifi ap', 1)"
"('parabolic interpolation', 1)"
"('panel method', 1)"
"('4d printing', 1)"
"('channel compressive', 1)"
"('ship echo', 1)"
"('classification method', 1)"
"('coastal dynamic', 1)"
"('liquid phantom', 1)"
"('unsteady discharge', 1)"
"('otofuke river', 1)"
"('levee breach', 1)"
"('salt concentration', 1)"
"('radiation control', 1)"
"('green mango', 1)"
"('sapphire substrate', 1)"
"('diagonal element', 1)"
"('tiliacora triandra', 1)"
"('adaboost classifier', 1)"
"('railway scene', 1)"
"('dielectric medium', 1)"
"('automotive tire', 1)"
"('crop phenology', 1)"
"('toll plaza', 1)"
"('diverging area', 1)"
"('thermal damage', 1)"
"('surgical clip', 1)"
"('chlorella saccharophila', 1)"
"('single gateway', 1)"
"('silver dendrite', 1)"
"('photosynthesis', 1)"
"('logging regulation', 1)"
"('fault recovery', 1)"
"('sor detector', 1)"
"('garcinia gardneriana', 1)"
"('optimum placement', 1)"
"('lf antenna', 1)"
"('air resistance', 1)"
"('antenna sensitivity', 1)"
"('reduced complexity', 1)"
"('beam controller', 1)"
"('syrian hamster', 1)"
"('balanced system', 1)"
"('subchannel pairing', 1)"
"('disturbance rejection', 1)"
"('chattering reduction', 1)"
"('hybrid combiner', 1)"
"('ph value', 1)"
"('graph topology', 1)"
"('flight formation', 1)"
"('wrinkle density', 1)"
"('transmission ratio', 1)"
"('flexible formation', 1)"
"('series expansion', 1)"
"('altitude information', 1)"
"('arba minch', 1)"
"('clustering stratification', 1)"
"('moisture damage', 1)"
"('chronological review', 1)"
"('suicide basin', 1)"
"('yagi element', 1)"
"('thermal management', 1)"
"('cryogenic fuel', 1)"
"('wankel engine', 1)"
"('continental shelf', 1)"
"('biological fluid', 1)"
"('limestone cave', 1)"
"('resin production', 1)"
"('stratocumulus cloud', 1)"
"('scale dependence', 1)"
"('remote spectroscopy', 1)"
"('birdcage coil', 1)"
"('sea condition', 1)"
"('gps information', 1)"
"('spatial orientation', 1)"
"('executive system', 1)"
"('domain confinement', 1)"
"('location planning', 1)"
"('empirical regression', 1)"
"('vegetable mapping', 1)"
"('horizontal continuity', 1)"
"('incipient motion', 1)"
"('ephemeral river', 1)"
"('stem volume', 1)"
"('social trail', 1)"
"('manila dune', 1)"
"('overlap analysis', 1)"
"('map registration', 1)"
"('forage quality', 1)"
"('optimal estimation', 1)"
"('hydrogeomorphic zone', 1)"
"('po technology', 1)"
"('crop monitoring', 1)"
"('grazing intensity', 1)"
"('animal husbandry', 1)"
"('digital pheromone', 1)"
"('comp transmission', 1)"
"('arrayed nozzle', 1)"
"('information jamming', 1)"
"('radiating slot', 1)"
"('elliott formula', 1)"
"('tunable model', 1)"
"('dependent deployment', 1)"
"('modal expansion', 1)"
"('video game', 1)"
"('learning object', 1)"
"('multipole antenna', 1)"
"('magnetic resonator', 1)"
"('surrogate hinge', 1)"
"('inertial odometry', 1)"
"('thz transceiver', 1)"
"('ionospheric sounding', 1)"
"('reentrant cavity', 1)"
"('axial tuning', 1)"
"('surface trafficability', 1)"
"('planetary body', 1)"
"('electromagnetic actuator', 1)"
"('nanogap antenna', 1)"
"('monitoring device', 1)"
"('manhole cover', 1)"
"('angle algorithm', 1)"
"('arma predictor', 1)"
"('flying squid', 1)"
"('hydraulic fracturing', 1)"
"('straw coverage', 1)"
"('conservation tillage', 1)"
"('pressure prediction', 1)"
"('gas explosion', 1)"
"('spray deposition', 1)"
"('resonance effect', 1)"
"('flash sintering', 1)"
"('downwash airflow', 1)"
"('intermittent stream', 1)"
"('anopheles kochi', 1)"
"('viirs', 1)"
"('aircraft performance', 1)"
"('layout planning', 1)"
"('thermal intervention', 1)"
"('bicep array', 1)"
"('chute cutoff', 1)"
"('friction welding', 1)"
"('oilfield inspection', 1)"
"('sand injectites', 1)"
"('freedom space', 1)"
"('fracture corridor', 1)"
"('recombinant structure', 1)"
"('microbial analysis', 1)"
"('elevated temperature', 1)"
"('terrestrial plant', 1)"
"('agricultural practice', 1)"
"('image generation', 1)"
"('monostatic rcs', 1)"
"('low crosspolarization', 1)"
"('plant bug', 1)"
"('network load', 1)"
"('virtual keyboard', 1)"
"('character input', 1)"
"('epidemiological assessment', 1)"
"('vegetation encroachment', 1)"
"('mediterranean river', 1)"
"('flow regulation', 1)"
"('channel narrowing', 1)"
"('security rate', 1)"
"('transcriptome sequencing', 1)"
"('antenna deployment', 1)"
"('dynamic gain', 1)"
"('attitude dynamic', 1)"
"('requirement prioritization', 1)"
"('iot mechanism', 1)"
"('uavs network', 1)"
"('spiral nanoantenna', 1)"
"('conducting polymer', 1)"
"('landslide rheology', 1)"
"('light aircraft', 1)"
"('ab deployment', 1)"
"('urbanisation process', 1)"
"('automatic identification', 1)"
"('adaptive coil', 1)"
"('river meuse', 1)"
"('ga substitution', 1)"
"('fr4 epoxy', 1)"
"('mother wavelet', 1)"
"('muscle tissue', 1)"
"('caesalpinia pulcherrima', 1)"
"('silver paste', 1)"
"('catechol lipid', 1)"
"('updating formula', 1)"
"('3d modelling', 1)"
"('ultradepth imager', 1)"
"('terrain slope', 1)"
"('4d trajectory', 1)"
"('lossy compression', 1)"
"('slope process', 1)"
"('glacier river', 1)"
"('disc monopole', 1)"
"('radiation shield', 1)"
"('malus sieversii', 1)"
"('situation assessment', 1)"
"('elastic sgd', 1)"
"('adaptive momentum', 1)"
"('thermodynamic temperature', 1)"
"('isprs vaihingen', 1)"
"('vertical image', 1)"
"('steep terrain', 1)"
"('diameter estimation', 1)"
"('imaging spectroscopy', 1)"
"('crop separability', 1)"
"('source class', 1)"
"('phase lag', 1)"
"('lunar calibration', 1)"
"('floating cover', 1)"
"('global search', 1)"
"('multipath profile', 1)"
"('circular signal', 1)"
"('receive beamforming', 1)"
"('seismic noise', 1)"
"('channel inaccuracy', 1)"
"('multiresonant mode', 1)"
"('bespoke lens', 1)"
"('binary code', 1)"
"('correlated pilot', 1)"
"('active attack', 1)"
"('discrete input', 1)"
"('difference set', 1)"
"('kronecker model', 1)"
"('aerial grippers', 1)"
"('odour detection', 1)"
"('muscina stabulans', 1)"
"('opnet modeler', 1)"
"('jammer device', 1)"
"('flying uav', 1)"
"('insect tracking', 1)"
"('skeletonization scheme', 1)"
"('backed cavity', 1)"
"('focusing beampattern', 1)"
"('omnidirectional precoding', 1)"
"('slotline resonator', 1)"
"('dam surface', 1)"
"('impedance coverage', 1)"
"('cascode inverter', 1)"
"('anchor point', 1)"
"('fossil wood', 1)"
"('brassington formation', 1)"
"('rabi resonance', 1)"
"('communication technology', 1)"
"('maximum gain', 1)"
"('stochastic modeling', 1)"
"('relative efficiency', 1)"
"('model builder', 1)"
"('irregular subarray', 1)"
"('raman emission', 1)"
"('digital metasurfaces', 1)"
"('relay deployment', 1)"
"('discovery delay', 1)"
"('domain dynamic', 1)"
"('tree growth', 1)"
"('stem cell', 1)"
"('bandwidth extension', 1)"
"('distributed arithmetic', 1)"
"('earthquake reconnaissance', 1)"
"('heterogeneous catalysis', 1)"
"('simplex algorithm', 1)"
"('pso algorithm', 1)"
"('pattern synthesize', 1)"
"('coil design', 1)"
"('thematic inventory', 1)"
"('groundwater resource', 1)"
"('ellipsoid lens', 1)"
"('thermal routing', 1)"
"('multimode antenna', 1)"
"('mothocya renardi', 1)"
"('molt cycle', 1)"
"('double refraction', 1)"
"('source spacing', 1)"
"('scanning height', 1)"
"('scanning gap', 1)"
"('evaluation height', 1)"
"('shunt resistor', 1)"
"('rectifier circuit', 1)"
"('robust beamformer', 1)"
"('imaging quality', 1)"
"('cluster lidar', 1)"
"('asymmetrical feed', 1)"
"('decoupling line', 1)"
"('photoprotection capacity', 1)"
"('sun exposure', 1)"
"('carbon storage', 1)"
"('tl equation', 1)"
"('large space', 1)"
"('quadrotor aircraft', 1)"
"('total phenolic', 1)"
"('eryngium billardieri', 1)"
"('matricaria sevanensis', 1)"
"('flux linkage', 1)"
"('monomeric lhcs', 1)"
"('adversary jammer', 1)"
"('jumping mechanism', 1)"
"('avian flyer', 1)"
"('multipath routing', 1)"
"('olfactory neuron', 1)"
"('residual sediment', 1)"
"('artemisia annua', 1)"
"('radiation physic', 1)"
"('stm32 cubemx', 1)"
"('channel quotient', 1)"
"('flow control', 1)"
"('gamma radiation', 1)"
"('expected lifetime', 1)"
"('eigenvalue detection', 1)"
"('bluetooth module', 1)"
"('hydrogel sensing', 1)"
"('photovoltaic performance', 1)"
"('trophic guild', 1)"
"('smallholder agriculture', 1)"
"('penta band', 1)"
"('hexagonal antenna', 1)"
"('fuzzy observer', 1)"
"('commercial flight', 1)"
"('localization error', 1)"
"('ranging mode', 1)"
"('dummy caterpillar', 1)"
"('bdm algorithm', 1)"
"('mutation mechanism', 1)"
"('feed blockage', 1)"
"('fibonacci heap', 1)"
"('rotational circulation', 1)"
"('optical performance', 1)"
"('tomographic imaging', 1)"
"('transmission model', 1)"
"('integrated mast', 1)"
"('jet grouting', 1)"
"('biomass output', 1)"
"('sun position', 1)"
"('secure precoding', 1)"
"('rotational spectroscopy', 1)"
"('aspergillus fumigatus', 1)"
"('asexual development', 1)"
"('hybrid crb', 1)"
"('bayesian crb', 1)"
"('lyapunov function', 1)"
"('sliding pipe', 1)"
"('uwb pulse', 1)"
"('propagation curve', 1)"
"('uas image', 1)"
"('imaging parameter', 1)"
"('tree shadow', 1)"
"('transportable terminal', 1)"
"('monopulse tracking', 1)"
"('plant population', 1)"
"('measuring antenna', 1)"
"('checkerboard configuration', 1)"
"('polynomial model', 1)"
"('bowl effect', 1)"
"('radiological monitoring', 1)"
"('rice weevil', 1)"
"('salina represents', 1)"
"('molecular organization', 1)"
"('data indicate', 1)"
"('contain core', 1)"
"('bending effect', 1)"
"('lonicera saccata', 1)"
"('radar network', 1)"
"('transmission beamforming', 1)"
"('spherical ablation', 1)"
"('local recurrence', 1)"
"('massive simo', 1)"
"('pedestrian positioning', 1)"
"('aerial scene', 1)"
"('multichannel radar', 1)"
"('staggered sar', 1)"
"('integrating cavity', 1)"
"('aquaculture farm', 1)"
"('chip removal', 1)"
"('secondary metabolite', 1)"
"('reduced irrigation', 1)"
"('diethyl ether', 1)"
"('hurricane florence', 1)"
"('visible antenna', 1)"
"('peach tree', 1)"
"('joined flight', 1)"
"('secondary loop', 1)"
"('fishery management', 1)"
"('system availability', 1)"
"('shipborne antenna', 1)"
"('distance map', 1)"
"('lake brownification', 1)"
"('mutational analysis', 1)"
"('lyaounov theory', 1)"
"('uncertain parameter', 1)"
"('potato plantlet', 1)"
"('digestate valorization', 1)"
"('magnetized graphene', 1)"
"('eurythermal adaptivity', 1)"
"('sunflower oil', 1)"
"('chinese maye', 1)"
"('west greenland', 1)"
"('wind estimation', 1)"
"('sphere fitting', 1)"
"('ellipsoid fitting', 1)"
"('apriltag identification', 1)"
"('electromechanical control', 1)"
"('disturbance estimation', 1)"
"('kirsch operator', 1)"
"('split aileron', 1)"
"('indirect selection', 1)"
"('reconfigurable feedline', 1)"
"('terrain matching', 1)"
"('laodelphax striatellus', 1)"
"('koch snowflake', 1)"
"('convergence speed', 1)"
"('mode combination', 1)"
"('symbolic regression', 1)"
"('coastal pollution', 1)"
"('spectral heterogeneity', 1)"
"('microwave ferrite', 1)"
"('quantum mechanic', 1)"
"('component module', 1)"
"('reliable throughput', 1)"
"('leptocorisa acuta', 1)"
"('automatic control', 1)"
"('engine jet', 1)"
"('direct solver', 1)"
"('load pressure', 1)"
"('cooperative mapping', 1)"
"('unpowered landing', 1)"
"('cunninghamia lanceolata', 1)"
"('chlorophyll biosynthesis', 1)"
"('flexible appendage', 1)"
"('metallic fiber', 1)"
"('command governor', 1)"
"('drainage pipe', 1)"
"('flexible ceramic', 1)"
"('aeolian archipelago', 1)"
"('nonlinear tensor', 1)"
"('sting balance', 1)"
"('virtual reconstruction', 1)"
"('uav photogrammetry', 1)"
"('range estimation', 1)"
"('dre volume', 1)"
"('docking analysis', 1)"
"('rice tissue', 1)"
"('molecular dynamic', 1)"
"('lih hydrolysis', 1)"
"('hydrogen production', 1)"
"('photon antibunching', 1)"
"('water line', 1)"
"('external wall', 1)"
"('memory acquisition', 1)"
"('honeybee brain', 1)"
"('sagnac effect', 1)"
"('entomobryoides maynard', 1)"
"('propeller airflow', 1)"
"('basic configuration', 1)"
"('road network', 1)"
"('oblique sounding', 1)"
"('hotspot prediction', 1)"
"('fault urgency', 1)"
"('fault severity', 1)"
"('multiple application', 1)"
"('channel widening', 1)"
"('microwave communication', 1)"
"('lightning whistler', 1)"
"('boreal forest', 1)"
"('urbanization degree', 1)"
"('plant diversity', 1)"
"('glacial foreland', 1)"
"('beam focusing', 1)"
"('single tree', 1)"
"('multiuser detector', 1)"
"('filter algorithm', 1)"
"('video stabilization', 1)"
"('image similarity', 1)"
"('southern yakutia', 1)"
"('geometric referencing', 1)"
"('ghost image', 1)"
"('tolerance design', 1)"
"('land category', 1)"
"('aquatic plant', 1)"
"('impervious surface', 1)"
"('uav lidar', 1)"
"('tree segmentation', 1)"
"('mean shift', 1)"
"('euler deconvolution', 1)"
"('particle stream', 1)"
"('trajectory scheduling', 1)"
"('online computation', 1)"
"('device positioning', 1)"
"('rau selection', 1)"
"('trajectory prediction', 1)"
"('state evolution', 1)"
"('power assignment', 1)"
"('mutual sic', 1)"
"('thompson sampling', 1)"
"('sparse equalizer', 1)"
"('distance threshold', 1)"
"('reconfigurable metamaterial', 1)"
"('preamble structure', 1)"
"('server processor', 1)"
"('data center', 1)"
"('seasonal drought', 1)"
"('triaxial accelerometer', 1)"
"('reflection reduction', 1)"
"('phase cancellation', 1)"
"('future smartphones', 1)"
"('imaging gain', 1)"
"('rectangular notch', 1)"
"('information distribution', 1)"
"('feeding deterrence', 1)"
"('exponentiated weibull', 1)"
"('delay rule', 1)"
"('orthographic code', 1)"
"('gps outage', 1)"
"('enclosed environment', 1)"
"('acoustic array', 1)"
"('spray quality', 1)"
"('graphene patch', 1)"
"('scale factor', 1)"
"('transmission imaging', 1)"
"('stepped impedance', 1)"
"('rfid sensor', 1)"
"('common ground', 1)"
"('guidance route', 1)"
"('grasp planning', 1)"
"('rolling shutter', 1)"
"('molybdate ion', 1)"
"('adjustable threshold', 1)"
"('deformation characteristic', 1)"
"('antecedent rainfall', 1)"
"('eclipse software', 1)"
"('ring forging', 1)"
"('precise stitching', 1)"
"('coarse stitching', 1)"
"('terahertz communication', 1)"
"('causative factor', 1)"
"('collision risk', 1)"
"('op1db variation', 1)"
"('spatial accuracy', 1)"
"('indirect georeferencing', 1)"
"('gold grating', 1)"
"('tetragonisca fiebrigi', 1)"
"('light polarization', 1)"
"('ideal switch', 1)"
"('monoexponential dynamic', 1)"
"('passive dipole', 1)"
"('surrounding information', 1)"
"('tool eccentricity', 1)"
"('resistivity anisotropy', 1)"
"('mutation strategy', 1)"
"('adaptive iteration', 1)"
"('operation architecture', 1)"
"('bispectrum analysis', 1)"
"('tilted antenna', 1)"
"('directional response', 1)"
"('virtual prototype', 1)"
"('network resilience', 1)"
"('rzf antenna', 1)"
"('folded arm', 1)"
"('doppler system', 1)"
"('hypopnea syndrome', 1)"
"('bookshelf faulting', 1)"
"('distributed computing', 1)"
"('dynamic trajectory', 1)"
"('oil quality', 1)"
"('acid value', 1)"
"('vortex shedding', 1)"
"('naca 0012', 1)"
"('buck converter', 1)"
"('danakil depression', 1)"
"('dallol dome', 1)"
"('crispr interference', 1)"
"('lc tag', 1)"
"('patch nanoantenna', 1)"
"('topological map', 1)"
"('intertidal morphology', 1)"
"('fluorescence probe', 1)"
"('overland flow', 1)"
"('reduced profile', 1)"
"('solanum rostratum', 1)"
"('situation awareness', 1)"
"('hydrothermal method', 1)"
"('surface model', 1)"
"('roll angle', 1)"
"('bark louse', 1)"
"('perspective switch', 1)"
"('thrust estimator', 1)"
"('population prediction', 1)"
"('tamil nadu', 1)"
"('soldier minor', 1)"
"('hranice abyss', 1)"
"('connected uavs', 1)"
"('social distancing', 1)"
"('haptic perception', 1)"
"('rolling platform', 1)"
"('electromagnetic belt', 1)"
"('variational bayesian', 1)"
"('wireless synchronization', 1)"
"('classification framework', 1)"
"('positional modulation', 1)"
"('electrical insulator', 1)"
"('information freshness', 1)"
"('hierarchical softmax', 1)"
"('electrocapillary actuation', 1)"
"('amplitude comparison', 1)"
"('stepped ground', 1)"
"('wheatear detection', 1)"
"('improved yolov4', 1)"
"('active perception', 1)"
"('fill rate', 1)"
"('probe reactance', 1)"
"('salience detection', 1)"
"('broken cable', 1)"
"('hybrid algorithm', 1)"
"('updraft prediction', 1)"
"('personal exposure', 1)"
"('broadband rectenna', 1)"
"('exposure limit', 1)"
"('cell configuration', 1)"
"('canton ticino', 1)"
"('transnational medium', 1)"
"('broadcast medium', 1)"
"('heterogeneous application', 1)"
"('stroke detection', 1)"
"('sparse fcm', 1)"
"('gateway selection', 1)"
"('csrr array', 1)"
"('martingale theory', 1)"
"('iort network', 1)"
"('position control', 1)"
"('telecommunication system', 1)"
"('sparse convolution', 1)"
"('aerial grasping', 1)"
"('gain ripple', 1)"
"('cooperative attack', 1)"
"('canard wing', 1)"
"('flapping airfoil', 1)"
"('aerial imaging', 1)"
"('compliant mechanism', 1)"
"('recent development', 1)"
"('textile electrode', 1)"
"('statistical field', 1)"
"('expected value', 1)"
"('suspended payload', 1)"
"('aerial hetnets', 1)"
"('comodulation effect', 1)"
"('life stage', 1)"
"('branchial cavity', 1)"
"('azimuth multichannel', 1)"
"('new radio', 1)"
"('flat structure', 1)"
"('resolution enhancement', 1)"
"('distribution system', 1)"
"('civilian uav', 1)"
"('cassegrain optic', 1)"
"('phase pattern', 1)"
"('taylor array', 1)"
"('audio transmission', 1)"
"('windowed ofdm', 1)"
"('penalty method', 1)"
"('ritz method', 1)"
"('robust differentiator', 1)"
"('tr cell', 1)"
"('white light', 1)"
"('assembly efficiency', 1)"
"('geospatial technology', 1)"
"('insulator string', 1)"
"('common swift', 1)"
"('cross bowtie', 1)"
"('heaving platform', 1)"
"('fractal rectenna', 1)"
"('opportunistic communication', 1)"
"('amorphous microwire', 1)"
"('half mode', 1)"
"('vandermonde matrix', 1)"
"('wlan optimization', 1)"
"('underactuated system', 1)"
"('brisk algorithm', 1)"
"('navigation signal', 1)"
"('3d scanning', 1)"
"('advance ratio', 1)"
"('tree lean', 1)"
"('group sparsity', 1)"
"('polychromatic set', 1)"
"('constraint condition', 1)"
"('graph optimization', 1)"
"('fusion framework', 1)"
"('harvesting width', 1)"
"('data stream', 1)"
"('motor dynamic', 1)"
"('composite disturbance', 1)"
"('5 ghz', 1)"
"('joint tracking', 1)"
"('joint breakwater', 1)"
"('zosima absinthifolia', 1)"
"('quantum behavior', 1)"
"('resistive loaded', 1)"
"('electromagnetic sensor', 1)"
"('threat assessment', 1)"
"('close agreement', 1)"
"('asymmetric geometry', 1)"
"('reconstruction error', 1)"
"('panulirus homarus', 1)"
"('ecdysone receptor', 1)"
"('antenna ablation', 1)"
"('convex problem', 1)"
"('stbc mimo', 1)"
"('r encoder', 1)"
"('active test', 1)"
"('carrier rocket', 1)"
"('osteogenic differentiation', 1)"
"('chondrogenic differentiation', 1)"
"('single hopping', 1)"
"('postfit residual', 1)"
"('transmission plate', 1)"
"('mobile environment', 1)"
"('agricultural vehicle', 1)"
"('lynceus biformis', 1)"
"('branchinella kugenumaensis', 1)"
"('signal fragmentation', 1)"
"('antenna transmission', 1)"
"('wave port', 1)"
"('mvdr beamformer', 1)"
"('ice doline', 1)"
"('coupling system', 1)"
"('settling time', 1)"
"('active eavesdropper', 1)"
"('compressed array', 1)"
"('fading envelope', 1)"
"('iterative learning', 1)"
"('perforated structure', 1)"
"('ellipticity ratio', 1)"
"('axial length', 1)"
"('uncertainty quantification', 1)"
"('primorsky krai', 1)"
"('redundant manipulator', 1)"
"('dropped packet', 1)"
"('periglacial geomorphology', 1)"
"('pulse shifting', 1)"
"('inherent isolation', 1)"
"('6g functioning', 1)"
"('foldable structure', 1)"
"('unmodeled dynamic', 1)"
"('waveguide effect', 1)"
"('orographic lift', 1)"
"('ventral gap', 1)"
"('paper airplane', 1)"
"('radial cavity', 1)"
"('river engineering', 1)"
"('channel bar', 1)"
"('recovery guarantee', 1)"
"('chattering phenomenon', 1)"
"('csa algorithm', 1)"
"('wrist model', 1)"
"('duplexing antenna', 1)"
"('consensus mechanism', 1)"
"('angular spectrum', 1)"
"('netted radar', 1)"
"('barton peninsula', 1)"
"('multiple region', 1)"
"('songkhla sea', 1)"
"('transceiver impairment', 1)"
"('contextual fault', 1)"
"('gossip algorithm', 1)"
"('shear design', 1)"
"('fda antenna', 1)"
"('klt tracker', 1)"
"('fumigant effect', 1)"
"('fading behavior', 1)"
"('tunable mode', 1)"
"('inductive antenna', 1)"
"('elimination method', 1)"
"('precoding algorithm', 1)"
"('step feed', 1)"
"('computational model', 1)"
"('dry land', 1)"
"('3d map', 1)"
"('layered soil', 1)"
"('bisected psi', 1)"
"('vb adaption', 1)"
"('bp detection', 1)"
"('coupled association', 1)"
"('suspended line', 1)"
"('optical imagery', 1)"
"('rebound jamming', 1)"
"('docking controller', 1)"
"('behavior optimization', 1)"
"('transition control', 1)"
"('chemical trap', 1)"
"('modern technology', 1)"
"('ad hoc', 1)"
"('rf cloud', 1)"
"('gesture detection', 1)"
"('electromagnetic resonance', 1)"
"('swarm mobility', 1)"
"('constraint propagation', 1)"
"('scrambling matrix', 1)"
"('empirical formulation', 1)"
"('fringing field', 1)"
"('southern manchuria', 1)"
"('polarized skylight', 1)"
"('navigation strategy', 1)"
"('cloud storage', 1)"
"('phase scanning', 1)"
"('dual slot', 1)"
"('damage model', 1)"
"('modulation parameter', 1)"
"('root exploit', 1)"
"('multipoint transmission', 1)"
"('interference elimination', 1)"
"('subject separation', 1)"
"('discriminative feature', 1)"
"('bt corn', 1)"
"('active user', 1)"
"('lc circuit', 1)"
"('british columbia', 1)"
"('intention guiding', 1)"
"('broadband rectifier', 1)"
"('unwanted c', 1)"
"('parametric effect', 1)"
"('porous scale', 1)"
"('occurrence model', 1)"
"('habitat utilization', 1)"
"('xuyong landslide', 1)"
"('formation mechanism', 1)"
"('ziziphus acidojujuba', 1)"
"('detection subset', 1)"
"('drag reduction', 1)"
"('5g terminal', 1)"
"('caroline plate', 1)"
"('alternating voltage', 1)"
"('mode vector', 1)"
"('se measurement', 1)"
"('singular value', 1)"
"('energy replenishment', 1)"
"('ground crack', 1)"
"('field coverage', 1)"
"('drone detection', 1)"
"('dielectric heating', 1)"
"('loss reduction', 1)"
"('content throughput', 1)"
"('vulcanization property', 1)"
"('channel switching', 1)"
"('azimuth angle', 1)"
"('parasitic ground', 1)"
"('yagi array', 1)"
"('geometric extraction', 1)"
"('immersive interface', 1)"
"('toroidal resonance', 1)"
"('estimation time', 1)"
"('rotary actuator', 1)"
"('mode reconfigurability', 1)"
"('context modeling', 1)"
"('collinear antenna', 1)"
"('codeword selection', 1)"
"('geometric constraint', 1)"
"('semantic feature', 1)"
"('node scheduling', 1)"
"('moving direction', 1)"
"('semantic subspace', 1)"
"('slow convergence', 1)"
"('agricultural field', 1)"
"('mailing cage', 1)"
"('vegetation type', 1)"
"('ternary adcs', 1)"
"('back propagation', 1)"
"('aerial combat', 1)"
"('aspergillus terreus', 1)"
"('model identification', 1)"
"('nulling performance', 1)"
"('modified jade', 1)"
"('well logging', 1)"
"('coordinate descent', 1)"
"('infrared image', 1)"
"('downlink noma', 1)"
"('adaptive terminal', 1)"
"('symmetrical structure', 1)"
"('stable structure', 1)"
"('promising candidate', 1)"
"('basically maintained', 1)"
"('wiener filtration', 1)"
"('radar image', 1)"
"('human disturbance', 1)"
"('basento river', 1)"
"('scintillation model', 1)"
"('laser imaging', 1)"
"('prospective study', 1)"
"('simulation study', 1)"
"('manihot esculenta', 1)"
"('zenith path', 1)"
"('hyperthermia treatment', 1)"
"('microstrip fed', 1)"
"('infrared sintering', 1)"
"('smooth trajectory', 1)"
"('rapid coverage', 1)"
"('asymmetric inset', 1)"
"('spectrum aggregation', 1)"
"('geopotential height', 1)"
"('optimal detector', 1)"
"('beam sweeping', 1)"
"('receiver position', 1)"
"('trajectory correction', 1)"
"('metropolis criterion', 1)"
"('splitting receiver', 1)"
"('hertz vector', 1)"
"('dynamic subarrays', 1)"
"('electrically downtilt', 1)"
"('mobility prediction', 1)"
"('orientation fluctuation', 1)"
"('cooperative tracking', 1)"
"('mission abort', 1)"
"('economic analysis', 1)"
"('line array', 1)"
"('diagonal plane', 1)"
"('aphidoletes aphidimyza', 1)"
"('calibration emitter', 1)"
"('misalignment measurement', 1)"
"('wireless backhauling', 1)"
"('5g antenna', 1)"
"('uniaxial metamaterial', 1)"
"('peak power', 1)"
"('pattern shaping', 1)"
"('pid control', 1)"
"('flanking flight', 1)"
"('data analytics', 1)"
"('psychodopygus chagasi', 1)"
"('coupled impedance', 1)"
"('nutrient acquisition', 1)"
"('elite individual', 1)"
"('adaptive strategy', 1)"
"('rapid redesign', 1)"
"('bacillus subtilis', 1)"
"('cooperative jammer', 1)"
"('collaborative perception', 1)"
"('phonon scattering', 1)"
"('channel registration', 1)"
"('christofides algorithm', 1)"
"('remaining amount', 1)"
"('coherent scattering', 1)"
"('focused ultrasound', 1)"
"('multicell processing', 1)"
"('gps refractometry', 1)"
"('stability accuracy', 1)"
"('photovoltaic array', 1)"
"('propeller disturbance', 1)"
"('eurydema oleracea', 1)"
"('brassica oleracea', 1)"
"('drone noise', 1)"
"('arc detection', 1)"
"('phytochemical screening', 1)"
"('pesticide exposure', 1)"
"('fire blight', 1)"
"('isolation characteristic', 1)"
"('implantable biosensor', 1)"
"('upper air', 1)"
"('collision frequency', 1)"
"('brown pigment', 1)"
"('colour feature', 1)"
"('water entry', 1)"
"('flight agility', 1)"
"('antlion optimization', 1)"
"('mannose receptor', 1)"
"('hillslope morphology', 1)"
"('resonance wavelength', 1)"
"('diabolo antenna', 1)"
"('virtual instrument', 1)"
"('natural regeneration', 1)"
"('flower opening', 1)"
"('nasca geoglyphs', 1)"
"('lissajous curve', 1)"
"('voronoi partition', 1)"
"('subei shoal', 1)"
"('aerodynamic angle', 1)"
"('nasal septum', 1)"
"('nasal cavity', 1)"
"('structural inheritance', 1)"
"('gippsland basin', 1)"
"('thz band', 1)"
"('aspherical surface', 1)"
"('codonopsis pilosula', 1)"
"('diverse pattern', 1)"
"('wing fence', 1)"
"('tip stall', 1)"
"('biotelemetry application', 1)"
"('humpback chub', 1)"
"('capture probability', 1)"
"('electromagnetic measurement', 1)"
"('lateral antennules', 1)"
"('harmonic coupling', 1)"
"('multicarrier multiplexing', 1)"
"('extended patch', 1)"
"('radiation avoiding', 1)"
"('trend analysis', 1)"
"('extreme event', 1)"
"('process optimization', 1)"
"('mod ink', 1)"
"('quantization control', 1)"
"('high slope', 1)"
"('information correlation', 1)"
"('biological activity', 1)"
"('prunus spp', 1)"
"('terrain modeling', 1)"
"('laguerre function', 1)"
"('secondary growth', 1)"
"('deep root', 1)"
"('formation fault', 1)"
"('cftc system', 1)"
"('molecular alignment', 1)"
"('gallinara island', 1)"
"('beamspace precoding', 1)"
"('papaver alkaloid', 1)"
"('antioxidant capacity', 1)"
"('perdido canyon', 1)"
"('organic sulfide', 1)"
"('anatase tio2', 1)"
"('ohmic absorption', 1)"
"('phenotypic integration', 1)"
"('erwinia bacteria', 1)"
"('disease detection', 1)"
"('nelore breed', 1)"
"('canchim breed', 1)"
"('leaky feeder', 1)"
"('brown dwarf', 1)"
"('panel antenna', 1)"
"('tandem configuration', 1)"
"('effective baseline', 1)"
"('social medium', 1)"
"('periodic solution', 1)"
"('existence condition', 1)"
"('desert river', 1)"
"('chaotic system', 1)"
"('geometry programming', 1)"
"('runout distance', 1)"
"('multimodal fusion', 1)"
"('3d segmentation', 1)"
"('estimation model', 1)"
"('carbon sink', 1)"
"('power method', 1)"
"('angular superresolution', 1)"
"('swb antenna', 1)"
"('channel covariance', 1)"
"('wind environment', 1)"
"('simultaneous stabilization', 1)"
"('known node', 1)"
"('anchor node', 1)"
"('interfering node', 1)"
"('temporal consistency', 1)"
"('morse code', 1)"
"('ordinal regression', 1)"
"('driverless vehicle', 1)"
"('phase variation', 1)"
"('geographical transferability', 1)"
"('drone delivery', 1)"
"('risk management', 1)"
"('longitudinal extent', 1)"
"('cylindrical mode', 1)"
"('temperature level', 1)"
"('whole space', 1)"
"('deficit irrigation', 1)"
"('throughput optimization', 1)"
"('arma chinensis', 1)"
"('calibration parameter', 1)"
"('boresight angle', 1)"
"('traffic patrolling', 1)"
"('hybrid optimization', 1)"
"('carbon nanodots', 1)"
"('sand dune', 1)"
"('point pelee', 1)"
"('pigment index', 1)"
"('brachiaria mutica', 1)"
"('shape adjustment', 1)"
"('function allocation', 1)"
"('xylotrechus quadripes', 1)"
"('movement ecology', 1)"
"('medical image', 1)"
"('adaptive quantizer', 1)"
"('isosurface render', 1)"
"('nitrogen deficiency', 1)"
"('fdtd modeling', 1)"
"('spatiotemporal interdependency', 1)"
"('electrostatic assembly', 1)"
"('droplet uniformity', 1)"
"('taounate city', 1)"
"('gauss process', 1)"
"('bionic feather', 1)"
"('data redundancy', 1)"
"('microwave element', 1)"
"('mixed pixel', 1)"
"('infrared region', 1)"
"('statistical characterization', 1)"
"('terahertz generation', 1)"
"('trust calibration', 1)"
"('eye tracking', 1)"
"('plane linkage', 1)"
"('guided initialization', 1)"
"('yanyuan county', 1)"
"('parallel sm', 1)"
"('assembly dynamic', 1)"
"('f915 mma', 1)"
"('uav survey', 1)"
"('northern tibet', 1)"
"('parasitic sleeve', 1)"
"('attenuation parameter', 1)"
"('chemical profile', 1)"
"('smart spindle', 1)"
"('instantaneous learning', 1)"
"('shadow removal', 1)"
"('cardiorenal syndrome', 1)"
"('healthcare application', 1)"
"('wifi multicast', 1)"
"('opportunistic offloading', 1)"
"('partially connected', 1)"
"('modified ebg', 1)"
"('modified quadrotor', 1)"
"('landmark detection', 1)"
"('social recognition', 1)"
"('brick dust', 1)"
"('weakly coupled', 1)"
"('mender antenna', 1)"
"('perfect absorption', 1)"
"('glycan antenna', 1)"
"('failure mode', 1)"
"('signal characteristic', 1)"
"('solar tracker', 1)"
"('mentha spicata', 1)"
"('erigeron canadensis', 1)"
"('wetland expansion', 1)"
"('lake victoria', 1)"
"('runoff ratio', 1)"
"('electrodynamic property', 1)"
"('data enhancement', 1)"
"('wave erosion', 1)"
"('jeziorsko reservoir', 1)"
"('oriental china', 1)"
"('plant biostimulants', 1)"
"('resilience engineering', 1)"
"('low altitude', 1)"
"('scarce dataset', 1)"
"('error overbounding', 1)"
"('bp algorithm', 1)"
"('moore machine', 1)"
"('planted forest', 1)"
"('position information', 1)"
"('rotation matrix', 1)"
"('finite precision', 1)"
"('smart community', 1)"
"('ship emission', 1)"
"('cellular iot', 1)"
"('dynamic watermarking', 1)"
"('active erosion', 1)"
"('river discharge', 1)"
"('zero backscattering', 1)"
"('critical response', 1)"
"('dopaminergic neuron', 1)"
"('cotton substrate', 1)"
"('enhanced isolation', 1)"
"('water bolus', 1)"
"('ring monopole', 1)"
"('diagonal horn', 1)"
"('joint design', 1)"
"('far sidelobes', 1)"
"('epistemic uncertainty', 1)"
"('winding strategy', 1)"
"('driving force', 1)"
"('optimum filtering', 1)"
"('indirect surveying', 1)"
"('terrain classification', 1)"
"('downwash effect', 1)"
"('coastal louisiana', 1)"
"('blister beetle', 1)"
"('arid steppe', 1)"
"('given rotation', 1)"
"('power tower', 1)"
"('intravascular monitoring', 1)"
"('stainless steel', 1)"
"('structural behavior', 1)"
"('computation overhead', 1)"
"('methodological pluralism', 1)"
"('sw turkey', 1)"
"('brain investigation', 1)"
"('virus particle', 1)"
"('predatory mite', 1)"
"('cryptorrhynchus lapathi', 1)"
"('liquid solution', 1)"
"('solid solution', 1)"
"('android client', 1)"
"('reception rate', 1)"
"('subunit composition', 1)"
"('host cue', 1)"
"('visual quality', 1)"
"('rural landscape', 1)"
"('landscape diversity', 1)"
"('preservative boundary', 1)"
"('constraint force', 1)"
"('senecio brasiliensis', 1)"
"('offset surface', 1)"
"('airborne antenna', 1)"
"('fumarolic gas', 1)"
"('rainfall uniformity', 1)"
"('wearable system', 1)"
"('pole extraction', 1)"
"('experimental data', 1)"
"('multiple disturbance', 1)"
"('forgetting model', 1)"
"('satureja kitaibelii', 1)"
"('plant part', 1)"
"('multistep prediction', 1)"
"('cement leakage', 1)"
"('visual detection', 1)"
"('beta diversity', 1)"
"('tannery wastewater', 1)"
"('constructed wetland', 1)"
"('parkinson disease', 1)"
"('cfar detector', 1)"
"('meteorological data', 1)"
"('meloidogyne incognita', 1)"
"('caenorhabditis elegans', 1)"
"('polmux technique', 1)"
"('code dissemination', 1)"
"('civilian application', 1)"
"('degraded soil', 1)"
"('geo satellite', 1)"
"('aerial recovery', 1)"
"('structural inspection', 1)"
"('observation aperture', 1)"
"('spacecraft potential', 1)"
"('attitude stability', 1)"
"('knock combustion', 1)"
"('gallium phosphide', 1)"
"('multiuser precoding', 1)"
"('electromechanical impedance', 1)"
"('mesfet device', 1)"
"('accretion disc', 1)"
"('small flow', 1)"
"('similarity theory', 1)"
"('liquid hydrogen', 1)"
"('high head', 1)"
"('gradient amplitude', 1)"
"('phenolic profile', 1)"
"('imaging spectrometry', 1)"
"('four case', 1)"
"('centrifugal compressor', 1)"
"('intersection simulator', 1)"
"('marine debris', 1)"
"('saturation boost', 1)"
"('collinear dipole', 1)"
"('cooke triplet', 1)"
"('coherent clean', 1)"
"('subarray optimization', 1)"
"('recycled polyolefin', 1)"
"('aircraft identification', 1)"
"('cavity detection', 1)"
"('fusion center', 1)"
"('meander space', 1)"
"('virtual decomposition', 1)"
"('pyramid reflector', 1)"
"('parabolic mirror', 1)"
"('urban water', 1)"
"('track centerline', 1)"
"('generalist predator', 1)"
"('radio altimeter', 1)"
"('cournot duopoly', 1)"
"('rotator antenna', 1)"
"('bragg grating', 1)"
"('uploading power', 1)"
"('flying iot', 1)"
"('phase offset', 1)"
"('filtering response', 1)"
"('built environment', 1)"
"('specific capacitance', 1)"
"('coulombic efficiency', 1)"
"('activated carbon', 1)"
"('spaceborne radar', 1)"
"('geocenter coordinate', 1)"
"('failsafe mechanism', 1)"
"('spatial calibration', 1)"
"('dielectric window', 1)"
"('convex decomposition', 1)"
"('observability analysis', 1)"
"('intelligent warehouse', 1)"
"('seyhan delta', 1)"
"('anthropogenic effect', 1)"
"('gap mode', 1)"
"('uavs formation', 1)"
"('visual search', 1)"
"('phenethyl propionate', 1)"
"('phenethyl formate', 1)"
"('polarization effect', 1)"
"('adaptive network', 1)"
"('isolation forest', 1)"
"('achievable directivity', 1)"
"('pachyneuron aphidis', 1)"
"('receiver aircraft', 1)"
"('vacant lot', 1)"
"('spark ignition', 1)"
"('injection timing', 1)"
"('cdo nanoparticles', 1)"
"('membrane plate', 1)"
"('giant interneurons', 1)"
"('downshifted peak', 1)"
"('photosynthetic system', 1)"
"('linseed oil', 1)"
"('noise cancellation', 1)"
"('multiple coherence', 1)"
"('fluorescence sensing', 1)"
"('reversible computation', 1)"
"('geometric approach', 1)"
"('quadratic hole', 1)"
"('golden angle', 1)"
"('lizntibi ferrite', 1)"
"('erythropoietic cell', 1)"
"('protective capacity', 1)"
"('morphing aircraft', 1)"
"('aerodynamic optimization', 1)"
"('landing guidance', 1)"
"('cerebral hemorrhage', 1)"
"('shore erosion', 1)"
"('reciprocity theory', 1)"
"('intertidal sandflat', 1)"
"('sensory neuroscience', 1)"
"('biological science', 1)"
"('hengchun peninsula', 1)"
"('hengchun fault', 1)"
"('wood chip', 1)"
"('water strider', 1)"
"('rf dac', 1)"
"('sediment redistribution', 1)"
"('inertia tensor', 1)"
"('ultraviolet radiation', 1)"
"('mmse filter', 1)"
"('mmwave network', 1)"
"('green fraction', 1)"
"('molecular force', 1)"
"('reconfigurable system', 1)"
"('interesting phenomenon', 1)"
"('high pressure', 1)"
"('nut weevil', 1)"
"('ridge detector', 1)"
"('prospect theory', 1)"
"('dysdercus cingulatus', 1)"
"('wimax band', 1)"
"('randomization procedure', 1)"
"('cfar property', 1)"
"('salient detection', 1)"
"('radioisotope inclusion', 1)"
"('quadrature mixer', 1)"
"('bayesian framework', 1)"
"('directional jammer', 1)"
"('4g lte', 1)"
"('alsi10mg aluminum', 1)"
"('illinois river', 1)"
"('rf limiter', 1)"
"('atm controller', 1)"
"('cb radio', 1)"
"('body mass', 1)"
"('aeolothrips intermedius', 1)"
"('alamouti technique', 1)"
"('ultrawide bandwidth', 1)"
"('social phenotype', 1)"
"('csi image', 1)"
"('communication terminal', 1)"
"('multiple orientation', 1)"
"('wing polyphenism', 1)"
"('urban material', 1)"
"('spectral library', 1)"
"('patch size', 1)"
"('hyperspectral camera', 1)"
"('cunninghamia lanceolate', 1)"
"('subcarrier alternating', 1)"
"('assistive technology', 1)"
"('temporal focusing', 1)"
"('localization deception', 1)"
"('synthetic spectrum', 1)"
"('electromagnetic isolation', 1)"
"('checkerboard array', 1)"
"('optimum design', 1)"
"('kilim river', 1)"
"('hovering flight', 1)"
"('acoustic sensor', 1)"
"('slotted ring', 1)"
"('resource partitioning', 1)"
"('knee joint', 1)"
"('thermoplastic polymer', 1)"
"('dlp printing', 1)"
"('diffusion coefficient', 1)"
"('vitamin b12', 1)"
"('phonon polaritons', 1)"
"('fruit growing', 1)"
"('tissue deformation', 1)"
"('specific thrust', 1)"
"('adaptive backstepping', 1)"
"('electric heater', 1)"
"('solar potential', 1)"
"('center loss', 1)"
"('structural whiteness', 1)"
"('broadband reflection', 1)"
"('interdigital transducer', 1)"
"('compressed data', 1)"
"('holotrichia oblita', 1)"
"('localization algorithm', 1)"
"('dust removal', 1)"
"('astromesh antenna', 1)"
"('internal tension', 1)"
"('geometric shape', 1)"
"('basilepta melanopus', 1)"
"('insecticide susceptibility', 1)"
"('prescribed performance', 1)"
"('electric arc', 1)"
"('softwear antenna', 1)"
"('harvest power', 1)"
"('large gain', 1)"
"('impedance level', 1)"
"('monocular camera', 1)"
"('initial stage', 1)"
"('convective precipitation', 1)"
"('linear guide', 1)"
"('disturbance suppression', 1)"
"('delivery task', 1)"
"('docking safety', 1)"
"('docking reachability', 1)"
"('human value', 1)"
"('companion robot', 1)"
"('surface resistivity', 1)"
"('electron cyclotron', 1)"
"('object proposal', 1)"
"('power combination', 1)"
"('otsu algorithm', 1)"
"('fictitious node', 1)"
"('speech recognition', 1)"
"('upconversion nanoparticles', 1)"
"('floating macrophyte', 1)"
"('solar aircraft', 1)"
"('surveillance system', 1)"
"('monitoring quality', 1)"
"('aerial rendezvous', 1)"
"('trajectory optimisation', 1)"
"('ice dynamic', 1)"
"('absorption enhancement', 1)"
"('enhanced radiation', 1)"
"('acceptance test', 1)"
"('amide group', 1)"
"('postpercolation threshold', 1)"
"('photodynamic inactivation', 1)"
"('click chemistry', 1)"
"('microwave region', 1)"
"('exceptional preservation', 1)"
"('stap weight', 1)"
"('computation time', 1)"
"('formation rendezvous', 1)"
"('papr reduction', 1)"
"('main direction', 1)"
"('dense connection', 1)"
"('low snr', 1)"
"('local control', 1)"
"('quadrotor mode', 1)"
"('capacitive disc', 1)"
"('unknown region', 1)"
"('pilot protocol', 1)"
"('clustered sparsity', 1)"
"('electromagnetic application', 1)"
"('wood preservative', 1)"
"('military testing', 1)"
"('physcomitrella patens', 1)"
"('l1 optimization', 1)"
"('gain filtering', 1)"
"('position detection', 1)"
"('metallic bezel', 1)"
"('alford loop', 1)"
"('doppler sensor', 1)"
"('impedance parameter', 1)"
"('sternotomy wire', 1)"
"('implantable neurostimulators', 1)"
"('cooperative matching', 1)"
"('raw data', 1)"
"('physicochemical analysis', 1)"
"('endfire gain', 1)"
"('marsh edge', 1)"
"('system calibration', 1)"
"('check point', 1)"
"('simple sampling', 1)"
"('vehicular antenna', 1)"
"('zamzam water', 1)"
"('coronal turbulence', 1)"
"('geometric parameter', 1)"
"('oxygen vacancy', 1)"
"('material detection', 1)"
"('efficiency bound', 1)"
"('transmission stiffness', 1)"
"('transmission backlash', 1)"
"('euschistus hero', 1)"
"('chinavia ubica', 1)"
"('reverberant cavity', 1)"
"('pixel size', 1)"
"('ground coverage', 1)"
"('turning vehicle', 1)"
"('antenna substrate', 1)"
"('docking stage', 1)"
"('spatial heterogeneity', 1)"
"('soil microorganism', 1)"
"('3d f', 1)"
"('lattice system', 1)"
"('thz microscope', 1)"
"('motion primitive', 1)"
"('lethal area', 1)"
"('store ejection', 1)"
"('external store', 1)"
"('ejector dynamic', 1)"
"('yaw attitude', 1)"
"('autonomous inspection', 1)"
"('total mastectomy', 1)"
"('tuning nodule', 1)"
"('chengjiang biota', 1)"
"('testbed implementation', 1)"
"('hyperboloid method', 1)"
"('cadmium stress', 1)"
"('interbeam interference', 1)"
"('concrete wall', 1)"
"('backhauling power', 1)"
"('pulse communication', 1)"
"('insect olfaction', 1)"
"('pen tablet', 1)"
"('oriental brush', 1)"
"('droplet model', 1)"
"('aerial action', 1)"
"('flight energetics', 1)"
"('mining sludge', 1)"
"('conformal metasurfaces', 1)"
"('signal preprocessing', 1)"
"('nitrous oxide', 1)"
"('group communication', 1)"
"('cooperative control', 1)"
"('spme arrow', 1)"
"('sampling accessory', 1)"
"('gryon sp', 1)"
"('4d navigation', 1)"
"('pogostemon cablin', 1)"
"('penaeus semisulcatus', 1)"
"('social context', 1)"
"('functionally graded', 1)"
"('phase directivity', 1)"
"('lane detection', 1)"
"('intelligent vehicle', 1)"
"('relay position', 1)"
"('aec industry', 1)"
"('riverbank inundation', 1)"
"('hazard assessment', 1)"
"('samoylov island', 1)"
"('polygon degradation', 1)"
"('multispectral pleiades', 1)"
"('eurasian watermilfoil', 1)"
"('downlink power', 1)"
"('roadside unit', 1)"
"('attitude controller', 1)"
"('sexual trait', 1)"
"('probe selection', 1)"
"('reference trajectory', 1)"
"('early ripening', 1)"
"('arome model', 1)"
"('kolmogorov turbulence', 1)"
"('interference steering', 1)"
"('skin antenna', 1)"
"('arbitrary correlation', 1)"
"('tropical area', 1)"
"('power quality', 1)"
"('enhanced directivity', 1)"
"('tapped line', 1)"
"('multiple mode', 1)"
"('metallic pole', 1)"
"('interferometric arcsar', 1)"
"('tv reception', 1)"
"('cadastral map', 1)"
"('high linearity', 1)"
"('quadrature generation', 1)"
"('satellite telecommunication', 1)"
"('elliptical coordinate', 1)"
"('cpw fed', 1)"
"('travelling wave', 1)"
"('lt spice', 1)"
"('fpga controller', 1)"
"('jean substrate', 1)"
"('athetis dissimilis', 1)"
"('performance assessment', 1)"
"('hurricane katrina', 1)"
"('packet disorder', 1)"
"('adaptive radiation', 1)"
"('wireless nanonetworks', 1)"
"('directional control', 1)"
"('thermal crack', 1)"
"('nonlinear scatterers', 1)"
"('bistatic range', 1)"
"('educational technology', 1)"
"('actuation fault', 1)"
"('image recognition', 1)"
"('input estimation', 1)"
"('zno nanoparticles', 1)"
"('single crystal', 1)"
"('ratiometric detection', 1)"
"('dna radar', 1)"
"('crystal violet', 1)"
"('biochemical sensing', 1)"
"('wavefield modeling', 1)"
"('unmanned system', 1)"
"('agrimonia pilosa', 1)"
"('integrated duplexer', 1)"
"('water deficit', 1)"
"('copper nanowires', 1)"
"('vortex dynamic', 1)"
"('flying fish', 1)"
"('leached depth', 1)"
"('calcium hydroxide', 1)"
"('poloidal phasing', 1)"
"('seismic volcanostratigraphy', 1)"
"('user throughput', 1)"
"('adenosine deaminase', 1)"
"('image sensor', 1)"
"('challenging environment', 1)"
"('metallic support', 1)"
"('looped slot', 1)"
"('surface uniformity', 1)"
"('shopping cart', 1)"
"('square monopole', 1)"
"('elevation accuracy', 1)"
"('direct synthesis', 1)"
"('radio navigation', 1)"
"('biological imaging', 1)"
"('riparian restoration', 1)"
"('testing pool', 1)"
"('green space', 1)"
"('livestock detection', 1)"
"('buckling strength', 1)"
"('daisy chain', 1)"
"('arc loaded', 1)"
"('timing advance', 1)"
"('mim waveguide', 1)"
"('spectral angle', 1)"
"('cap ferret', 1)"
"('power cable', 1)"
"('protection area', 1)"
"('hamming distance', 1)"
"('discrete codebook', 1)"
"('insect behaviour', 1)"
"('periodic lwa', 1)"
"('spline technique', 1)"
"('effective current', 1)"
"('polarization manipulation', 1)"
"('mode classification', 1)"
"('structural basis', 1)"
"('psaf side', 1)"
"('luminal side', 1)"
"('assembly provides', 1)"
"('additional lhca2', 1)"
"('monocone antenna', 1)"
"('power capacity', 1)"
"('shoreline change', 1)"
"('endometrial ablation', 1)"
"('multiobject detection', 1)"
"('brain metastasis', 1)"
"('artifact quantification', 1)"
"('sam phantom', 1)"
"('conservative estimation', 1)"
"('baseline controller', 1)"
"('velocity difference', 1)"
"('conventional tillage', 1)"
"('ohm symbol', 1)"
"('frame aggregation', 1)"
"('diving process', 1)"
"('maumee river', 1)"
"('maltese island', 1)"
"('forest attribute', 1)"
"('spray drift', 1)"
"('synchronization mechanism', 1)"
"('safety inspection', 1)"
"('dynamic bim', 1)"
"('scenedesmus quadricauda', 1)"
"('vacuum leakage', 1)"
"('pd detection', 1)"
"('mutual exclusion', 1)"
"('radiometric sensor', 1)"
"('road greenbelt', 1)"
"('streaking artifact', 1)"
"('operational control', 1)"
"('inflated torus', 1)"
"('septal perforation', 1)"
"('spatiotemporal dynamic', 1)"
"('grain security', 1)"
"('economic benefit', 1)"
"('first star', 1)"
"('minimum ber', 1)"
"('expanded uncertainty', 1)"
"('spectral residual', 1)"
"('optimized window', 1)"
"('kinematic regularization', 1)"
"('transmitter correlation', 1)"
"('sudden landslide', 1)"
"('movement pattern', 1)"
"('model construction', 1)"
"('binary representation', 1)"
"('asymmetric slit', 1)"
"('collection record', 1)"
"('axial profile', 1)"
"('first dispatch', 1)"
"('fire response', 1)"
"('deterioration mapping', 1)"
"('tag placement', 1)"
"('tag performance', 1)"
"('fluorochromic material', 1)"
"('infrared absorption', 1)"
"('dual emission', 1)"
"('pneumatic breakwater', 1)"
"('ground experiment', 1)"
"('rural environment', 1)"
"('helium ion', 1)"
"('gabor transform', 1)"
"('system uncertainty', 1)"
"('lichenometric dating', 1)"
"('calyx abscission', 1)"
"('pn junction', 1)"
"('centriolar satellite', 1)"
"('main channel', 1)"
"('attitude mode', 1)"
"('online calibration', 1)"
"('active switch', 1)"
"('phase conjugate', 1)"
"('recent progress', 1)"
"('mirror method', 1)"
"('radial profile', 1)"
"('ptfe glass', 1)"
"('station keeping', 1)"
"('equidistant line', 1)"
"('low mass', 1)"
"('flyback converter', 1)"
"('taiga zone', 1)"
"('life form', 1)"
"('multiagent system', 1)"
"('ensemble model', 1)"
"('filtering function', 1)"
"('tidal inundation', 1)"
"('crop segmentation', 1)"
"('heritage bridge', 1)"
"('ground deformation', 1)"
"('gps campaign', 1)"
"('cultivar recognition', 1)"
"('analog processing', 1)"
"('wildlife ecology', 1)"
"('data sharing', 1)"
"('ridge direction', 1)"
"('occlusion effect', 1)"
"('different layer', 1)"
"('topobathymetric lidar', 1)"
"('change analysis', 1)"
"('innovation sequence', 1)"
"('matching cost', 1)"
"('land administration', 1)"
"('ported shroud', 1)"
"('cylindrical array', 1)"
"('sylvester equation', 1)"
"('robust transceiver', 1)"
"('target tracing', 1)"
"('distilled water', 1)"
"('dielectric fluid', 1)"
"('inserted resonator', 1)"
"('optimization algorithm', 1)"
"('chebyshev polynomial', 1)"
"('reconfigurable rectenna', 1)"
"('multibeam radiation', 1)"
"('aviation meteorology', 1)"
"('mode suppression', 1)"
"('unnoticed misconception', 1)"
"('monostatic antenna', 1)"
"('colorectal cancer', 1)"
"('pinball attack', 1)"
"('time scheduling', 1)"
"('thermoacoustic tomography', 1)"
"('single satellite', 1)"
"('z transform', 1)"
"('diagnostic monitoring', 1)"
"('dynamic routing', 1)"
"('transverse magnetic', 1)"
"('bridge deck', 1)"
"('peak amplitude', 1)"
"('intelligent building', 1)"
"('void ratio', 1)"
"('computing offloading', 1)"
"('health risk', 1)"
"('transmitted power', 1)"
"('stepped slit', 1)"
"('computational simulation', 1)"
"('maize weevil', 1)"
"('hotspot cell', 1)"
"('structural dynamic', 1)"
"('teaching design', 1)"
"('pdms film', 1)"
"('ferrite particle', 1)"
"('modified patch', 1)"
"('political affiliation', 1)"
"('uav inspection', 1)"
"('infrastructure monitoring', 1)"
"('nephotettix cincticeps', 1)"
"('filtering capability', 1)"
"('inductive coil', 1)"
"('diesel engine', 1)"
"('l1 qzss', 1)"
"('e1 galileo', 1)"
"('b1 bd', 1)"
"('importance sampling', 1)"
"('visual assessment', 1)"
"('multifocus characteristic', 1)"
"('security communication', 1)"
"('biological potential', 1)"
"('social learning', 1)"
"('spiny lobster', 1)"
"('sensory experience', 1)"
"('aesa sar', 1)"
"('velocity update', 1)"
"('mismatch band', 1)"
"('user overloading', 1)"
"('trac boom', 1)"
"('inset fed', 1)"
"('mode theory', 1)"
"('p19 protein', 1)"
"('mountain catchment', 1)"
"('suprathermal electron', 1)"
"('atmospheric refraction', 1)"
"('eupoecilia ambiguella', 1)"
"('functional metasurfaces', 1)"
"('beach erosion', 1)"
"('drone service', 1)"
"('material science', 1)"
"('catenary optic', 1)"
"('encarsia formosa', 1)"
"('parameter uncertainty', 1)"
"('prediction accuracy', 1)"
"('tobacco field', 1)"
"('control parameter', 1)"
"('balancing equilibrium', 1)"
"('quantization depth', 1)"
"('measurement subrate', 1)"
"('imbalanced dataset', 1)"
"('performance indicator', 1)"
"('electromagnetic design', 1)"
"('angular domain', 1)"
"('mechanical tuning', 1)"
"('tailing dam', 1)"
"('oceanic turbulence', 1)"
"('annular beam', 1)"
"('ground target', 1)"
"('multiple jammer', 1)"
"('root architecture', 1)"
"('beach survey', 1)"
"('spartina anglica', 1)"
"('biological invasion', 1)"
"('side overlap', 1)"
"('miombo woodland', 1)"
"('channel geometry', 1)"
"('initial pointing', 1)"
"('broad coverage', 1)"
"('user clustering', 1)"
"('microwave mammography', 1)"
"('biological measurement', 1)"
"('meteorological factor', 1)"
"('omnidirectional mode', 1)"
"('directional mode', 1)"
"('dominant eigenspace', 1)"
"('open source', 1)"
"('spatial model', 1)"
"('icnirp limit', 1)"
"('highest exposure', 1)"
"('exposure map', 1)"
"('hierarchical sparsity', 1)"
"('stage performance', 1)"
"('leakage rate', 1)"
"('lake ice', 1)"
"('belvedere glacier', 1)"
"('alpine glacier', 1)"
"('laser intensity', 1)"
"('multiantenna output', 1)"
"('vetch aphid', 1)"
"('rice canopy', 1)"
"('equal height', 1)"
"('general approach', 1)"
"('transcranial imaging', 1)"
"('insat c', 1)"
"('atomic magnetometer', 1)"
"('mobile blocker', 1)"
"('extensional tectonics', 1)"
"('rotatability law', 1)"
"('propagation impairment', 1)"
"('beta agonist', 1)"
"('social cost', 1)"
"('physical interaction', 1)"
"('metal screw', 1)"
"('heterogenous cloud', 1)"
"('helicone antenna', 1)"
"('trachyspermum ammi', 1)"
"('agrobacterium tumefaciens', 1)"
"('shadow volume', 1)"
"('multimedia data', 1)"
"('multicore fibre', 1)"
"('microcellular communication', 1)"
"('paspalum densum', 1)"
"('iron toxicity', 1)"
"('gasoline blend', 1)"
"('stripe noise', 1)"
"('fourier spectrum', 1)"
"('asynchronous mode', 1)"
"('arbitrary trajectory', 1)"
"('ansys savant', 1)"
"('multilayered subsurface', 1)"
"('data sampling', 1)"
"('edge learning', 1)"
"('channel nonstationarity', 1)"
"('forest firefighting', 1)"
"('orbital positioning', 1)"
"('16 rrna', 1)"
"('stuck fault', 1)"
"('stochastic observability', 1)"
"('cellular equipment', 1)"
"('nonlinear disturbance', 1)"
"('fpga architecture', 1)"
"('partial convexity', 1)"
"('hybrid approach', 1)"
"('aerial microalgae', 1)"
"('glycan isomer', 1)"
"('stray light', 1)"
"('forest phenology', 1)"
"('methane flux', 1)"
"('transient electronics', 1)"
"('surface patterning', 1)"
"('loess landslide', 1)"
"('composition reasoning', 1)"
"('maritime security', 1)"
"('solar pv', 1)"
"('wing section', 1)"
"('integrated plasmonics', 1)"
"('zno nanorods', 1)"
"('rock share', 1)"
"('detection performance', 1)"
"('optical anisotropy', 1)"
"('backscattering intensity', 1)"
"('resource utilization', 1)"
"('injection moulding', 1)"
"('similarity measure', 1)"
"('high illumination', 1)"
"('memory effect', 1)"
"('tea plantation', 1)"
"('tip vortex', 1)"
"('airspeed variation', 1)"
"('multiple user', 1)"
"('resolution limit', 1)"
"('precision grazing', 1)"
"('biomass dynamic', 1)"
"('octorotor system', 1)"
"('particle cryo', 1)"
"('important clue', 1)"
"('helix lhca', 1)"
"('phase gradient', 1)"
"('floodplain channel', 1)"
"('bankfull flow', 1)"
"('dark current', 1)"
"('pulsed thermography', 1)"
"('mar helicopter', 1)"
"('hover performance', 1)"
"('acid generation', 1)"
"('sibiraea angustata', 1)"
"('threat evaluation', 1)"
"('heterogeneous information', 1)"
"('iterative strategy', 1)"
"('concave shoreline', 1)"
"('pioneer neuron', 1)"
"('hydrothermal reaction', 1)"
"('random vibration', 1)"
"('mathematical analysis', 1)"
"('offshore platform', 1)"
"('psi photoinhibition', 1)"
"('bush encroachment', 1)"
"('synthesis model', 1)"
"('cordillera blanca', 1)"
"('wink sinkhole', 1)"
"('ground fissure', 1)"
"('continuous model', 1)"
"('numerical stability', 1)"
"('tripolarized antenna', 1)"
"('mutual reactance', 1)"
"('eight band', 1)"
"('range compensation', 1)"
"('waste potential', 1)"
"('thymus fontanesii', 1)"
"('origanum glandulosum', 1)"
"('hybrid linkage', 1)"
"('multidirectional beam', 1)"
"('imperfect sic', 1)"
"('surrogate specie', 1)"
"('multiresonating frequency', 1)"
"('libration point', 1)"
"('silica accumulation', 1)"
"('mild steel', 1)"
"('ore roasting', 1)"
"('arsenic trioxide', 1)"
"('filter theory', 1)"
"('bit extension', 1)"
"('intersubject variability', 1)"
"('magnss attitude', 1)"
"('spectrum reuse', 1)"
"('2d caipirinha', 1)"
"('service integration', 1)"
"('confidential broadcasting', 1)"
"('ulva lactuca', 1)"
"('river region', 1)"
"('cumulative probability', 1)"
"('forest dynamic', 1)"
"('road segment', 1)"
"('network awareness', 1)"
"('first maxillipeds', 1)"
"('copper nanomaterials', 1)"
"('selective logging', 1)"
"('strategic reservation', 1)"
"('floristic composition', 1)"
"('laparoscopic hepatectomy', 1)"
"('pheromone biosynthesis', 1)"
"('aerodynamic improvement', 1)"
"('orienting response', 1)"
"('isoamyl acetate', 1)"
"('forward tracking', 1)"
"('backward tracking', 1)"
"('redundancy analysis', 1)"
"('collembolan community', 1)"
"('protein bait', 1)"
"('cloud ran', 1)"
"('lamarckia aurea', 1)"
"('environmental change', 1)"
"('anatomical morphology', 1)"
"('city rat', 1)"
"('motion feature', 1)"
"('hydrogeological condition', 1)"
"('intelligent node', 1)"
"('local density', 1)"
"('obstacle information', 1)"
"('noise treatment', 1)"
"('interdigital dg', 1)"
"('coax feed', 1)"
"('frame difference', 1)"
"('active slam', 1)"
"('circular convolution', 1)"
"('beam management', 1)"
"('mechanical loss', 1)"
"('damping coefficient', 1)"
"('co2 reduction', 1)"
"('eigenmode analysis', 1)"
"('plant phenotyping', 1)"
"('complex landscape', 1)"
"('central andes', 1)"
"('image clustering', 1)"
"('amazon rainforest', 1)"
"('tree condition', 1)"
"('tree density', 1)"
"('smart floor', 1)"
"('combined inversion', 1)"
"('volcanic emission', 1)"
"('detection application', 1)"
"('bistatic configuration', 1)"
"('wave direction', 1)"
"('laplacian eigenmaps', 1)"
"('orthogonal principle', 1)"
"('model mismatch', 1)"
"('rf conditioning', 1)"
"('fisheye camera', 1)"
"('microcycle conidiation', 1)"
"('nickel foam', 1)"
"('change blindness', 1)"
"('interference outage', 1)"
"('monopulse feeder', 1)"
"('physical model', 1)"
"('general expression', 1)"
"('dopant density', 1)"
"('angular dispersion', 1)"
"('green function', 1)"
"('dyke swarm', 1)"
"('nir photocytotoxicity', 1)"
"('digital mrc', 1)"
"('platform independence', 1)"
"('bussgang decomposition', 1)"
"('photosynthetic fluorescence', 1)"
"('risk communication', 1)"
"('merging behavior', 1)"
"('crash risk', 1)"
"('advanced detection', 1)"
"('coverage search', 1)"
"('motion process', 1)"
"('aperture method', 1)"
"('infrared source', 1)"
"('cymbopogon flexuosus', 1)"
"('host lattice', 1)"
"('stevia rebaudiana', 1)"
"('shape blending', 1)"
"('wireless localization', 1)"
"('mimo localization', 1)"
"('artemisia brachyloba', 1)"
"('coastal vegetation', 1)"
"('banana weevil', 1)"
"('banana leaf', 1)"
"('safe map', 1)"
"('public safety', 1)"
"('campoletis chlorideae', 1)"
"('unhelpful resilience', 1)"
"('flat beampattern', 1)"
"('wave speed', 1)"
"('intergranular corrosion', 1)"
"('grain refinement', 1)"
"('thermal advection', 1)"
"('metabolite profile', 1)"
"('bathymetric feature', 1)"
"('hardware prototype', 1)"
"('bidirectional communication', 1)"
"('internal flow', 1)"
"('external jet', 1)"
"('flapping motion', 1)"
"('quantum entanglement', 1)"
"('rf cnt', 1)"
"('integration network', 1)"
"('transformed antenna', 1)"
"('viscous effect', 1)"
"('isolated rotor', 1)"
"('white spruce', 1)"
"('black spruce', 1)"
"('balsam fir', 1)"
"('ursus americanus', 1)"
"('black bear', 1)"
"('infestation gradient', 1)"
"('subaquatic oxidation', 1)"
"('hydromorphological condition', 1)"
"('supramolecular polymer', 1)"
"('photonic wire', 1)"
"('water level', 1)"
"('bayes factor', 1)"
"('correlation spectroscopy', 1)"
"('implantable device', 1)"
"('reference data', 1)"
"('metal environment', 1)"
"('robustness factor', 1)"
"('filtering divergence', 1)"
"('cone pattern', 1)"
"('recognition system', 1)"
"('antlion optimisation', 1)"
"('phenological cycle', 1)"
"('haplophyllum tuberculatum', 1)"
"('simplex method', 1)"
"('cell tower', 1)"
"('radio antenna', 1)"
"('distribution transformer', 1)"
"('higher compatibility', 1)"
"('morphological variability', 1)"
"('nanostructures silicon', 1)"
"('miniaturized structure', 1)"
"('block partitioning', 1)"
"('spatial aliasing', 1)"
"('scan sector', 1)"
"('obtuse triangle', 1)"
"('physiological parameter', 1)"
"('power saving', 1)"
"('inertia matrix', 1)"
"('clostera restitura', 1)"
"('podocerus jinbe', 1)"
"('thermoplastic vulcanizate', 1)"
"('visual allegory', 1)"
"('sebastian brant', 1)"
"('astrological prognostication', 1)"
"('spectrum partitioning', 1)"
"('angular acceleration', 1)"
"('beam codebook', 1)"
"('vanishing point', 1)"
"('solvent extraction', 1)"
"('refiective metasurface', 1)"
"('frequency shifting', 1)"
"('vehicle speed', 1)"
"('safety distance', 1)"
"('southwest nigeria', 1)"
"('adaptive segmentation', 1)"
"('swath pattern', 1)"
"('vision measurement', 1)"
"('power characteristic', 1)"
"('aircraft engine', 1)"
"('optical heterodyne', 1)"
"('compression network', 1)"
"('ground radiation', 1)"
"('spherical scan', 1)"
"('binocular intersection', 1)"
"('rectifier diode', 1)"
"('sentiment classification', 1)"
"('cooperative robot', 1)"
"('communication delay', 1)"
"('3d framework', 1)"
"('forest environment', 1)"
"('electrical component', 1)"
"('veteran rule', 1)"
"('slant angle', 1)"
"('inductive sensor', 1)"
"('data mode', 1)"
"('patch thickness', 1)"
"('isoflux beam', 1)"
"('electromagnetic vortex', 1)"
"('metal cylinder', 1)"
"('crack junction', 1)"
"('projection modification', 1)"
"('dual mobility', 1)"
"('auditory device', 1)"
"('bias correction', 1)"
"('microwave frequency', 1)"
"('n boom', 1)"
"('coverage performance', 1)"
"('position constraint', 1)"
"('5g band', 1)"
"('sectorial slit', 1)"
"('phase detection', 1)"
"('babai estimation', 1)"
"('wiener model', 1)"
"('localization time', 1)"
"('wirtinger flow', 1)"
"('superlinear convergence', 1)"
"('path discretization', 1)"
"('driverless car', 1)"
"('mobile tracking', 1)"
"('concave arm', 1)"
"('medical equipment', 1)"
"('green network', 1)"
"('wpt antenna', 1)"
"('visibility graph', 1)"
"('starter generator', 1)"
"('main reflector', 1)"
"('stereo plotting', 1)"
"('digital mapping', 1)"
"('tree cover', 1)"
"('dawson finger', 1)"
"('biomedical implant', 1)"
"('damage diagnosis', 1)"
"('gait recognition', 1)"
"('distributed transmission', 1)"
"('foraging activity', 1)"
"('hydraulic pressure', 1)"
"('potential difference', 1)"
"('stick insect', 1)"
"('spontaneous activity', 1)"
"('diffraction mechanism', 1)"
"('taper loss', 1)"
"('cad model', 1)"
"('platinum resistance', 1)"
"('airtight cavity', 1)"
"('trachelospermum jasminoides', 1)"
"('edge impedance', 1)"
"('residual connection', 1)"
"('drr net', 1)"
"('formation keeping', 1)"
"('security improvement', 1)"
"('bilinear operation', 1)"
"('signal intensity', 1)"
"('sodwana bay', 1)"
"('ph regulation', 1)"
"('teinturier grape', 1)"
"('phone wave', 1)"
"('flat mirror', 1)"
"('nonlinear optimisation', 1)"
"('resonant wavelength', 1)"
"('soft robotics', 1)"
"('surface type', 1)"
"('karavanke mountain', 1)"
"('cw interference', 1)"
"('bd receiver', 1)"
"('electrochemical deposition', 1)"
"('flapping frequency', 1)"
"('flap angle', 1)"
"('chimeric leaf', 1)"
"('rateless code', 1)"
"('dielectric metamaterial', 1)"
"('temporal dispersion', 1)"
"('inconel 718', 1)"
"('longitudinal control', 1)"
"('hybrid uavs', 1)"
"('radiation power', 1)"
"('directional property', 1)"
"('asymptotical stability', 1)"
"('mhz range', 1)"
"('priority flag', 1)"
"('mechanical rotation', 1)"
"('road patrol', 1)"
"('rechargeable endurance', 1)"
"('ocular pressure', 1)"
"('ocular disorder', 1)"
"('slot area', 1)"
"('hiroshima prefecture', 1)"
"('tunnel face', 1)"
"('electrode array', 1)"
"('diversity combiners', 1)"
"('cooperative positioning', 1)"
"('fairness performance', 1)"
"('control delay', 1)"
"('lining structure', 1)"
"('nfc antenna', 1)"
"('multiple subdomains', 1)"
"('triangle pattern', 1)"
"('anomala corpulenta', 1)"
"('retrodirective system', 1)"
"('random waypoint', 1)"
"('adaptive weight', 1)"
"('cherax quadricarinatus', 1)"
"('breast tissue', 1)"
"('behavioral modeling', 1)"
"('galactic plane', 1)"
"('butler circuit', 1)"
"('phlebotomus mongolensis', 1)"
"('phlebotomus caucasicus', 1)"
"('north finder', 1)"
"('tree specie', 1)"
"('fused quartz', 1)"
"('atmospheric stability', 1)"
"('btk inhibitor', 1)"
"('baccharis pilularis', 1)"
"('uas protocol', 1)"
"('marine application', 1)"
"('radiometric error', 1)"
"('empirical calibration', 1)"
"('new synonymy', 1)"
"('ladder shape', 1)"
"('web decoration', 1)"
"('stenolemus giraffa', 1)"
"('virtual probe', 1)"
"('wideband characterization', 1)"
"('feeding strip', 1)"
"('health application', 1)"
"('liposcelis bostrychophila', 1)"
"('lasioderma serricorne', 1)"
"('hello message', 1)"
"('preliminary breakdown', 1)"
"('brick configuration', 1)"
"('laser positioning', 1)"
"('information extraction', 1)"
"('radiating channel', 1)"
"('constellation matrix', 1)"
"('throughput data', 1)"
"('open problem', 1)"
"('radio map', 1)"
"('kokeyachi bog', 1)"
"('fluidic antenna', 1)"
"('multiple slot', 1)"
"('lognormal distribution', 1)"
"('transnational corporation', 1)"
"('intangible asset', 1)"
"('transmitarray lens', 1)"
"('texture classification', 1)"
"('extremal pattern', 1)"
"('wildfire management', 1)"
"('cool roof', 1)"
"('digital photogrammetry', 1)"
"('imaging experiment', 1)"
"('fruit crop', 1)"
"('interference map', 1)"
"('reynolds rule', 1)"
"('scrivia river', 1)"
"('quotient space', 1)"
"('antenna azimuth', 1)"
"('feed mechanism', 1)"
"('scalable sequence', 1)"
"('preamble design', 1)"
"('photothermal conversion', 1)"
"('angular beamwidth', 1)"
"('phenyllactic acid', 1)"
"('carrier selection', 1)"
"('wireless cognition', 1)"
"('planar configuration', 1)"
"('magnetization dynamic', 1)"
"('patient preference', 1)"
"('tmz resistance', 1)"
"('mutual decoupling', 1)"
"('tassel emergence', 1)"
"('payload variation', 1)"
"('truncated patch', 1)"
"('backscattered signal', 1)"
"('gnss receiver', 1)"
"('dioscorea altissima', 1)"
"('morphological differentiation', 1)"
"('coding sequence', 1)"
"('pattern classification', 1)"
"('mapping mission', 1)"
"('neck tumor', 1)"
"('host perception', 1)"
"('transformer oil', 1)"
"('chrysomela populi', 1)"
"('gradient search', 1)"
"('ciliary disassembly', 1)"
"('content delivering', 1)"
"('geometric morphometrics', 1)"
"('hand blockage', 1)"
"('underground sensing', 1)"
"('juniper woodland', 1)"
"('central oregon', 1)"
"('visual sensitivity', 1)"
"('conductor break', 1)"
"('serverless protocol', 1)"
"('diffractive efficiency', 1)"
"('shell mound', 1)"
"('guar kepah', 1)"
"('safety analysis', 1)"
"('hierarchical network', 1)"
"('contrast ratio', 1)"
"('slotline antenna', 1)"
"('binder jetting', 1)"
"('fragmentation effect', 1)"
"('railway sensing', 1)"
"('ground platform', 1)"
"('clifford algebra', 1)"
"('telemedicine information', 1)"
"('communication protocol', 1)"
"('shallow landslide', 1)"
"('floating ground', 1)"
"('low ecc', 1)"
"('active reflection', 1)"
"('lemon balm', 1)"
"('industrial wastewater', 1)"
"('geometric distortion', 1)"
"('mine planning', 1)"
"('intermittent gliding', 1)"
"('lossy earth', 1)"
"('thermodynamic analysis', 1)"
"('speech quality', 1)"
"('arctomecon humilis', 1)"
"('tsr protocol', 1)"
"('anchor region', 1)"
"('eshaped patch', 1)"
"('ion flux', 1)"
"('mmwave system', 1)"
"('surface relief', 1)"
"('statistical approach', 1)"
"('hypervelocity projectile', 1)"
"('longitudinal slot', 1)"
"('madinah monawara', 1)"
"('big sur', 1)"
"('dielectrophoretic force', 1)"
"('coaxial octorotor', 1)"
"('effective connectivity', 1)"
"('current reused', 1)"
"('chemical diversity', 1)"
"('stable matching', 1)"
"('closely spaced', 1)"
"('crowd density', 1)"
"('prosthecochloris aestuarii', 1)"
"('seismic analysis', 1)"
"('bracing configuration', 1)"
"('cosmic birefringence', 1)"
"('double jammer', 1)"
"('analytical expression', 1)"
"('actuating mechanism', 1)"
"('subtractive clustering', 1)"
"('interlaced clustering', 1)"
"('kernel regression', 1)"
"('tem mode', 1)"
"('ad tool', 1)"
"('plant classification', 1)"
"('related parameter', 1)"
"('error characteristic', 1)"
"('nickel aluminate', 1)"
"('capture effect', 1)"
"('sukharev grid', 1)"
"('convex vertex', 1)"
"('misalignment fading', 1)"
"('user satisfaction', 1)"
"('variable load', 1)"
"('altitude control', 1)"
"('ct scanning', 1)"
"('zigbee protocol', 1)"
"('environment parameter', 1)"
"('bactrocera zonata', 1)"
"('auroral atmosphere', 1)"
"('shoreline monitoring', 1)"
"('slew rate', 1)"
"('electromagnetic emanation', 1)"
"('label propagation', 1)"
"('universidad glacier', 1)"
"('ice scour', 1)"
"('ice gouging', 1)"
"('growth performance', 1)"
"('authentication protocol', 1)"
"('input uncertainty', 1)"
"('actuation redundancy', 1)"
"('fed ultra', 1)"
"('calculated result', 1)"
"('tower localization', 1)"
"('quadcopter uav', 1)"
"('glacial geomorphology', 1)"
"('group maintenance', 1)"
"('citation impact', 1)"
"('2d printer', 1)"
"('wearable network', 1)"
"('sensitivity compensation', 1)"
"('flexible sensor', 1)"
"('flow centrality', 1)"
"('a2 antenna', 1)"
"('cyclical noma', 1)"
"('array mismatch', 1)"
"('intermediate attitude', 1)"
"('microwave propagation', 1)"
"('microdusty particle', 1)"
"('vehicle scattering', 1)"
"('decomposition theory', 1)"
"('information filtering', 1)"
"('wide swath', 1)"
"('ring coupler', 1)"
"('antenna alignment', 1)"
"('woven structure', 1)"
"('implantable rectenna', 1)"
"('expansion design', 1)"
"('given transformation', 1)"
"('local efficacy', 1)"
"('carposina sasakii', 1)"
"('nonholonomic constraint', 1)"
"('compatible deformation', 1)"
"('shape repeatability', 1)"
"('elliptical structure', 1)"
"('phenethyl alcohol', 1)"
"('loading parameter', 1)"
"('energy extraction', 1)"
"('unequal divider', 1)"
"('folded plate', 1)"
"('parameter feedback', 1)"
"('kurokawa condition', 1)"
"('multipoint multicasting', 1)"
"('constraint principle', 1)"
"('beam convergence', 1)"
"('optical index', 1)"
"('karst landscape', 1)"
"('projection method', 1)"
"('halogen lamp', 1)"
"('antitrypanosoma activity', 1)"
"('virtual beamforming', 1)"
"('common sparsity', 1)"
"('matrix metallopeptidase', 1)"
"('load transportation', 1)"
"('conformal model', 1)"
"('stachys tmolea', 1)"
"('phenolic composition', 1)"
"('los identification', 1)"
"('resistive pattern', 1)"
"('compensation mechanism', 1)"
"('light weight', 1)"
"('epoxy post', 1)"
"('cervical cancer', 1)"
"('tunable beamwidth', 1)"
"('void detection', 1)"
"('bifocal technique', 1)"
"('multiple frequency', 1)"
"('urban morphology', 1)"
"('folded substrate', 1)"
"('mode swapping', 1)"
"('interconnected patch', 1)"
"('vehicle oscillation', 1)"
"('silk fibroin', 1)"
"('reduced frequency', 1)"
"('functional split', 1)"
"('sediment supply', 1)"
"('oklahoma city', 1)"
"('multiple population', 1)"
"('transmittance function', 1)"
"('key generation', 1)"
"('group key', 1)"
"('haar cascade', 1)"
"('protocol model', 1)"
"('vegetation phenology', 1)"
"('urban sprawl', 1)"
"('aircraft observation', 1)"
"('edge plating', 1)"
"('sar data', 1)"
"('holuhraun eruption', 1)"
"('peripersonal space', 1)"
"('poiretia latifolia', 1)"
"('mycenoid fungi', 1)"
"('thermal conductivity', 1)"
"('low visibility', 1)"
"('command filter', 1)"
"('carbonation process', 1)"
"('particokinetic model', 1)"
"('cellular dose', 1)"
"('terahertz optic', 1)"
"('clock gene', 1)"
"('local tie', 1)"
"('nine band', 1)"
"('aperture feeding', 1)"
"('subdermal antenna', 1)"
"('twin antenna', 1)"
"('subchannel allocation', 1)"
"('field reconstruction', 1)"
"('deadlock event', 1)"
"('aerial ecosystem', 1)"
"('geostationary point', 1)"
"('signal transmission', 1)"
"('centroid reconstruction', 1)"
"('vegetation status', 1)"
"('thermokarst landforms', 1)"
"('pig slurry', 1)"
"('sclerotinia sclerotiorum', 1)"
"('em scattering', 1)"
"('networking architecture', 1)"
"('trajectory estimation', 1)"
"('horizon detection', 1)"
"('noisy data', 1)"
"('msc flightloads', 1)"
"('cold start', 1)"
"('traffic flow', 1)"
"('reflected signal', 1)"
"('radio beacon', 1)"
"('uav replacement', 1)"
"('undesirable radiation', 1)"
"('joint mld', 1)"
"('dubins trajectory', 1)"
"('radiometer calibration', 1)"
"('mode 1', 1)"
"('laminate angle', 1)"
"('fracture behavior', 1)"
"('fatigue load', 1)"
"('bonding interface', 1)"
"('radiation coefficient', 1)"
"('tree detection', 1)"
"('crop processing', 1)"
"('agricultural activity', 1)"
"('averaging area', 1)"
"('tympanum structure', 1)"
"('intrinsic curve', 1)"
"('cue lure', 1)"
"('threshold method', 1)"
"('beach litter', 1)"
"('syrian desert', 1)"
"('projection equivalence', 1)"
"('active loading', 1)"
"('diode array', 1)"
"('fastener hole', 1)"
"('antenna technology', 1)"
"('impaired array', 1)"
"('multitask autoencoder', 1)"
"('error function', 1)"
"('mass observer', 1)"
"('backstepping control', 1)"
"('thermal resistance', 1)"
"('variational theory', 1)"
"('proximity fuse', 1)"
"('spatial constellation', 1)"
"('unconditional stability', 1)"
"('piezoelectric nanogenerator', 1)"
"('interfade duration', 1)"
"('fade dynamic', 1)"
"('crack depth', 1)"
"('mobile assembly', 1)"
"('reflection improvement', 1)"
"('minority game', 1)"
"('multiple resonance', 1)"
"('holographic algorithm', 1)"
"('meadow marsh', 1)"
"('oedaleus infernalis', 1)"
"('seedling size', 1)"
"('cliff retreat', 1)"
"('automated detection', 1)"
"('diagonal cable', 1)"
"('grid covering', 1)"
"('mechanical feedback', 1)"
"('continuous echo', 1)"
"('nonlinear controllability', 1)"
"('multilevel segmentation', 1)"
"('energy technology', 1)"
"('power spectrum', 1)"
"('ion temperature', 1)"
"('homogeneous interphase', 1)"
"('arase satellite', 1)"
"('beam space', 1)"
"('spectrum coexistence', 1)"
"('deployment tool', 1)"
"('superconducting gravimeter', 1)"
"('measurement delay', 1)"
"('tropical troposphere', 1)"
"('airborne relay', 1)"
"('parametric enhancement', 1)"
"('feedback topology', 1)"
"('uav sensor', 1)"
"('water productivity', 1)"
"('sap flow', 1)"
"('neurobehavioral toxicity', 1)"
"('artemia nauplii', 1)"
"('consensus algorithm', 1)"
"('motion blur', 1)"
"('helicopter vibration', 1)"
"('constrained control', 1)"
"('blur kernel', 1)"
"('derivative design', 1)"
"('rabi splitting', 1)"
"('hyperbolic dispersion', 1)"
"('olfactory differentiation', 1)"
"('ailanthus altissima', 1)"
"('curved branch', 1)"
"('harvest block', 1)"
"('synergitic effect', 1)"
"('full flowering', 1)"
"('magnetostatic field', 1)"
"('specie composition', 1)"
"('edaphic variable', 1)"
"('theoretical modeling', 1)"
"('density influence', 1)"
"('graphene nanoribbons', 1)"
"('kinetic energy', 1)"
"('tall tree', 1)"
"('irrigation management', 1)"
"('cellular mri', 1)"
"('performance grading', 1)"
"('typhoon event', 1)"
"('physical sputtering', 1)"
"('chemical erosion', 1)"
"('positive feedback', 1)"
"('measurement outlier', 1)"
"('drone cluster', 1)"
"('rtk gps', 1)"
"('demeter satellite', 1)"
"('preserving orthogonality', 1)"
"('triple mode', 1)"
"('lining profile', 1)"
"('detection accuracy', 1)"
"('contact detection', 1)"
"('allometric equation', 1)"
"('field spectroradiometry', 1)"
"('moving ugv', 1)"
"('access congestion', 1)"
"('vertical correction', 1)"
"('wideband sounding', 1)"
"('sublethal concentration', 1)"
"('special property', 1)"
"('potentially dangerous', 1)"
"('caused oxidation', 1)"
"('steroidal saponin', 1)"
"('hydrological modelling', 1)"
"('seed dispersal', 1)"
"('wind farm', 1)"
"('aerodynamic disturbance', 1)"
"('flexible truss', 1)"
"('topological constraint', 1)"
"('seedling vigor', 1)"
"('linear detector', 1)"
"('remote collaboration', 1)"
"('mixed reality', 1)"
"('flying telepresence', 1)"
"('interference correlation', 1)"
"('blockage sensing', 1)"
"('landsat data', 1)"
"('population monitoring', 1)"
"('butterfly network', 1)"
"('lunar lander', 1)"
"('eigenmode current', 1)"
"('cyclostationary signal', 1)"
"('passive actuator', 1)"
"('negative stiffness', 1)"
"('convex cam', 1)"
"('data delivery', 1)"
"('luminous flux', 1)"
"('angularoral spectrum', 1)"
"('45 ghz', 1)"
"('beam orthogonality', 1)"
"('grating transition', 1)"
"('paddy plant', 1)"
"('relaxation oscillator', 1)"
"('radar sounder', 1)"
"('segmented antenna', 1)"
"('disaster scenario', 1)"
"('0th responder', 1)"
"('sleeve wire', 1)"
"('coastal water', 1)"
"('substructure decoupling', 1)"
"('thunnus maccoyii', 1)"
"('drug discovery', 1)"
"('directional coupling', 1)"
"('tungsten block', 1)"
"('logarithmic cost', 1)"
"('switch array', 1)"
"('embedded eigenstates', 1)"
"('local group', 1)"
"('synthesis scatterers', 1)"
"('hydration reaction', 1)"
"('electron thermalization', 1)"
"('acambay graben', 1)"
"('essential nutrient', 1)"
"('blessed thistle', 1)"
"('compression driver', 1)"
"('hypericum scruglii', 1)"
"('summary statistic', 1)"
"('piping erosion', 1)"
"('hankel matrix', 1)"
"('nanowire antenna', 1)"
"('graphene aerogel', 1)"
"('tumor sensing', 1)"
"('patterned metallization', 1)"
"('tunable frequency', 1)"
"('feeding artery', 1)"
"('capacitive slit', 1)"
"('laser channel', 1)"
"('harvesting energy', 1)"
"('coplanar feed', 1)"
"('gap detection', 1)"
"('lift coefficient', 1)"
"('glaze ice', 1)"
"('energy effectiveness', 1)"
"('glossina brevipalpis', 1)"
"('tribe conchoeciini', 1)"
"('eavesdropper cooperation', 1)"
"('reduced dynamic', 1)"
"('random scattering', 1)"
"('light scattering', 1)"
"('scavenging port', 1)"
"('balanced allocation', 1)"
"('hypothesis test', 1)"
"('exhaustive chaid', 1)"
"('leaf trait', 1)"
"('eastern siberia', 1)"
"('synthetic vision', 1)"
"('red bandfish', 1)"
"('specific algorithm', 1)"
"('lidar system', 1)"
"('also perform', 1)"
"('seasonal signal', 1)"
"('dynamic accuracy', 1)"
"('rare plant', 1)"
"('parental care', 1)"
"('stereo image', 1)"
"('papaver specie', 1)"
"('lognormal approximation', 1)"
"('wire bonding', 1)"
"('asphalt road', 1)"
"('vacant land', 1)"
"('doherty transmitter', 1)"
"('plantago major', 1)"
"('range sidelobe', 1)"
"('homologous recombination', 1)"
"('control cell', 1)"
"('transceiver noise', 1)"
"('staggered pilot', 1)"
"('basic construction', 1)"
"('geometric performance', 1)"
"('controllable drogue', 1)"
"('digital cancellation', 1)"
"('differential contribution', 1)"
"('vibration suppression', 1)"
"('pisidian antioch', 1)"
"('projection learning', 1)"
"('classification error', 1)"
"('passband filter', 1)"
"('maintenance policy', 1)"
"('super resolution', 1)"
"('analytic continuation', 1)"
"('decoy signal', 1)"
"('soft pzt', 1)"
"('synthesis design', 1)"
"('directional measurement', 1)"
"('characteristic point', 1)"
"('metallic element', 1)"
"('grounded ice', 1)"
"('floating ice', 1)"
"('switchable characteristic', 1)"
"('podophyllum hexandrum', 1)"
"('resource availability', 1)"
"('ecological monitoring', 1)"
"('secure routing', 1)"
"('temporal decorrelation', 1)"
"('low latency', 1)"
"('proficiency testing', 1)"
"('interlaboratory comparison', 1)"
"('pilot identification', 1)"
"('electrical balance', 1)"
"('temporal scheduling', 1)"
"('scampi algorithm', 1)"
"('gm probability', 1)"
"('normalized coupling', 1)"
"('zeolite ltl', 1)"
"('hardware architecture', 1)"
"('bearing offset', 1)"
"('g method', 1)"
"('carrier dynamic', 1)"
"('hydrothermal deactivation', 1)"
"('carbon cloth', 1)"
"('haploops quebecoisis', 1)"
"('haploops bjarnii', 1)"
"('grounded reflector', 1)"
"('confidence interval', 1)"
"('molecular vibration', 1)"
"('rice field', 1)"
"('urban development', 1)"
"('pedestrian flow', 1)"
"('medium resolution', 1)"
"('banded structure', 1)"
"('active transtension', 1)"
"('vortex wave', 1)"
"('nbi heating', 1)"
"('ph sensor', 1)"
"('feed blindness', 1)"
"('shape descriptor', 1)"
"('osmotic stress', 1)"
"('handheld transmitter', 1)"
"('helical wiggler', 1)"
"('perceptual grouping', 1)"
"('slitline dipole', 1)"
"('aged people', 1)"
"('paraboloid antenna', 1)"
"('icp algorithm', 1)"
"('winter garden', 1)"
"('tyrosine hydroxylase', 1)"
"('power delivery', 1)"
"('equalized antenna', 1)"
"('galling habit', 1)"
"('snow cover', 1)"
"('habitat management', 1)"
"('floral area', 1)"
"('frequency shifter', 1)"
"('flower number', 1)"
"('baydaratskaya bay', 1)"
"('fast motion', 1)"
"('local feature', 1)"
"('metallic ring', 1)"
"('transmission scheduling', 1)"
"('granite tor', 1)"
"('kalman gain', 1)"
"('orchid bee', 1)"
"('movement variability', 1)"
"('gamma approximation', 1)"
"('stromatium barbatum', 1)"
"('output mismatch', 1)"
"('wrist wearable', 1)"
"('flat wearable', 1)"
"('radiation contribution', 1)"
"('linearity improvement', 1)"
"('antenna mismatch', 1)"
"('exponential stability', 1)"
"('arc dipole', 1)"
"('color correction', 1)"
"('phylogenic analysis', 1)"
"('small ship', 1)"
"('adaptive tuning', 1)"
"('bussgang theorem', 1)"
"('multibeam satellite', 1)"
"('streambed uplift', 1)"
"('northern apennines', 1)"
"('farey sequence', 1)"
"('ophyra capensis', 1)"
"('chirp sequence', 1)"
"('multidimensional hypersphere', 1)"
"('tidal asymmetry', 1)"
"('embryonic cuticle', 1)"
"('uniform spacing', 1)"
"('sunshield membrane', 1)"
"('ir emittance', 1)"
"('phase aberration', 1)"
"('moore curve', 1)"
"('web browsing', 1)"
"('decomposition method', 1)"
"('debris fan', 1)"
"('effective dimension', 1)"
"('environmental friendliness', 1)"
"('ice flow', 1)"
"('image sharpening', 1)"
"('relative expression', 1)"
"('natural product', 1)"
"('solvent extract', 1)"
"('saponin content', 1)"
"('panax notoginseng', 1)"
"('thermodynamic rarity', 1)"
"('flat plate', 1)"
"('radiometric resolution', 1)"
"('radiometric gain', 1)"
"('group inversion', 1)"
"('landing quality', 1)"
"('flight parameter', 1)"
"('peripheral edema', 1)"
"('diabetic value', 1)"
"('general integral', 1)"
"('cow traffic', 1)"
"('retention probability', 1)"
"('hfzro ferroelectrics', 1)"
"('dominant frequency', 1)"
"('spatiotemporal distribution', 1)"
"('reservoir landslide', 1)"
"('reservoir impoundment', 1)"
"('rate coverage', 1)"
"('droplet drift', 1)"
"('phosphate detection', 1)"
"('fluorescent probe', 1)"
"('atmospheric particulate', 1)"
"('wideband balun', 1)"
"('progressive damage', 1)"
"('uv plasmonics', 1)"
"('crop yield', 1)"
"('morlet wavelet', 1)"
"('range 5', 1)"
"('conceptual optimization', 1)"
"('harvesting stage', 1)"
"('weibull fading', 1)"
"('bowtie dipole', 1)"
"('soldier beetle', 1)"
"('shrub increase', 1)"
"('stealth design', 1)"
"('formation reaching', 1)"
"('slotted antenna', 1)"
"('cell clustering', 1)"
"('structural noise', 1)"
"('detection depth', 1)"
"('principle curvature', 1)"
"('parabolic cylinder', 1)"
"('focal surface', 1)"
"('outline extraction', 1)"
"('road connectivity', 1)"
"('cooling channel', 1)"
"('pigging operation', 1)"
"('plasmonic field', 1)"
"('heartbeat rate', 1)"
"('leucinodes orbonalis', 1)"
"('tetragonula carbonaria', 1)"
"('chessboard surface', 1)"
"('anoplophora glabripennis', 1)"
"('shorting loop', 1)"
"('geometrical verification', 1)"
"('delay shifter', 1)"
"('oyster rack', 1)"
"('brushless motor', 1)"
"('energy ratio', 1)"
"('convex program', 1)"
"('animal study', 1)"
"('phenological event', 1)"
"('radiation center', 1)"
"('directional training', 1)"
"('completeness relation', 1)"
"('nonsplitting beam', 1)"
"('skeleton extraction', 1)"
"('spline shape', 1)"
"('forest area', 1)"
"('incidence angle', 1)"
"('linear transmitarray', 1)"
"('pilot sequence', 1)"
"('bidirectional operation', 1)"
"('pairing algorithm', 1)"
"('lysichiton americanus', 1)"
"('downlink training', 1)"
"('periglacial landforms', 1)"
"('bird flocking', 1)"
"('prosopis farcta', 1)"
"('spectrum availability', 1)"
"('safe range', 1)"
"('meta model', 1)"
"('food industry', 1)"
"('cell breathing', 1)"
"('tanacetum macrophyllum', 1)"
"('appendage growth', 1)"
"('energy metabolism', 1)"
"('power focusing', 1)"
"('amplitude weight', 1)"
"('birdcage array', 1)"
"('abdominal imaging', 1)"
"('bussol strait', 1)"
"('huygens surface', 1)"
"('flying camera', 1)"
"('mini mav', 1)"
"('qualitative study', 1)"
"('photothermal mechanism', 1)"
"('stability period', 1)"
"('capacity analysis', 1)"
"('magnetic stability', 1)"
"('rf source', 1)"
"('observation confidence', 1)"
"('aerial localization', 1)"
"('western pyrenees', 1)"
"('cu corrosion', 1)"
"('hydraulic characteristic', 1)"
"('curved spillway', 1)"
"('kane method', 1)"
"('monopulse processing', 1)"
"('security paper', 1)"
"('brain stroke', 1)"
"('impact monitoring', 1)"
"('uas imagery', 1)"
"('construction management', 1)"
"('3d mapping', 1)"
"('dall sheep', 1)"
"('accurate extraction', 1)"
"('pork tissue', 1)"
"('crack characterization', 1)"
"('polyphase structure', 1)"
"('array calibration', 1)"
"('collaborative workflow', 1)"
"('environmental variable', 1)"
"('object classification', 1)"
"('hashing learning', 1)"
"('hazard analysis', 1)"
"('exergetic analysis', 1)"
"('acoustic tract', 1)"
"('pipeline leakage', 1)"
"('information geometry', 1)"
"('contactless configuration', 1)"
"('metamaterial structure', 1)"
"('active exploration', 1)"
"('instructional package', 1)"
"('edge diffraction', 1)"
"('total variation', 1)"
"('affinity tensor', 1)"
"('redundant constraint', 1)"
"('stereo camera', 1)"
"('rf circuit', 1)"
"('gradient line', 1)"
"('frustum antenna', 1)"
"('wall effect', 1)"
"('quantitative analysis', 1)"
"('military armour', 1)"
"('invisible area', 1)"
"('aphis passeriniana', 1)"
"('improved method', 1)"
"('aquia creek', 1)"
"('bias field', 1)"
"('vespa velutina', 1)"
"('short wavelength', 1)"
"('polyethylene glycol', 1)"
"('polarization insensitivity', 1)"
"('head phantom', 1)"
"('transverse oscillation', 1)"
"('voxel dilation', 1)"
"('medial object', 1)"
"('performance criterion', 1)"
"('deploying process', 1)"
"('mobile scatterers', 1)"
"('gnss observation', 1)"
"('ag elastomer', 1)"
"('digital noise', 1)"
"('serial feed', 1)"
"('glandular hair', 1)"
"('landscape value', 1)"
"('adjustment mechanism', 1)"
"('frequency sensitivity', 1)"
"('drift field', 1)"
"('special relativity', 1)"
"('stokes parameter', 1)"
"('zeaxanthin epoxidase', 1)"
"('artificial selection', 1)"
"('gully density', 1)"
"('magnetic plasmons', 1)"
"('synthetic material', 1)"
"('antenna shuffling', 1)"
"('multifunctional coil', 1)"
"('bluetooth antenna', 1)"
"('power network', 1)"
"('economic efficiency', 1)"
"('ficus auriculata', 1)"
"('projective transformation', 1)"
"('cubesat deployer', 1)"
"('remote campus', 1)"
"('cascade classifier', 1)"
"('shoreline evolution', 1)"
"('coastal process', 1)"
"('behavioral assay', 1)"
"('proton antenna', 1)"
"('malus halliana', 1)"
"('pld technique', 1)"
"('drosophila specie', 1)"
"('modified formula', 1)"
"('capacitive antenna', 1)"
"('winter morph', 1)"
"('jinghong fault', 1)"
"('indazole derivative', 1)"
"('rib design', 1)"
"('rectangular aperture', 1)"
"('side line', 1)"
"('location error', 1)"
"('pattern characteristic', 1)"
"('trapezoidal antenna', 1)"
"('eigenvalue spread', 1)"
"('relative error', 1)"
"('spectral coexistence', 1)"
"('superposition principle', 1)"
"('terahertz detector', 1)"
"('omnidirectional camera', 1)"
"('seismic assessment', 1)"
"('architectural heritage', 1)"
"('senescence rate', 1)"
"('analog tv', 1)"
"('adaptive fis', 1)"
"('resuspension rate', 1)"
"('outcrop mapping', 1)"
"('thin dipole', 1)"
"('precise encoding', 1)"
"('cyclopentadienyl ligand', 1)"
"('computation power', 1)"
"('uml model', 1)"
"('model slicing', 1)"
"('stitch length', 1)"
"('reference state', 1)"
"('proactive caching', 1)"
"('chemical weathering', 1)"
"('polarizable embedding', 1)"
"('flight data', 1)"
"('nojian watershed', 1)"
"('lnrf model', 1)"
"('radiation capture', 1)"
"('aruco marker', 1)"
"('rock slope', 1)"
"('representative range', 1)"
"('distributed network', 1)"
"('electron magnetohydrodynamics', 1)"
"('nonlinear regulator', 1)"
"('working characteristic', 1)"
"('poa annua', 1)"
"('agrostis spp', 1)"
"('environmental stress', 1)"
"('leaf patterning', 1)"
"('flower development', 1)"
"('papaver somniferum', 1)"
"('metabolite profiling', 1)"
"('ezr mode', 1)"
"('urban watershed', 1)"
"('circle criterion', 1)"
"('dem merging', 1)"
"('marine litter', 1)"
"('rf circulator', 1)"
"('duality principle', 1)"
"('quadratic integral', 1)"
"('initial alignment', 1)"
"('full metamorphism', 1)"
"('lateral inhibition', 1)"
"('cancellation carrier', 1)"
"('telemetry antenna', 1)"
"('pdms material', 1)"
"('dielectric fiber', 1)"
"('beam assignment', 1)"
"('carbon sequestration', 1)"
"('camera footprint', 1)"
"('survival probability', 1)"
"('grape weevil', 1)"
"('fe grid', 1)"
"('chemical evolution', 1)"
"('ecological implication', 1)"
"('extreme topography', 1)"
"('lake michigan', 1)"
"('foraging pattern', 1)"
"('advanced metaheuristics', 1)"
"('csvm network', 1)"
"('tree position', 1)"
"('construction material', 1)"
"('homology modelling', 1)"
"('partially correlated', 1)"
"('optimal altitude', 1)"
"('perpetual flight', 1)"
"('nutrient status', 1)"
"('bering sea', 1)"
"('antenna thrust', 1)"
"('dusky grouper', 1)"
"('travel direction', 1)"
"('spray monitoring', 1)"
"('delphinapterus leucas', 1)"
"('symbiotic copepod', 1)"
"('dongsha atoll', 1)"
"('membrane antenna', 1)"
"('friction mechanism', 1)"
"('friction coefficient', 1)"
"('percolation threshold', 1)"
"('transporting quadrotor', 1)"
"('cpw antenna', 1)"
"('mobile multimedia', 1)"
"('reflective metasurface', 1)"
"('epipomponia nawai', 1)"
"('tissue shrinkage', 1)"
"('wood identification', 1)"
"('virtual station', 1)"
"('beam symmetry', 1)"
"('distributed wsns', 1)"
"('excitation error', 1)"
"('gzi precoding', 1)"
"('optical nanocrystallography', 1)"
"('anisotropic magnetoresistance', 1)"
"('connectivity maintenance', 1)"
"('chinese privet', 1)"
"('rhombus director', 1)"
"('spatial grid', 1)"
"('auditory neuron', 1)"
"('photochemical characteristic', 1)"
"('dual correction', 1)"
"('sectorial scan', 1)"
"('point descriptor', 1)"
"('multiband blending', 1)"
"('illumination leveling', 1)"
"('circular radius', 1)"
"('iteration refinement', 1)"
"('integer ambiguity', 1)"
"('deception jamming', 1)"
"('irrigated area', 1)"
"('accuracy assessment', 1)"
"('fundamental matrix', 1)"
"('refractivity structure', 1)"
"('follower force', 1)"
"('asymptotic technique', 1)"
"('window selection', 1)"
"('histogram specification', 1)"
"('wingtip device', 1)"
"('intermittent flight', 1)"
"('radiating source', 1)"
"('sry gene', 1)"
"('radiation exposure', 1)"
"('aerodynamically stable', 1)"
"('damage evolution', 1)"
"('drone communication', 1)"
"('decoupling element', 1)"
"('average psd', 1)"
"('integrated band', 1)"
"('metarhizium rileyi', 1)"
"('positioning consistency', 1)"
"('salt tectonics', 1)"
"('output system', 1)"
"('rotational alignment', 1)"
"('circuit modeling', 1)"
"('corn yield', 1)"
"('thick crystal', 1)"
"('skeletal trauma', 1)"
"('tree shape', 1)"
"('thrombin time', 1)"
"('inhomogeneous substrate', 1)"
"('slot coupling', 1)"
"('conical pattern', 1)"
"('statistical inference', 1)"
"('nonlinear apodization', 1)"
"('auroral oval', 1)"
"('ring oscillator', 1)"
"('google earth', 1)"
"('conductive textile', 1)"
"('hybrid material', 1)"
"('nano particle', 1)"
"('simulation analysis', 1)"
"('transmitting system', 1)"
"('wireless locking', 1)"
"('mbm alphabet', 1)"
"('variable capacitor', 1)"
"('matching unit', 1)"
"('relaying network', 1)"
"('bipolar disorder', 1)"
"('urban dynamic', 1)"
"('rau clustering', 1)"
"('acceleration sensor', 1)"
"('mismatched filter', 1)"
"('lime mortar', 1)"
"('carboxymethyl cellulose', 1)"
"('calcium carbonate', 1)"
"('huge feedback', 1)"
"('hue histogram', 1)"
"('thermomechanical behaviour', 1)"
"('thermal condition', 1)"
"('lattice structure', 1)"
"('open cylinder', 1)"
"('doppler diversity', 1)"
"('embankment dam', 1)"
"('observable degree', 1)"
"('threat environment', 1)"
"('automatic detection', 1)"
"('glass transition', 1)"
"('2d liquid', 1)"
"('motion artifact', 1)"
"('cable sway', 1)"
"('voacanga africana', 1)"
"('taphronota ferruginea', 1)"
"('liquid antenna', 1)"
"('structural distortion', 1)"
"('intact breast', 1)"
"('lethal temperature', 1)"
"('nonlinear effect', 1)"
"('transmit filter', 1)"
"('audibility criterion', 1)"
"('physical modeling', 1)"
"('kane equation', 1)"
"('radial clearance', 1)"
"('axial clearance', 1)"
"('lamellar structure', 1)"
"('gnss gyrocompass', 1)"
"('ulomoides dermestoides', 1)"
"('organizational structure', 1)"
"('adjustable autonomy', 1)"
"('ionospheric heating', 1)"
"('shadow strength', 1)"
"('slick thickness', 1)"
"('oil volume', 1)"
"('deepwater horizon', 1)"
"('recursive processing', 1)"
"('ice island', 1)"
"('unroofed cave', 1)"
"('cave sediment', 1)"
"('graph cut', 1)"
"('feed substrate', 1)"
"('phase alignment', 1)"
"('elastic wing', 1)"
"('operational bandwidth', 1)"
"('excess ice', 1)"
"('staring spotlight', 1)"
"('myrtle rust', 1)"
"('melaleuca quinquenervia', 1)"
"('austropuccinia psidii', 1)"
"('tracking prediction', 1)"
"('track point', 1)"
"('lte application', 1)"
"('depth image', 1)"
"('grating antenna', 1)"
"('geometry parameter', 1)"
"('vegetation canopy', 1)"
"('interpolation method', 1)"
"('lock threshold', 1)"
"('antenna vibration', 1)"
"('emamectin benzoate', 1)"
"('rise time', 1)"
"('dispersive material', 1)"
"('contact plan', 1)"
"('load cycle', 1)"
"('virtual receiver', 1)"
"('zernike polynomial', 1)"
"('transparent electrode', 1)"
"('homogeneous object', 1)"
"('tight packing', 1)"
"('filling factor', 1)"
"('arachis hypogaea', 1)"
"('measurement technique', 1)"
"('tunable device', 1)"
"('model reduction', 1)"
"('flood fill', 1)"
"('transform sensing', 1)"
"('titanium dioxide', 1)"
"('bipectinate antenna', 1)"
"('global csi', 1)"
"('hardware mismatch', 1)"
"('black rockfish', 1)"
"('unused pilot', 1)"
"('lm array', 1)"
"('location information', 1)"
"('easily incorporated', 1)"
"('bidirectional pattern', 1)"
"('agilent technology', 1)"
"('integer forcing', 1)"
"('bulleye structure', 1)"
"('motion detection', 1)"
"('limestone block', 1)"
"('indole alkaloid', 1)"
"('catharanthus roseus', 1)"
"('sucrose sensitivity', 1)"
"('fish recognition', 1)"
"('resource constraint', 1)"
"('meander confinement', 1)"
"('anisotropic surface', 1)"
"('edge transport', 1)"
"('running race', 1)"
"('bluetooth 5', 1)"
"('road stiffness', 1)"
"('surface inspection', 1)"
"('parity space', 1)"
"('semeru volcano', 1)"
"('autonomous walking', 1)"
"('conjugated polymer', 1)"
"('k distribution', 1)"
"('dynamical conductivity', 1)"
"('emg electrode', 1)"
"('windy condition', 1)"
"('mirid bug', 1)"
"('concentration distribution', 1)"
"('static feedback', 1)"
"('trust model', 1)"
"('nanoaquacitrates solution', 1)"
"('overactuated quadcopter', 1)"
"('viral synapse', 1)"
"('immune synapse', 1)"
"('multiple satellite', 1)"
"('imaging mission', 1)"
"('thrust control', 1)"
"('passive localization', 1)"
"('seamline detection', 1)"
"('yellow sea', 1)"
"('green algae', 1)"
"('unified algorithm', 1)"
"('apc position', 1)"
"('roman bridge', 1)"
"('vehicle trajectory', 1)"
"('passive sampling', 1)"
"('telescopic cylinder', 1)"
"('small satellite', 1)"
"('system integration', 1)"
"('atp synthase', 1)"
"('flood plain', 1)"
"('tobacco plant', 1)"
"('kalman framework', 1)"
"('synchronization technology', 1)"
"('permian basin', 1)"
"('thermal therapy', 1)"
"('focal source', 1)"
"('elementary cell', 1)"
"('digestion state', 1)"
"('communication network', 1)"
"('flowering time', 1)"
"('synthetic agent', 1)"
"('sawtooth effect', 1)"
"('electron energy', 1)"
"('equilateral triangle', 1)"
"('reactive load', 1)"
"('circuit problem', 1)"
"('decoupling technique', 1)"
"('efficient analysis', 1)"
"('air medium', 1)"
"('badge antenna', 1)"
"('varying distortion', 1)"
"('rib reflector', 1)"
"('centralized algorithm', 1)"
"('clearance joint', 1)"
"('silica aerogel', 1)"
"('l122q mutant', 1)"
"('dual selection', 1)"
"('tomicus yunnanensis', 1)"
"('clutter clustering', 1)"
"('attenuation correction', 1)"
"('parallel calibration', 1)"
"('v2v channel', 1)"
"('stationarity distance', 1)"
"('decision making', 1)"
"('virtual channel', 1)"
"('south norway', 1)"
"('mediterranean agroecosystems', 1)"
"('ultrafast spectroscopy', 1)"
"('northwest pacific', 1)"
"('reverse training', 1)"
"('unidirectional emission', 1)"
"('broadside nanoantennas', 1)"
"('reconfigurable pattern', 1)"
"('magnetic permeability', 1)"
"('dielectric resonance', 1)"
"('aerial microalga', 1)"
"('perfect vortex', 1)"
"('slotline radiator', 1)"
"('cenchrus ciliaris', 1)"
"('buffel grass', 1)"
"('polysilicon resistor', 1)"
"('shear viscosity', 1)"
"('ambient oxidation', 1)"
"('pcb substrate', 1)"
"('insecticide toxicology', 1)"
"('displacement current', 1)"
"('thermal cycle', 1)"
"('stimulus generator', 1)"
"('matching liquid', 1)"
"('relay architecture', 1)"
"('sound wave', 1)"
"('sensitive period', 1)"
"('grassland cover', 1)"
"('dynamic variation', 1)"
"('conservation agriculture', 1)"
"('structural diversity', 1)"
"('surficial geology', 1)"
"('aerial aircraft', 1)"
"('vehicle correspondence', 1)"
"('line resonator', 1)"
"('thz range', 1)"
"('plasma reflector', 1)"
"('weighted average', 1)"
"('envelope tracking', 1)"
"('mechanical adjustment', 1)"
"('abandoned lead', 1)"
"('isolation improvement', 1)"
"('hardware delay', 1)"
"('light harvester', 1)"
"('swept reflectometry', 1)"
"('edge turbulence', 1)"
"('distributed target', 1)"
"('metallic handset', 1)"
"('af protocol', 1)"
"('rotating reflector', 1)"
"('fourier domain', 1)"
"('spontaneous nucleation', 1)"
"('reconfigurable polarization', 1)"
"('scattering problem', 1)"
"('cryogenic receiver', 1)"
"('multistory building', 1)"
"('vector sensor', 1)"
"('bias circuit', 1)"
"('distributed radar', 1)"
"('conductive polymer', 1)"
"('raspberry pi', 1)"
"('tail use', 1)"
"('multiview sequence', 1)"
"('cardiac imaging', 1)"
"('scrambling modulation', 1)"
"('cross folding', 1)"
"('relaying system', 1)"
"('low quantization', 1)"
"('terminated tunnel', 1)"
"('channel sparsity', 1)"
"('behavioral development', 1)"
"('interval distance', 1)"
"('crosstalk interference', 1)"
"('adaptive eavesdropper', 1)"
"('visual pigment', 1)"
"('seminal fluid', 1)"
"('inductance enhancement', 1)"
"('distortion product', 1)"
"('light signal', 1)"
"('eye size', 1)"
"('nanomembrane device', 1)"
"('marble canyon', 1)"
"('burgess shale', 1)"
"('dual channel', 1)"
"('ligularia amplexicaulis', 1)"
"('attenuation model', 1)"
"('bathymetric line', 1)"
"('flattop focus', 1)"
"('profile robustness', 1)"
"('nanopatterned antenna', 1)"
"('haematococcus pluvialis', 1)"
"('pas loss', 1)"
"('horizontal accuracy', 1)"
"('trichogramma turkestanica', 1)"
"('traffic jam', 1)"
"('e field', 1)"
"('rectenna circuit', 1)"
"('cst software', 1)"
"('lcd display', 1)"
"('hydrogen line', 1)"
"('standard lm', 1)"
"('antenna mechanism', 1)"
"('rice husk', 1)"
"('rectifier module', 1)"
"('dielectric permeability', 1)"
"('grounded cpw', 1)"
"('pspice software', 1)"
"('grating mirror', 1)"
"('stachys inflata', 1)"
"('reseda lutea', 1)"
"('energetic disorder', 1)"
"('gap width', 1)"
"('loading technology', 1)"
"('absorption resistance', 1)"
"('signal distribution', 1)"
"('smart glove', 1)"
"('dispersal distance', 1)"
"('central poland', 1)"
"('hazardous gas', 1)"
"('electric tower', 1)"
"('lowland forest', 1)"
"('roadside planting', 1)"
"('hedge bank', 1)"
"('micro strip', 1)"
"('terrestrial application', 1)"
"('band notching', 1)"
"('typical curve', 1)"
"('breast tumor', 1)"
"('virtual leader', 1)"
"('reactive synthesis', 1)"
"('mission success', 1)"
"('energetic concealment', 1)"
"('evolutionary approach', 1)"
"('socket panel', 1)"
"('iq data', 1)"
"('multiple feed', 1)"
"('impact prediction', 1)"
"('paralysis agitans', 1)"
"('small deformation', 1)"
"('global searching', 1)"
"('live imaging', 1)"
"('intentional jamming', 1)"
"('block sparsity', 1)"
"('significant effect', 1)"
"('semiconductor nanocrystals', 1)"
"('safe operation', 1)"
"('modal significance', 1)"
"('accurate approximation', 1)"
"('spray coating', 1)"
"('magnetic catapult', 1)"
"('calibration field', 1)"
"('wave lens', 1)"
"('chrysomela lapponica', 1)"
"('morphological trait', 1)"
"('morphological filtering', 1)"
"('limtation value', 1)"
"('dc probe', 1)"
"('protein interaction', 1)"
"('sleep probability', 1)"
"('base frequency', 1)"
"('western himalaya', 1)"
"('uav jammer', 1)"
"('regional density', 1)"
"('road density', 1)"
"('seasonal abundance', 1)"
"('tunnel junction', 1)"
"('adaptive estimation', 1)"
"('asymptotic variance', 1)"
"('isolating structure', 1)"
"('seaplane basin', 1)"
"('jute textile', 1)"
"('sound signal', 1)"
"('switchable function', 1)"
"('spdt switch', 1)"
"('geum urbanum', 1)"
"('diffuse reflection', 1)"
"('transition metal', 1)"
"('important electron', 1)"
"('electron rearrangement', 1)"
"('chemical valence', 1)"
"('tashan cave', 1)"
"('wide hpbws', 1)"
"('malagasy region', 1)"
"('beowulf cluster', 1)"
"('compensation matrix', 1)"
"('manned aircraft', 1)"
"('geographical condition', 1)"
"('formulated based', 1)"
"('conflict alert', 1)"
"('confined airspace', 1)"
"('uncertainty theory', 1)"
"('primorskii krai', 1)"
"('pennella balaenoptera', 1)"
"('grewia venusta', 1)"
"('parenchymatous organ', 1)"
"('lee model', 1)"
"('electric propulsion', 1)"
"('walking speed', 1)"
"('fault direction', 1)"
"('fault component', 1)"
"('busbar protection', 1)"
"('average product', 1)"
"('ultrastructural investigation', 1)"
"('insecticidal efficacy', 1)"
"('supervised classification', 1)"
"('cable tension', 1)"
"('pi controller', 1)"
"('lead compensator', 1)"
"('cacopsylla pyri', 1)"
"('noncoherent demodulation', 1)"
"('multiple constellation', 1)"
"('polarization insensitive', 1)"
"('rt duroid', 1)"
"('ice volume', 1)"
"('amorphous iron', 1)"
"('bifurcated beam', 1)"
"('bambusa vulgaris', 1)"
"('mathematical modeling', 1)"
"('limestone bedrock', 1)"
"('metamaterial shell', 1)"
"('middle miocene', 1)"
"('target imaging', 1)"
"('parametric uncertainty', 1)"
"('saline environment', 1)"
"('valley polarization', 1)"
"('defoliation spread', 1)"
"('rotation speed', 1)"
"('mem gyroscope', 1)"
"('shark antenna', 1)"
"('measuring experiment', 1)"
"('time slot', 1)"
"('agriotes brevis', 1)"
"('sagami bay', 1)"
"('discrete scanning', 1)"
"('antenna beam', 1)"
"('measuring area', 1)"
"('soft cavity', 1)"
"('integrated navigation', 1)"
"('nir image', 1)"
"('lyapunov method', 1)"
"('phase range', 1)"
"('grating waveguide', 1)"
"('triple feeding', 1)"
"('scaling method', 1)"
"('enhanced emission', 1)"
"('depth investigation', 1)"
"('covalently attached', 1)"
"('cathodic site', 1)"
"('carborane unit', 1)"
"('carborane group', 1)"
"('bodipy triad', 1)"
"('bodipy dyad', 1)"
"('bodipy act', 1)"
"('adjacent neuron', 1)"
"('reflector array', 1)"
"('nondestructive inspection', 1)"
"('collaborative reception', 1)"
"('land leveling', 1)"
"('wireless capsule', 1)"
"('microwave effect', 1)"
"('catalytic pyrolysis', 1)"
"('mpcs tracking', 1)"
"('bout criterion', 1)"
"('wavelet decomposition', 1)"
"('differential algorithm', 1)"
"('adaptive polarization', 1)"
"('transmissive metasurface', 1)"
"('interpolation algorithm', 1)"
"('subesophageal zone', 1)"
"('light field', 1)"
"('microcrystalline silicon', 1)"
"('directional scanning', 1)"
"('vertical inclination', 1)"
"('root orientation', 1)"
"('horizontal orientation', 1)"
"('ultrasonic haptics', 1)"
"('parametric audio', 1)"
"('acoustic levitation', 1)"
"('ebro delta', 1)"
"('output regulation', 1)"
"('crustal movement', 1)"
"('light emission', 1)"
"('excitation parameter', 1)"
"('resolution improvement', 1)"
"('noise matching', 1)"
"('lossy passive', 1)"
"('power absorbed', 1)"
"('subwavelength structure', 1)"
"('zigbee topology', 1)"
"('fabric antenna', 1)"
"('movement behaviour', 1)"
"('hydrological status', 1)"
"('ecological status', 1)"
"('soundproof wall', 1)"
"('ramp scenario', 1)"
"('microwave dielectric', 1)"
"('mismatch error', 1)"
"('channel rate', 1)"
"('lateral surface', 1)"
"('wavenumber domain', 1)"
"('nerocila exocoeti', 1)"
"('immune response', 1)"
"('doa tracking', 1)"
"('ultrastrong coupling', 1)"
"('thz application', 1)"
"('graphene metasurface', 1)"
"('matched filtering', 1)"
"('protoporphyrin ix', 1)"
"('image transmission', 1)"
"('encoded sign', 1)"
"('boltzmann law', 1)"
"('bohm effect', 1)"
"('hausdorff distance', 1)"
"('amplitude calibration', 1)"
"('read rate', 1)"
"('premating isolation', 1)"
"('quantitative feature', 1)"
"('polyphemus pediculus', 1)"
"('curved transmission', 1)"
"('coupling sleeve', 1)"
"('space object', 1)"
"('multipath interference', 1)"
"('hybrid network', 1)"
"('elastic routing', 1)"
"('power handling', 1)"
"('carbon nanoparticles', 1)"
"('guard limiter', 1)"
"('genetic redundancy', 1)"
"('biconvex relaxation', 1)"
"('eisenstein integer', 1)"
"('neutralization current', 1)"
"('stable fly', 1)"
"('combined antenna', 1)"
"('twofold redundancy', 1)"
"('wideband feed', 1)"
"('surface activity', 1)"
"('bidirectional amplifier', 1)"
"('mode superposition', 1)"
"('orthonormal constraint', 1)"
"('corrosion characterization', 1)"
"('csi error', 1)"
"('multitarget localization', 1)"
"('user impact', 1)"
"('chirp z', 1)"
"('uncoordinated network', 1)"
"('giuseppe peano', 1)"
"('cymo melanodactylus', 1)"
"('asymptotically orthogonal', 1)"
"('separable game', 1)"
"('orthogonal pilot', 1)"
"('discovery latency', 1)"
"('qualitative method', 1)"
"('keratinous material', 1)"
"('large array', 1)"
"('quotient ensemble', 1)"
"('biquaternion beamspace', 1)"
"('multiple cell', 1)"
"('edge mode', 1)"
"('photoelectrochemical cell', 1)"
"('relaxation time', 1)"
"('optical loss', 1)"
"('interleaved grouping', 1)"
"('block grouping', 1)"
"('power adjustment', 1)"
"('plasmonic nanoresonator', 1)"
"('sperm competition', 1)"
"('detection efficiency', 1)"
"('cerrado rupestre', 1)"
"('coaxial resonator', 1)"
"('zeta potential', 1)"
"('surface chemistry', 1)"
"('stt7 kinase', 1)"
"('random mutagenesis', 1)"
"('bowtie nanoantennas', 1)"
"('nv centre', 1)"
"('magnetic sensing', 1)"
"('kundmannia sicula', 1)"
"('optimization factor', 1)"
"('pendulum method', 1)"
"('freely moving', 1)"
"('dorsal horn', 1)"
"('signalling protocol', 1)"
"('sensitive person', 1)"
"('signal function', 1)"
"('vetiver grass', 1)"
"('negative curvature', 1)"
"('gold nanobones', 1)"
"('end surface', 1)"
"('rescue behavior', 1)"
"('life expectancy', 1)"
"('historic imagery', 1)"
"('nuclear collision', 1)"
"('dependence problem', 1)"
"('split block', 1)"
"('11 ghz', 1)"
"('torus knot', 1)"
"('multiscale problem', 1)"
"('matrix compression', 1)"
"('vessel detection', 1)"
"('tensioned cable', 1)"
"('cyprinus carpio', 1)"
"('biasing magnet', 1)"
"('wald test', 1)"
"('urease enzyme', 1)"
"('cavity reflector', 1)"
"('impedance model', 1)"
"('trajectory deviation', 1)"
"('raw signal', 1)"
"('power coordination', 1)"
"('ornamental stone', 1)"
"('rock mass', 1)"
"('target position', 1)"
"('unknown eavesdropper', 1)"
"('strong secrecy', 1)"
"('turbo decoder', 1)"
"('incomplete ground', 1)"
"('telescope antenna', 1)"
"('computed microtomography', 1)"
"('harmonic mixer', 1)"
"('meta distribution', 1)"
"('iid rayleigh', 1)"
"('racing pigeon', 1)"
"('radiofrequency energy', 1)"
"('plano convex', 1)"
"('pseudoregma bambucicola', 1)"
"('link visibility', 1)"
"('piezoelectric layer', 1)"
"('l5 frequency', 1)"
"('complex visibility', 1)"
"('first fringe', 1)"
"('analysis methodology', 1)"
"('constellation rearrangement', 1)"
"('radiated load', 1)"
"('printed choke', 1)"
"('penicillium daleae', 1)"
"('implicit beamforming', 1)"
"('antenna model', 1)"
"('pimelioid branch', 1)"
"('sar payload', 1)"
"('power conditioning', 1)"
"('frp thickness', 1)"
"('narrow slot', 1)"
"('polarization filtering', 1)"
"('maritime communication', 1)"
"('molten sulfur', 1)"
"('triple superphosphate', 1)"
"('multiple transmission', 1)"
"('scanning cycle', 1)"
"('reconnaissance radar', 1)"
"('maximum directivity', 1)"
"('dielectric environment', 1)"
"('corrugated technique', 1)"
"('ca binding', 1)"
"('annular wing', 1)"
"('strain measurement', 1)"
"('fpc antenna', 1)"
"('finite dimension', 1)"
"('omnidirectional characteristic', 1)"
"('flannel substrate', 1)"
"('extended squitter', 1)"
"('aeronautical surveillance', 1)"
"('rf complexity', 1)"
"('cooperative sensing', 1)"
"('sparse reconstruction', 1)"
"('reference area', 1)"
"('fib patterning', 1)"
"('absorption manner', 1)"
"('terrestrial communication', 1)"
"('limited candidate', 1)"
"('differential mbm', 1)"
"('bias estimation', 1)"
"('discharge characteristic', 1)"
"('soi membrane', 1)"
"('microwave network', 1)"
"('stream multiplexing', 1)"
"('baseband processing', 1)"
"('effective width', 1)"
"('subharmonic mixer', 1)"
"('nondiffraction beam', 1)"
"('coupling slot', 1)"
"('dictionary optimization', 1)"
"('radio occultation', 1)"
"('data model', 1)"
"('locating algorithm', 1)"
"('contextual information', 1)"
"('lorentz transformation', 1)"
"('zipper antenna', 1)"
"('subdivision surface', 1)"
"('temporal evolution', 1)"
"('density profile', 1)"
"('health monitoring', 1)"
"('nlos reception', 1)"
"('complementary filter', 1)"
"('carbon allotrope', 1)"
"('guyed mast', 1)"
"('inductive feed', 1)"
"('crescent shape', 1)"
"('gap ratio', 1)"
"('dft processing', 1)"
"('handover failure', 1)"
"('beamspace mimo', 1)"
"('mmse detector', 1)"
"('doubly selective', 1)"
"('nannochloropsis oceanica', 1)"
"('sparse sampling', 1)"
"('ovarian maturation', 1)"
"('parameter setting', 1)"
"('esterifying chain', 1)"
"('unit ring', 1)"
"('mental model', 1)"
"('pulmonary artery', 1)"
"('cyst morphology', 1)"
"('discontinuous signal', 1)"
"('visual damage', 1)"
"('bagrada hilaris', 1)"
"('broken wall', 1)"
"('shaped strip', 1)"
"('quarter wavelength', 1)"
"('half wavelength', 1)"
"('chosen strategically', 1)"
"('ac monopole', 1)"
"('uveal melanoma', 1)"
"('group index', 1)"
"('signal loss', 1)"
"('spherical tokamak', 1)"
"('uv led', 1)"
"('fractal direction', 1)"
"('complementary structure', 1)"
"('malaria vector', 1)"
"('logo antenna', 1)"
"('resonance tuning', 1)"
"('polar coordinate', 1)"
"('outdoor microcells', 1)"
"('edx signalpro', 1)"
"('embryo dune', 1)"
"('midwave infrared', 1)"
"('coding metasurfaces', 1)"
"('bandwidth enlargement', 1)"
"('snow avalanche', 1)"
"('cell migration', 1)"
"('circular subarrays', 1)"
"('synthesis loss', 1)"
"('store image', 1)"
"('store awareness', 1)"
"('product image', 1)"
"('subgrade defect', 1)"
"('shark detection', 1)"
"('image identification', 1)"
"('underground target', 1)"
"('late cretaceous', 1)"
"('unknown emitter', 1)"
"('lagrange multiplier', 1)"
"('communication device', 1)"
"('conformal transformation', 1)"
"('mirrored arrangement', 1)"
"('uncertainty evaluation', 1)"
"('optimal relay', 1)"
"('direction determination', 1)"
"('hollow structure', 1)"
"('thermal storage', 1)"
"('eƒüirdir lake', 1)"
"('pierrot cell', 1)"
"('maximum rank', 1)"
"('diffuse scattering', 1)"
"('butterfly scheme', 1)"
"('wavelet base', 1)"
"('magnetic body', 1)"
"('interleaved configuration', 1)"
"('physiological stress', 1)"
"('n limitation', 1)"
"('terahertz waveband', 1)"
"('symbol extension', 1)"
"('wlan throughput', 1)"
"('internal noise', 1)"
"('bismuth telluride', 1)"
"('wet snow', 1)"
"('emission model', 1)"
"('subspace intersection', 1)"
"('transmitted field', 1)"
"('deployment analysis', 1)"
"('video camera', 1)"
"('vibration analysis', 1)"
"('hybrid polarization', 1)"
"('uniform quantization', 1)"
"('sparse channel', 1)"
"('lateral mobility', 1)"
"('chlorina mutant', 1)"
"('thermoacoustic effect', 1)"
"('vector controller', 1)"
"('beamforming array', 1)"
"('scan range', 1)"
"('functional head', 1)"
"('antenna element', 1)"
"('distributed amplifier', 1)"
"('operating wavelength', 1)"
"('cavity volume', 1)"
"('blind focusing', 1)"
"('neelus murinus', 1)"
"('neelus fimbriatus', 1)"
"('neelides folsomi', 1)"
"('acanthoneelidus pratensis', 1)"
"('evolution strategy', 1)"
"('wavelet function', 1)"
"('artificial ascites', 1)"
"('aluminum nanoparticles', 1)"
"('triatoma rubrofasciata', 1)"
"('mechanical defect', 1)"
"('shipping noise', 1)"
"('ionian sea', 1)"
"('wrinkle wavelength', 1)"
"('asymmetric link', 1)"
"('virtual velocity', 1)"
"('stationary antenna', 1)"
"('glacial regime', 1)"
"('antecedent flow', 1)"
"('power conversion', 1)"
"('package cover', 1)"
"('carrier concentration', 1)"
"('channel modulation', 1)"
"('episyrphus balteatus', 1)"
"('algebraic integer', 1)"
"('dna barcode', 1)"
"('genital slit', 1)"
"('trust degree', 1)"
"('asymptotic equivalent', 1)"
"('transmit design', 1)"
"('contiguous element', 1)"
"('transfer efficiency', 1)"
"('tissue expression', 1)"
"('rectifying antenna', 1)"
"('shopping mall', 1)"
"('isotropic object', 1)"
"('diagonal approximation', 1)"
"('focused beam', 1)"
"('coherent compounding', 1)"
"('feeding scheme', 1)"
"('wireless excitation', 1)"
"('piezoelectric device', 1)"
"('washover fan', 1)"
"('shallow subsurface', 1)"
"('seismobile system', 1)"
"('space research', 1)"
"('sandwich module', 1)"
"('bicistronic mrna', 1)"
"('galeruca daurica', 1)"
"('microwave range', 1)"
"('olfactory recognition', 1)"
"('contourlet transform', 1)"
"('wavelength scaling', 1)"
"('ofped model', 1)"
"('delayed csi', 1)"
"('path connectivity', 1)"
"('magnetostatic interaction', 1)"
"('edge element', 1)"
"('iri_plas model', 1)"
"('interconnected ground', 1)"
"('aod uncertainty', 1)"
"('dielectric metasurfaces', 1)"
"('tropical region', 1)"
"('continental endemism', 1)"
"('consolidated bioprocessing', 1)"
"('resonance raman', 1)"
"('angle dependent', 1)"
"('hill stream', 1)"
"('indentation parameter', 1)"
"('blood plasma', 1)"
"('location service', 1)"
"('elongated antenna', 1)"
"('low scattering', 1)"
"('smartwatch antenna', 1)"
"('antenna geometry', 1)"
"('lung cancer', 1)"
"('nonorthogonal beam', 1)"
"('modal filtering', 1)"
"('homology parameter', 1)"
"('quantized load', 1)"
"('wave application', 1)"
"('multipole source', 1)"
"('sonic boom', 1)"
"('spectral quality', 1)"
"('demonstration experiment', 1)"
"('zwitterionic ligand', 1)"
"('joukowski function', 1)"
"('taylor approximation', 1)"
"('rotating shaft', 1)"
"('earth eclipse', 1)"
"('perireceptor event', 1)"
"('smart factory', 1)"
"('stirring condition', 1)"
"('square waveguide', 1)"
"('sliced antenna', 1)"
"('elliptical array', 1)"
"('flight orientation', 1)"
"('flight operation', 1)"
"('probability density', 1)"
"('peak frequency', 1)"
"('midfield band', 1)"
"('weedy rice', 1)"
"('atmospheric extinction', 1)"
"('euler pole', 1)"
"('porcine model', 1)"
"('arctic basin', 1)"
"('grassmannian manifold', 1)"
"('vigna unguiculata', 1)"
"('stretched dna', 1)"
"('ammonia adsorption', 1)"
"('mouth part', 1)"
"('necrophoric behavior', 1)"
"('software agent', 1)"
"('kronecker structure', 1)"
"('interuser interference', 1)"
"('plasmons vortex', 1)"
"('eigenvalue problem', 1)"
"('dielectric director', 1)"
"('beamforming circuit', 1)"
"('urban channel', 1)"
"('vacuum region', 1)"
"('probably due', 1)"
"('plasma structure', 1)"
"('permanent magnet', 1)"
"('pattern seem', 1)"
"('key factor', 1)"
"('hall thruster', 1)"
"('electron extraction', 1)"
"('discharge chamber', 1)"
"('dimensional particle', 1)"
"('characteristic structure', 1)"
"('azimuthal direction', 1)"
"('axial direction', 1)"
"('rfid module', 1)"
"('monitoring system', 1)"
"('circular stitch', 1)"
"('manufacturing environment', 1)"
"('human blockage', 1)"
"('cutoff region', 1)"
"('emydoidea blandingii', 1)"
"('resonance condition', 1)"
"('harmonic response', 1)"
"('antenna subarray', 1)"
"('narrowband radar', 1)"
"('air substrate', 1)"
"('gomso bay', 1)"
"('luminescence dating', 1)"
"('nonlinear radar', 1)"
"('forest biomass', 1)"
"('pachypeltis micranthus', 1)"
"('thalassiosira pseudonana', 1)"
"('sierpinski fractal', 1)"
"('protection contour', 1)"
"('transmission antenna', 1)"
"('axial fan', 1)"
"('mem microrobots', 1)"
"('meteorus pulchricornis', 1)"
"('decoupling circuit', 1)"
"('local optimization', 1)"
"('receiver desensitization', 1)"
"('performance parameter', 1)"
"('strip loading', 1)"
"('spur line', 1)"
"('wave equation', 1)"
"('shared relay', 1)"
"('vehicular system', 1)"
"('algorithm portfolio', 1)"
"('threshold optimization', 1)"
"('mina gerais', 1)"
"('host seeking', 1)"
"('nocturnal behavior', 1)"
"('parasitic reflection', 1)"
"('polarization singularity', 1)"
"('parafoil riser', 1)"
"('sphagneticola trilobata', 1)"
"('hirmand river', 1)"
"('multicast routing', 1)"
"('grid structure', 1)"
"('parhyale plumicornis', 1)"
"('gas pipe', 1)"
"('symbolic elimination', 1)"
"('interference regeneration', 1)"
"('weighted pf', 1)"
"('uniform pf', 1)"
"('elevation domain', 1)"
"('lanczos iteration', 1)"
"('beam association', 1)"
"('limited cooperation', 1)"
"('isogeometric analysis', 1)"
"('dota complex', 1)"
"('limited communication', 1)"
"('lateral guidance', 1)"
"('incipient colony', 1)"
"('chelex method', 1)"
"('trace interval', 1)"
"('profile interval', 1)"
"('scalloping correction', 1)"
"('switched capacitor', 1)"
"('different polarization', 1)"
"('land contamination', 1)"
"('slip mode', 1)"
"('dislocation pattern', 1)"
"('arginine deficiency', 1)"
"('urban brownfield', 1)"
"('philoscia muscorum', 1)"
"('betula populifolia', 1)"
"('surface plasmons', 1)"
"('silicon nanowires', 1)"
"('locating system', 1)"
"('neonicotinoid imidacloprid', 1)"
"('plasmonic heterostructures', 1)"
"('antennary oligoglycines', 1)"
"('electromagnetic imaging', 1)"
"('laser microwelding', 1)"
"('telecommunication wavelength', 1)"
"('disordered metamaterials', 1)"
"('sensor constellation', 1)"
"('energy partitioning', 1)"
"('semiglobal matching', 1)"
"('concentration inequality', 1)"
"('delayed channel', 1)"
"('distributed implementation', 1)"
"('helicon antenna', 1)"
"('extreme ultraviolet', 1)"
"('thickness error', 1)"
"('microwave lens', 1)"
"('dynamic tdd', 1)"
"('x network', 1)"
"('bubble size', 1)"
"('counterfeit detection', 1)"
"('bimetal strip', 1)"
"('initial feature', 1)"
"('spotted salamander', 1)"
"('ringed salamander', 1)"
"('cavity filling', 1)"
"('antenna length', 1)"
"('metamaterial cavity', 1)"
"('duplexing network', 1)"
"('low correlation', 1)"
"('plasma column', 1)"
"('selective emitter', 1)"
"('isotactic polypropylene', 1)"
"('forward model', 1)"
"('tensile fracturing', 1)"
"('vectorial competence', 1)"
"('heat responsiveness', 1)"
"('signal reconstruction', 1)"
"('capon estimation', 1)"
"('macrolophus pygmaeus', 1)"
"('photosynthetic performance', 1)"
"('source stirring', 1)"
"('spectrum auction', 1)"
"('wifi direct', 1)"
"('phy layer', 1)"
"('uav operator', 1)"
"('julia set', 1)"
"('angular sensitivity', 1)"
"('polygon slot', 1)"
"('vlf receiver', 1)"
"('nalidixic acid', 1)"
"('optical reconfiguration', 1)"
"('space network', 1)"
"('spatial adaptation', 1)"
"('mmse estimator', 1)"
"('protruded strip', 1)"
"('multipath component', 1)"
"('slave river', 1)"
"('tchebyscheff distribution', 1)"
"('uncertain region', 1)"
"('waveguide twist', 1)"
"('chiral particle', 1)"
"('enhancement effect', 1)"
"('shannon energy', 1)"
"('switch operation', 1)"
"('wax gland', 1)"
"('miconia calvescens', 1)"
"('asymmetrical feedline', 1)"
"('niobium pentoxide', 1)"
"('diverse function', 1)"
"('guidance information', 1)"
"('fully integrated', 1)"
"('beamforming calibration', 1)"
"('networking method', 1)"
"('directional selection', 1)"
"('current velocity', 1)"
"('conformal application', 1)"
"('multichannel dpca', 1)"
"('multichannel ati', 1)"
"('subsurface target', 1)"
"('polarimetric information', 1)"
"('geometrical feature', 1)"
"('freeman decomposition', 1)"
"('field trial', 1)"
"('anopheles minimus', 1)"
"('anopheles harrisoni', 1)"
"('building volume', 1)"
"('relative density', 1)"
"('bacterial spore', 1)"
"('pa domain', 1)"
"('integrative modeling', 1)"
"('salvia leucantha', 1)"
"('measurement domain', 1)"
"('toxic chemical', 1)"
"('main beam', 1)"
"('rf voltage', 1)"
"('asymptotically unitary', 1)"
"('synthetic protein', 1)"
"('exposure region', 1)"
"('minimum eigenvalue', 1)"
"('exponential model', 1)"
"('friendly jamming', 1)"
"('user loading', 1)"
"('stall avoidance', 1)"
"('phoenix element', 1)"
"('epidermal antenna', 1)"
"('monopole branch', 1)"
"('ground branch', 1)"
"('wireless mri', 1)"
"('metal load', 1)"
"('spatial beamforming', 1)"
"('radar detection', 1)"
"('chromatomyia horticola', 1)"
"('retrograde trafficking', 1)"
"('developmental signaling', 1)"
"('b trafficking', 1)"
"('anterograde ift', 1)"
"('mixed approach', 1)"
"('multimedia transmission', 1)"
"('apprenticeship learning', 1)"
"('imaging period', 1)"
"('otsu segmentation', 1)"
"('circularly polarised', 1)"
"('harmonic mixing', 1)"
"('ground mode', 1)"
"('cyborg insect', 1)"
"('measurement setup', 1)"
"('blue carbon', 1)"
"('sensilla chaeticum', 1)"
"('antennal flagellomere', 1)"
"('sewage sludge', 1)"
"('decentralized beamforming', 1)"
"('cyclic rgd', 1)"
"('novel pso', 1)"
"('photonic sintering', 1)"
"('fractional cover', 1)"
"('stripe phase', 1)"
"('ferroelastic domain', 1)"
"('tensor decomposition', 1)"
"('degree distribution', 1)"
"('etchant effect', 1)"
"('calibration grating', 1)"
"('flight strategy', 1)"
"('brachypodium distachyon', 1)"
"('mobile charger', 1)"
"('rank code', 1)"
"('host searching', 1)"
"('mri safety', 1)"
"('coagulated region', 1)"
"('aperture tuning', 1)"
"('meta material', 1)"
"('extraction site', 1)"
"('apuan alp', 1)"
"('transmission factor', 1)"
"('cold plasma', 1)"
"('interference reduction', 1)"
"('absorbing element', 1)"
"('noise elimination', 1)"
"('rotation forest', 1)"
"('mcnemar test', 1)"
"('efficient design', 1)"
"('signal superposition', 1)"
"('urinary myiasis', 1)"
"('clogmia albipunctata', 1)"
"('failure correction', 1)"
"('greedy forwarding', 1)"
"('bpsk modulator', 1)"
"('microwave thermotherapy', 1)"
"('ferro a6s', 1)"
"('duroid 5880', 1)"
"('nerve fiber', 1)"
"('uc dws', 1)"
"('halal food', 1)"
"('spherical reflector', 1)"
"('italian alp', 1)"
"('boreoheptagyia ortladamellica', 1)"
"('circular parasitic', 1)"
"('notch 1', 1)"
"('guard ring', 1)"
"('motion control', 1)"
"('tissue stimulation', 1)"
"('reflector plane', 1)"
"('hybrid controller', 1)"
"('cyrtomium macrophyllum', 1)"
"('compact structure', 1)"
"('trust management', 1)"
"('military beret', 1)"
"('coupling field', 1)"
"('xenos vesparum', 1)"
"('bartlett method', 1)"
"('origami antenna', 1)"
"('traffic load', 1)"
"('coexistence requirement', 1)"
"('thermal printing', 1)"
"('etched slot', 1)"
"('bridge rectifier', 1)"
"('matching load', 1)"
"('two detector', 1)"
"('flying target', 1)"
"('contact resistance', 1)"
"('mast building', 1)"
"('phase distortion', 1)"
"('inhomogeneous radome', 1)"
"('loaded dielectric', 1)"
"('resonant length', 1)"
"('seawater antenna', 1)"
"('gain characterization', 1)"
"('gradient method', 1)"
"('arabidopsis mutant', 1)"
"('low complex', 1)"
"('test rig', 1)"
"('turboprop engine', 1)"
"('nox emission', 1)"
"('megacopta cribraria', 1)"
"('kudzu bug', 1)"
"('proposed pifa', 1)"
"('pifa begin', 1)"
"('pifa', 1)"
"('flexible deformation', 1)"
"('laser parameter', 1)"
"('palaearctic region', 1)"
"('ltl zeolite', 1)"
"('laser dye', 1)"
"('tree antenna', 1)"
"('west azarbaijan', 1)"
"('dermacentor reticulatus', 1)"
"('behavioural response', 1)"
"('tracking error', 1)"
"('mem in', 1)"
"('high dynamic', 1)"
"('shadowing effect', 1)"
"('structure diagram', 1)"
"('multicast capacity', 1)"
"('radiophysical property', 1)"
"('theft vehicle', 1)"
"('antenna misorientation', 1)"
"('transmitter antenna', 1)"
"('precoding design', 1)"
"('antiinterference capability', 1)"
"('collision resolution', 1)"
"('32 ghz', 1)"
"('binomial array', 1)"
"('convex relaxation', 1)"
"('wall remains', 1)"
"('chessboard structure', 1)"
"('passband selectivity', 1)"
"('dielectric perturbation', 1)"
"('arc projection', 1)"
"('weighting density', 1)"
"('force density', 1)"
"('wifi fingerprinting', 1)"
"('green tide', 1)"
"('riemannian distance', 1)"
"('cloud removal', 1)"
"('multi fano', 1)"
"('serrated antenna', 1)"
"('mechatronic design', 1)"
"('neurochaetal blade', 1)"
"('steel fiber', 1)"
"('feeder flow', 1)"
"('cold front', 1)"
"('transverse propagation', 1)"
"('optical current', 1)"
"('swarm behaviour', 1)"
"('surface clutter', 1)"
"('luggage tag', 1)"
"('sensor system', 1)"
"('combined selection', 1)"
"('filamentous fungi', 1)"
"('crop health', 1)"
"('synergistic interaction', 1)"
"('interdigitated slot', 1)"
"('negative capacitor', 1)"
"('radome geometry', 1)"
"('rician target', 1)"
"('power dispatching', 1)"
"('quadrupole mode', 1)"
"('olfactory regulation', 1)"
"('ventilation rate', 1)"
"('universal matrix', 1)"
"('barycentric coordinate', 1)"
"('monopulse system', 1)"
"('schur complement', 1)"
"('uniform tension', 1)"
"('two branch', 1)"
"('match circuit', 1)"
"('s11 parameter', 1)"
"('microwave reflectivity', 1)"
"('transmitter navigation', 1)"
"('seafloor resistivity', 1)"
"('extended observer', 1)"
"('functional diversity', 1)"
"('biotic interaction', 1)"
"('hyrcanus group', 1)"
"('ra code', 1)"
"('major flood', 1)"
"('acorus gramineus', 1)"
"('uncertainty principle', 1)"
"('marginal density', 1)"
"('channel matrix', 1)"
"('paraboloidal shell', 1)"
"('optimality criterion', 1)"
"('stream selection', 1)"
"('zenith delay', 1)"
"('tropospheric tie', 1)"
"('phase law', 1)"
"('monument stability', 1)"
"('detection algorithm', 1)"
"('virtual structure', 1)"
"('peaty soil', 1)"
"('modulation division', 1)"
"('electrooptical pod', 1)"
"('engine room', 1)"
"('logic gate', 1)"
"('rfid transponder', 1)"
"('secrecy communication', 1)"
"('antenna ratio', 1)"
"('antenna command', 1)"
"('pulse classification', 1)"
"('optimal model', 1)"
"('interrogation range', 1)"
"('eocene amber', 1)"
"('taimyr amber', 1)"
"('traffic adaptation', 1)"
"('singular vector', 1)"
"('restricted precoding', 1)"
"('iq imbalance', 1)"
"('false solution', 1)"
"('circular track', 1)"
"('aeolian dust', 1)"
"('blood bag', 1)"
"('atmospheric radar', 1)"
"('pandemis heparana', 1)"
"('multinomial theorem', 1)"
"('spoofing relay', 1)"
"('plasma ignition', 1)"
"('translocation factor', 1)"
"('tagetes sp', 1)"
"('chelating agent', 1)"
"('line bias', 1)"
"('sample variance', 1)"
"('satellite tracking', 1)"
"('nysius ericae', 1)"
"('triangular slit', 1)"
"('omosita colon', 1)"
"('resistance sheet', 1)"
"('engineering image', 1)"
"('surface potential', 1)"
"('electroantennogram response', 1)"
"('ice cave', 1)"
"('ice block', 1)"
"('doa mismatch', 1)"
"('chlorella vulgaris', 1)"
"('paropsisterna beata', 1)"
"('efficient generator', 1)"
"('telescope simulator', 1)"
"('ascension island', 1)"
"('kappaphycus alvarezii', 1)"
"('antioxidant system', 1)"
"('parametric instability', 1)"
"('colour pattern', 1)"
"('topographic slope', 1)"
"('catchment area', 1)"
"('measurement distortion', 1)"
"('systematic placement', 1)"
"('equilibrium analysis', 1)"
"('radar altimetry', 1)"
"('directive source', 1)"
"('delivery ratio', 1)"
"('subspace enhancement', 1)"
"('relay distribution', 1)"
"('asymptotic capacity', 1)"
"('moisture sensor', 1)"
"('dispersion analysis', 1)"
"('frequency manipulation', 1)"
"('risk factor', 1)"
"('cesarean delivery', 1)"
"('open slot', 1)"
"('additive combinatorics', 1)"
"('steerable pattern', 1)"
"('ground screen', 1)"
"('photonic annealing', 1)"
"('driving mode', 1)"
"('predation risk', 1)"
"('lecithin liposome', 1)"
"('hybrid complex', 1)"
"('gap 6', 1)"
"('virtual image', 1)"
"('nonuniform sampling', 1)"
"('nauplius eye', 1)"
"('faraday screen', 1)"
"('waste treatment', 1)"
"('pluchea carolinensis', 1)"
"('oblique focus', 1)"
"('lobus glomerulatus', 1)"
"('hertzian dipole', 1)"
"('dipole radiation', 1)"
"('coherent summation', 1)"
"('collimating lens', 1)"
"('atmospheric attenuation', 1)"
"('metallic housing', 1)"
"('sitotroga cerealella', 1)"
"('stable transmission', 1)"
"('modal test', 1)"
"('bottom sediment', 1)"
"('cosmic dust', 1)"
"('shiyan 3', 1)"
"('waveport excitation', 1)"
"('johnson solid', 1)"
"('serrated edge', 1)"
"('network angle', 1)"
"('northern dinarides', 1)"
"('adria microplate', 1)"
"('hamilton principle', 1)"
"('antenna property', 1)"
"('leaf reddening', 1)"
"('pd effect', 1)"
"('indirect competition', 1)"
"('quantization sidelobes', 1)"
"('reradiation interference', 1)"
"('epidermal electronics', 1)"
"('measurement result', 1)"
"('gap capacitance', 1)"
"('tricholoma matsutake', 1)"
"('colony morphology', 1)"
"('piper nigrum', 1)"
"('catalytic efficiency', 1)"
"('mapping technique', 1)"
"('beam synchronization', 1)"
"('crab nebula', 1)"
"('postsurgical complication', 1)"
"('key innovation', 1)"
"('targeted delivery', 1)"
"('bubble evolution', 1)"
"('spectral sorting', 1)"
"('numerical calculation', 1)"
"('compliance testing', 1)"
"('planetary defense', 1)"
"('directed energy', 1)"
"('graphene plasmons', 1)"
"('hek293 cell', 1)"
"('airborne gravimetry', 1)"
"('hyssopus officinalis', 1)"
"('balun filter', 1)"
"('stochastic equilibrium', 1)"
"('theocolax elegans', 1)"
"('estimation algorithm', 1)"
"('indochina region', 1)"
"('tucker decomposition', 1)"
"('rotated codebook', 1)"
"('robust topology', 1)"
"('olfactory perception', 1)"
"('channel simplification', 1)"
"('dielocroce ephemera', 1)"
"('sex gland', 1)"
"('chemical interaction', 1)"
"('accessibility measure', 1)"
"('natural odor', 1)"
"('bezier curve', 1)"
"('scatterer localization', 1)"
"('sewer inspection', 1)"
"('wavefront manipulation', 1)"
"('warehouse environment', 1)"
"('hazard rating', 1)"
"('photonical sintering', 1)"
"('modal content', 1)"
"('adhesive bonding', 1)"
"('black body', 1)"
"('power distribution', 1)"
"('total phosphorus', 1)"
"('waste polypropylene', 1)"
"('hybrid filler', 1)"
"('photolithography technique', 1)"
"('improved performance', 1)"
"('crown size', 1)"
"('clandestine grave', 1)"
"('rainwater basin', 1)"
"('biofuel ethanol', 1)"
"('trpv channel', 1)"
"('iberian chain', 1)"
"('electromagnetic multifrequency', 1)"
"('foliar uptake', 1)"
"('oblique angle', 1)"
"('earliest cenomanian', 1)"
"('gait symmetry', 1)"
"('antennal type', 1)"
"('geotagged tweet', 1)"
"('ulnar nerve', 1)"
"('m2m device', 1)"
"('drinking behaviour', 1)"
"('static delay', 1)"
"('adipocyte differentiation', 1)"
"('eogystia hippophaecolus', 1)"
"('functional material', 1)"
"('electronic circuit', 1)"
"('hot carrier', 1)"
"('interface scheme', 1)"
"('metatanais spinipropodus', 1)"
"('aparatanais hawaiensis', 1)"
"('fronthaul compression', 1)"
"('boundary line', 1)"
"('integrated photonics', 1)"
"('ciliary pocket', 1)"
"('fluorescence spectrum', 1)"
"('antenna emissivity', 1)"
"('ray propagation', 1)"
"('v2v communication', 1)"
"('diurnal variation', 1)"
"('helicon mode', 1)"
"('energy flow', 1)"
"('multicell cooperation', 1)"
"('geolocation database', 1)"
"('cdf scheduling', 1)"
"('exciter antenna', 1)"
"('mott diode', 1)"
"('conductive liquid', 1)"
"('squint mode', 1)"
"('streambank erosion', 1)"
"('proficiency test', 1)"
"('rayleigh scattering', 1)"
"('controllable bandwidth', 1)"
"('ultrasonic imaging', 1)"
"('aerial mycelium', 1)"
"('disease resistance', 1)"
"('ring dra', 1)"
"('helmholtz equation', 1)"
"('sitophilus granarius', 1)"
"('multiorder feature', 1)"
"('correction vector', 1)"
"('multicast delivery', 1)"
"('power interference', 1)"
"('spectral fingerprint', 1)"
"('first eigenmode', 1)"
"('pluronic f127', 1)"
"('microwave reflectometry', 1)"
"('hesperozygis myrtoides', 1)"
"('chiral analysis', 1)"
"('methane gas', 1)"
"('cut slope', 1)"
"('image dodging', 1)"
"('pedigree reconstruction', 1)"
"('alamouti code', 1)"
"('tracking information', 1)"
"('hybrid zone', 1)"
"('gear reducer', 1)"
"('icross antenna', 1)"
"('reconfigurable network', 1)"
"('violaxanthin cycle', 1)"
"('transmission surface', 1)"
"('radar absorber', 1)"
"('robust precoding', 1)"
"('swimming leg', 1)"
"('2d race', 1)"
"('intelligent oilwell', 1)"
"('spot beam', 1)"
"('gold nanorod', 1)"
"('link signature', 1)"
"('penaeid shrimp', 1)"
"('u slot', 1)"
"('archimedean spiral', 1)"
"('hf antenna', 1)"
"('cutoff pattern', 1)"
"('cylindrical source', 1)"
"('optical conductivity', 1)"
"('reverse plane', 1)"
"('heterodyne mixing', 1)"
"('asphalt overlay', 1)"
"('semisupervised learning', 1)"
"('feeding biology', 1)"
"('generic classification', 1)"
"('curling probe', 1)"
"('pure oxygen', 1)"
"('neocrangon communis', 1)"
"('system architecture', 1)"
"('full duplexing', 1)"
"('coastline dynamic', 1)"
"('brain size', 1)"
"('odor code', 1)"
"('grab start', 1)"
"('multiple track', 1)"
"('cuo np', 1)"
"('plasma element', 1)"
"('manhattan metric', 1)"
"('channel ordering', 1)"
"('reweighted scheme', 1)"
"('land plant', 1)"
"('alteration process', 1)"
"('data exchange', 1)"
"('wire dipole', 1)"
"('switching time', 1)"
"('multicell network', 1)"
"('broadband transition', 1)"
"('forward radiation', 1)"
"('hybrid mesh', 1)"
"('tm13 mode', 1)"
"('binary switch', 1)"
"('helmholtz operator', 1)"
"('blind classification', 1)"
"('periploca aphylla', 1)"
"('acute stroke', 1)"
"('saccocalyx satureioides', 1)"
"('substrate compression', 1)"
"('archaeological map', 1)"
"('bifurcation node', 1)"
"('acoustic telemetry', 1)"
"('bukit merah', 1)"
"('sharp transition', 1)"
"('reflecting wedge', 1)"
"('numerical optimization', 1)"
"('feed cover', 1)"
"('multiband behavior', 1)"
"('niobium oxide', 1)"
"('mismatched compression', 1)"
"('specie complex', 1)"
"('peritoneal fluid', 1)"
"('plasmonic nanorods', 1)"
"('plasmon hybridization', 1)"
"('vertical movement', 1)"
"('geomagnetic field', 1)"
"('cell nanosurgery', 1)"
"('tomato leafminer', 1)"
"('reproductive switch', 1)"
"('square teeth', 1)"
"('synthesis efficiency', 1)"
"('biomedical therapy', 1)"
"('channel decomposition', 1)"
"('redundant baseline', 1)"
"('morphogenic change', 1)"
"('matsucoccus matsumurae', 1)"
"('backhaul link', 1)"
"('stirrer efficiency', 1)"
"('hybrid scheduling', 1)"
"('spreading matrix', 1)"
"('tweek atmospherics', 1)"
"('energy reserve', 1)"
"('tissue assignment', 1)"
"('metallic artifact', 1)"
"('butyrate ester', 1)"
"('joint transmission', 1)"
"('close distance', 1)"
"('leakage suppression', 1)"
"('hexadecyl acetate', 1)"
"('operating precision', 1)"
"('hf broadcasting', 1)"
"('iterative process', 1)"
"('water flow', 1)"
"('hexagonal ferrite', 1)"
"('longleaf pine', 1)"
"('sensing phase', 1)"
"('dimensional analysis', 1)"
"('fast film', 1)"
"('diabetic nephropathy', 1)"
"('inhibitory interneurons', 1)"
"('body appendage', 1)"
"('global model', 1)"
"('natural variability', 1)"
"('security risk', 1)"
"('hard spot', 1)"
"('objective metric', 1)"
"('electromagnetic absorption', 1)"
"('chestnut weevil', 1)"
"('organic electronics', 1)"
"('electrochemical polymerization', 1)"
"('asymmetric fet', 1)"
"('optical extinction', 1)"
"('seebeck nanoantennas', 1)"
"('switch polarity', 1)"
"('single polarity', 1)"
"('crowded environment', 1)"
"('angular displacement', 1)"
"('bee fly', 1)"
"('source concept', 1)"
"('scalar quantization', 1)"
"('density cue', 1)"
"('caste polyphenism', 1)"
"('fluctuating light', 1)"
"('receive cooperation', 1)"
"('link reliability', 1)"
"('surface conductivity', 1)"
"('trauma resuscitation', 1)"
"('acp probe', 1)"
"('secret sharing', 1)"
"('shipborne gravimetry', 1)"
"('tailless configuration', 1)"
"('charge collection', 1)"
"('decentralized processing', 1)"
"('kinematic positioning', 1)"
"('shadow mask', 1)"
"('subcarrier weighting', 1)"
"('internal discharge', 1)"
"('band notched', 1)"
"('limited information', 1)"
"('equivalent model', 1)"
"('cable bundle', 1)"
"('antenna method', 1)"
"('inhomogeneous receiver', 1)"
"('substrate temperature', 1)"
"('service degradation', 1)"
"('directivity factor', 1)"
"('1000srs array', 1)"
"('wave coupling', 1)"
"('channel acquisition', 1)"
"('relay robot', 1)"
"('electrical modulation', 1)"
"('thermal sensor', 1)"
"('flight mission', 1)"
"('dynamic modelling', 1)"
"('depolarization effect', 1)"
"('rf performance', 1)"
"('simo architecture', 1)"
"('thermal antenna', 1)"
"('ground support', 1)"
"('welding process', 1)"
"('electronic performance', 1)"
"('ailao mountain', 1)"
"('translational compensation', 1)"
"('receiver optic', 1)"
"('tunable conductivity', 1)"
"('biosynthetic pathway', 1)"
"('acrylate residue', 1)"
"('phyllotreta striolata', 1)"
"('postmortem interval', 1)"
"('pulse beetle', 1)"
"('fringe field', 1)"
"('time response', 1)"
"('patherdih colliery', 1)"
"('coal fire', 1)"
"('digital array', 1)"
"('frontal filament', 1)"
"('glucose aversion', 1)"
"('integrated bluetooth', 1)"
"('honeycomb lattice', 1)"
"('earth monitoring', 1)"
"('experimental displacement', 1)"
"('wing shape', 1)"
"('245 ghz', 1)"
"('multifunction radar', 1)"
"('radar stratigraphy', 1)"
"('analog cancelation', 1)"
"('handling damage', 1)"
"('layer thickness', 1)"
"('bypass coupling', 1)"
"('maritime mti', 1)"
"('pieris napi', 1)"
"('plasmonic interconnects', 1)"
"('organic nanowires', 1)"
"('defocused imaging', 1)"
"('matrix plasticity', 1)"
"('complete genome', 1)"
"('gas puff', 1)"
"('wavy configuration', 1)"
"('tvws transceiver', 1)"
"('drive amplifier', 1)"
"('adaptive combination', 1)"
"('interference signal', 1)"
"('ambient flow', 1)"
"('pattern ripple', 1)"
"('reliability analysis', 1)"
"('failure probability', 1)"
"('plasmon coupling', 1)"
"('fusion imaging', 1)"
"('power coverage', 1)"
"('squall line', 1)"
"('magnetic sheet', 1)"
"('photosystem 2', 1)"
"('solar flare', 1)"
"('ionic density', 1)"
"('conjugated polyelectrolyte', 1)"
"('thermal cycling', 1)"
"('switchable antenna', 1)"
"('dominant mode', 1)"
"('silacrown ether', 1)"
"('parasitic radiator', 1)"
"('lanthanide ion', 1)"
"('semblance analysis', 1)"
"('shaft exhaust', 1)"
"('aerial sampling', 1)"
"('pyrrhocoris apterus', 1)"
"('parus major', 1)"
"('blaptica dubia', 1)"
"('interference factor', 1)"
"('stiffness model', 1)"
"('gravitational effect', 1)"
"('bolt loosening', 1)"
"('setiferous plaque', 1)"
"('scathophaga stercoraria', 1)"
"('substantially enhanced', 1)"
"('solid state', 1)"
"('protein backbone', 1)"
"('protein attractive', 1)"
"('poor absorption', 1)"
"('enhanced activity', 1)"
"('converting solar', 1)"
"('consumption measurement', 1)"
"('chemical energy', 1)"
"('ellipsoidal mirror', 1)"
"('metallic nanoparticles', 1)"
"('gsm ii', 1)"
"('storage element', 1)"
"('fat layer', 1)"
"('wildlife damage', 1)"
"('sus scrofa', 1)"
"('aerodynamic optimisation', 1)"
"('lattice circuit', 1)"
"('secure throughput', 1)"
"('lowryella wadai', 1)"
"('andaman sea', 1)"
"('notch gap', 1)"
"('slipping coefficient', 1)"
"('actual velocity', 1)"
"('scattering indicatrix', 1)"
"('aerodynamic effciency', 1)"
"('geometric problem', 1)"
"('surface degradation', 1)"
"('experimental rocket', 1)"
"('water management', 1)"
"('carrier frequency', 1)"
"('symmetrical microstrip', 1)"
"('hair pencil', 1)"
"('tschebyscheff distribution', 1)"
"('resolving power', 1)"
"('metaspiral antenna', 1)"
"('passive antenna', 1)"
"('adhesive joint', 1)"
"('joint sparsity', 1)"
"('fezouata biota', 1)"
"('cell radius', 1)"
"('relay transmission', 1)"
"('manufacture distortion', 1)"
"('inspection strategy', 1)"
"('channel estimate', 1)"
"('lte700 mhz', 1)"
"('reconfigurable coupler', 1)"
"('randomized algorithm', 1)"
"('permeability measurement', 1)"
"('curved tunnel', 1)"
"('rogers rt5880lz', 1)"
"('input match', 1)"
"('innovative satellite', 1)"
"('dual feed', 1)"
"('sierpinski triangle', 1)"
"('projecting ray', 1)"
"('grassmannian signaling', 1)"
"('interference graph', 1)"
"('erosion control', 1)"
"('contextual cueing', 1)"
"('pseudovadonia livida', 1)"
"('beveled ground', 1)"
"('great capability', 1)"
"('frequency application', 1)"
"('enhancement factor', 1)"
"('zell fabric', 1)"
"('waveguide aperture', 1)"
"('axial radiation', 1)"
"('monopulse radar', 1)"
"('artemisia arborescens', 1)"
"('highest power', 1)"
"('minkowski antenna', 1)"
"('computing algorithm', 1)"
"('angular pattern', 1)"
"('diaoluo mountain', 1)"
"('ovis canadensis', 1)"
"('landslide monitoring', 1)"
"('inertial sensor', 1)"
"('waveguide junction', 1)"
"('spectral clustering', 1)"
"('power combining', 1)"
"('half duplex', 1)"
"('reef flat', 1)"
"('first description', 1)"
"('counterfeit drug', 1)"
"('dam deformation', 1)"
"('music technique', 1)"
"('antenna switcher', 1)"
"('dielectric radome', 1)"
"('microstrip motherboard', 1)"
"('rectangular antenna', 1)"
"('correction method', 1)"
"('blockage effect', 1)"
"('fangumellus flavobadius', 1)"
"('ambon island', 1)"
"('mechanical distortion', 1)"
"('bullet train', 1)"
"('stair notch', 1)"
"('spatiotemporal modulation', 1)"
"('plastic pipeline', 1)"
"('ship mast', 1)"
"('radio observatory', 1)"
"('tapered finline', 1)"
"('gammarus pseudosyriacus', 1)"
"('specific labeling', 1)"
"('protonation dynamic', 1)"
"('microsecond range', 1)"
"('located close', 1)"
"('guided approach', 1)"
"('fluorescence fluctuation', 1)"
"('facilitate discrimination', 1)"
"('dissociation rate', 1)"
"('confocal volume', 1)"
"('hiding capacity', 1)"
"('electronic charge', 1)"
"('random sequence', 1)"
"('vegetation fraction', 1)"
"('flower fraction', 1)"
"('canopy reflectance', 1)"
"('2450 mhz', 1)"
"('head model', 1)"
"('coordinated planning', 1)"
"('thermal oxidation', 1)"
"('doppler reflectometer', 1)"
"('mobile app', 1)"
"('thylakoid biogenesis', 1)"
"('ubiquitous learning', 1)"
"('wireless telemetry', 1)"
"('sol density', 1)"
"('gas injection', 1)"
"('antenna loading', 1)"
"('thermal focusing', 1)"
"('beam scan', 1)"
"('phase modification', 1)"
"('elementary source', 1)"
"('voltage tunability', 1)"
"('aperture difference', 1)"
"('sharp selectivity', 1)"
"('bandwidth improvement', 1)"
"('aerial swarm', 1)"
"('optical upconversion', 1)"
"('structural coefficient', 1)"
"('modal equation', 1)"
"('metallized plate', 1)"
"('homogeneous deposition', 1)"
"('calibration element', 1)"
"('lumped network', 1)"
"('bazaria turensis', 1)"
"('deployment ratio', 1)"
"('bismarck archipelago', 1)"
"('trissolcus plautiae', 1)"
"('trissolcus japonicus', 1)"
"('bridge structure', 1)"
"('cdna library', 1)"
"('load factor', 1)"
"('rapid inspection', 1)"
"('enhanced mimo', 1)"
"('segmented model', 1)"
"('cd toxicity', 1)"
"('pulse study', 1)"
"('binomial method', 1)"
"('lucilia sericata', 1)"
"('central kalimantan', 1)"
"('magnetic support', 1)"
"('positioning system', 1)"
"('interquartile range', 1)"
"('blind intersection', 1)"
"('sidereal filtering', 1)"
"('signal spectrum', 1)"
"('ber performance', 1)"
"('beam combining', 1)"
"('pathloss fitting', 1)"
"('horizontal wind', 1)"
"('peracetic acid', 1)"
"('crayfish plague', 1)"
"('split ring', 1)"
"('velvet structure', 1)"
"('dynamic localization', 1)"
"('powdery mildew', 1)"
"('sheet wrinkling', 1)"
"('evaluation index', 1)"
"('nonlocal response', 1)"
"('enclosure structure', 1)"
"('water puddle', 1)"
"('waterfront advance', 1)"
"('velocity increment', 1)"
"('calcareous cement', 1)"
"('vegetation model', 1)"
"('data parameter', 1)"
"('dipole rectenna', 1)"
"('copula theory', 1)"
"('movile cave', 1)"
"('conformational conversion', 1)"
"('exergy analysis', 1)"
"('plasma plume', 1)"
"('ion beam', 1)"
"('tunable metamaterials', 1)"
"('cabbage beetle', 1)"
"('hematite photoanode', 1)"
"('anophryoides haemophila', 1)"
"('long pulse', 1)"
"('receiver design', 1)"
"('multiple access', 1)"
"('relaxation iteration', 1)"
"('ergodic expression', 1)"
"('corollary discharge', 1)"
"('turbine generator', 1)"
"('spatialoral correlation', 1)"
"('stackelberg equilibrium', 1)"
"('optimization scheme', 1)"
"('liner polarization', 1)"
"('differential operation', 1)"
"('multiple scatterers', 1)"
"('tilted dipole', 1)"
"('radio interference', 1)"
"('cyclic communication', 1)"
"('coverage optimization', 1)"
"('feeding preference', 1)"
"('solar structure', 1)"
"('maximum entropy', 1)"
"('mobile fronthaul', 1)"
"('geometry calibration', 1)"
"('monotonic program', 1)"
"('dynamic condition', 1)"
"('peak sll', 1)"
"('local anodization', 1)"
"('dynamic da', 1)"
"('laser irradiation', 1)"
"('filtering technique', 1)"
"('unsymmetrical patch', 1)"
"('irreversible electroporation', 1)"
"('heat wave', 1)"
"('flat absorber', 1)"
"('curved reflector', 1)"
"('vehicular application', 1)"
"('fda beampattern', 1)"
"('proximal splitting', 1)"
"('thermal switch', 1)"
"('plasmonic lens', 1)"
"('high light', 1)"
"('flow mapping', 1)"
"('asecodes hispinarum', 1)"
"('ebinur lake', 1)"
"('artemisia campestris', 1)"
"('bistatic geometry', 1)"
"('hermitian form', 1)"
"('security challenge', 1)"
"('malicious attack', 1)"
"('link failure', 1)"
"('stokes flow', 1)"
"('satellite transmitter', 1)"
"('plunger lift', 1)"
"('dynamic monitoring', 1)"
"('ultrasmall gap', 1)"
"('qr projection', 1)"
"('pulsating aurora', 1)"
"('citation analysis', 1)"
"('authorship pattern', 1)"
"('spatial interleaver', 1)"
"('seasonal shift', 1)"
"('photochemical reaction', 1)"
"('exchange narrowing', 1)"
"('quadrotor robot', 1)"
"('intrahepatic pressure', 1)"
"('absorption efficiency', 1)"
"('platform scattering', 1)"
"('doa algorithm', 1)"
"('biological interaction', 1)"
"('discrete beamformer', 1)"
"('kernel theory', 1)"
"('antenna characteristic', 1)"
"('spatial randomness', 1)"
"('ecological effectiveness', 1)"
"('central taiwan', 1)"
"('plane interface', 1)"
"('wireless efficiency', 1)"
"('search complexity', 1)"
"('light attenuation', 1)"
"('culture depth', 1)"
"('mounting position', 1)"
"('orconectes rusticus', 1)"
"('lte antenna', 1)"
"('primed acclimation', 1)"
"('caloptilia fraxinella', 1)"
"('apanteles polychrosidis', 1)"
"('fractal interpolation', 1)"
"('drosophila pupa', 1)"
"('population ecology', 1)"
"('house mouse', 1)"
"('empirical interpolation', 1)"
"('flared groundplane', 1)"
"('impedance network', 1)"
"('host shift', 1)"
"('nonasymptotic analysis', 1)"
"('transmission signal', 1)"
"('wireless authentication', 1)"
"('subauroral latitude', 1)"
"('imaging property', 1)"
"('gamma evaluation', 1)"
"('dose rate', 1)"
"('multicore processor', 1)"
"('correlation method', 1)"
"('asymptotic orthogonality', 1)"
"('heating roll', 1)"
"('procedural modeling', 1)"
"('follicular cell', 1)"
"('opcm sensor', 1)"
"('thermal sense', 1)"
"('shapley value', 1)"
"('lightning rod', 1)"
"('ambiguity threshold', 1)"
"('ivory coast', 1)"
"('absorption screen', 1)"
"('integrated receiver', 1)"
"('gan qds', 1)"
"('singularity map', 1)"
"('3d antenna', 1)"
"('energy utilization', 1)"
"('read region', 1)"
"('d2d network', 1)"
"('gnss satellite', 1)"
"('pointing bias', 1)"
"('spontaneous emission', 1)"
"('light damage', 1)"
"('sensillum coelocapitulum', 1)"
"('brood care', 1)"
"('uncooperative radar', 1)"
"('variable gain', 1)"
"('vectorial analysis', 1)"
"('rcx robonics', 1)"
"('microseismic monitoring', 1)"
"('physical channel', 1)"
"('lightweight model', 1)"
"('assembly instruction', 1)"
"('body potential', 1)"
"('satellite finder', 1)"
"('profilograph ge', 1)"
"('pavement surface', 1)"
"('analytical threshold', 1)"
"('sesarmops intermedius', 1)"
"('first zoea', 1)"
"('myopic policy', 1)"
"('turbo detection', 1)"
"('backscattered field', 1)"
"('displacement measurement', 1)"
"('intersection approach', 1)"
"('nano profilometer', 1)"
"('infinite constellation', 1)"
"('wireless interrogator', 1)"
"('soft combination', 1)"
"('aerial diatom', 1)"
"('river murray', 1)"
"('focal spot', 1)"
"('switching gain', 1)"
"('spatial transformation', 1)"
"('high density', 1)"
"('graphene device', 1)"
"('actinide transport', 1)"
"('mate attraction', 1)"
"('restrahlen band', 1)"
"('positive selection', 1)"
"('hybrid balun', 1)"
"('blade deflection', 1)"
"('beef cattle', 1)"
"('thermal decomposition', 1)"
"('transferred power', 1)"
"('control theory', 1)"
"('water loss', 1)"
"('recovery rate', 1)"
"('mat scheme', 1)"
"('source reconstruction', 1)"
"('port pattern', 1)"
"('kirchhoff migration', 1)"
"('respiratory gating', 1)"
"('grounding electrode', 1)"
"('azolla filiculoides', 1)"
"('nutrient cycling', 1)"
"('graphene nanosheets', 1)"
"('clutter trajectory', 1)"
"('continuous space', 1)"
"('axis offset', 1)"
"('rewarming rate', 1)"
"('sugar content', 1)"
"('dipolar resonance', 1)"
"('cambrian explosion', 1)"
"('channel parameter', 1)"
"('plasmonic nanostructures', 1)"
"('baseband asic', 1)"
"('operational regime', 1)"
"('spectrum access', 1)"
"('flat phantom', 1)"
"('head implant', 1)"
"('antiphase mode', 1)"
"('tohoku university', 1)"
"('elastic substrate', 1)"
"('linear transceivers', 1)"
"('new host', 1)"
"('thellungiella halophila', 1)"
"('ward identity', 1)"
"('chrysopa pallens', 1)"
"('ƒårnotiƒçe quarry', 1)"
"('multilayer technology', 1)"
"('gracilariopsis tenuifrons', 1)"
"('rotary antenna', 1)"
"('metallic nanohelices', 1)"
"('laser propulsion', 1)"
"('food spoilage', 1)"
"('5nm metal', 1)"
"('pockels effect', 1)"
"('sedimentary architecture', 1)"
"('radar surface', 1)"
"('channel bonding', 1)"
"('shannon entropy', 1)"
"('pomacea canaliculata', 1)"
"('markov chain', 1)"
"('intentional emi', 1)"
"('cartographic analysis', 1)"
"('ask modulation', 1)"
"('aerial detection', 1)"
"('bowtie nanoring', 1)"
"('model free', 1)"
"('transmitted phase', 1)"
"('circuit power', 1)"
"('snow melting', 1)"
"('balloon antenna', 1)"
"('transient communication', 1)"
"('dapcadsx2 gene', 1)"
"('angular velocity', 1)"
"('microwave dynamic', 1)"
"('surface sediment', 1)"
"('anastrepha striata', 1)"
"('measuring temperature', 1)"
"('fluorescent nanoparticles', 1)"
"('dye molecule', 1)"
"('integrated waveguide', 1)"
"('optical response', 1)"
"('strain engineering', 1)"
"('sense winding', 1)"
"('rf pa', 1)"
"('power detector', 1)"
"('superparamagnetic nanoparticles', 1)"
"('rostral sensilla', 1)"
"('correlation efficiency', 1)"
"('vmimo system', 1)"
"('oedaleus asiaticus', 1)"
"('wimax signal', 1)"
"('quality evaluation', 1)"
"('soft decision', 1)"
"('spatial hole', 1)"
"('gustatory receptor', 1)"
"('growth irradiance', 1)"
"('topographic index', 1)"
"('rhipicephalus sanguineus', 1)"
"('normalization process', 1)"
"('ternary hybrid', 1)"
"('social status', 1)"
"('godyris zavaleta', 1)"
"('structural detail', 1)"
"('chemosensory organ', 1)"
"('tv whitespaces', 1)"
"('wavefront algorithm', 1)"
"('grid map', 1)"
"('drain efficiency', 1)"
"('reconfigurable wing', 1)"
"('air temperature', 1)"
"('weather sensor', 1)"
"('metamaterial loading', 1)"
"('optimization model', 1)"
"('electrode design', 1)"
"('noncoherent reception', 1)"
"('missing measurement', 1)"
"('hybrid csit', 1)"
"('structured sparsity', 1)"
"('scanning aberration', 1)"
"('frequency difference', 1)"
"('persistent scatterers', 1)"
"('beam ion', 1)"
"('geraniaceae family', 1)"
"('lunar ionosphere', 1)"
"('plasmonic filter', 1)"
"('chimeric contigs', 1)"
"('thanasimus dubius', 1)"
"('superposition beat', 1)"
"('ocular temperature', 1)"
"('antenna offset', 1)"
"('fast decodability', 1)"
"('orthogonal waveform', 1)"
"('thermal annealing', 1)"
"('ice cloud', 1)"
"('calliphora stygia', 1)"
"('duality theorem', 1)"
"('kasami code', 1)"
"('induction process', 1)"
"('mode parity', 1)"
"('polycistronic mrna', 1)"
"('polymer nanoparticles', 1)"
"('scaptomyza flava', 1)"
"('larval performance', 1)"
"('rate demand', 1)"
"('nash bargaining', 1)"
"('packaging material', 1)"
"('mimo sar', 1)"
"('distributed nullforming', 1)"
"('copitarsia decolora', 1)"
"('specialty crop', 1)"
"('2 ghz', 1)"
"('1 ghz', 1)"
"('thermographic dtm', 1)"
"('avalanche transceiver', 1)"
"('phenotypic structure', 1)"
"('hylocomium splendens', 1)"
"('actinothuidium hookeri', 1)"
"('turbo equalizer', 1)"
"('metallic cap', 1)"
"('binary instrumentation', 1)"
"('mri thermometry', 1)"
"('local heating', 1)"
"('distributed reception', 1)"
"('cooperative multicast', 1)"
"('ideal absorption', 1)"
"('polarisation degree', 1)"
"('marble quarry', 1)"
"('aeroelastic instability', 1)"
"('bacterial photosynthesis', 1)"
"('fluid saturation', 1)"
"('periodic subarrays', 1)"
"('guidance algorithm', 1)"
"('mate finding', 1)"
"('geranyl hexanoate', 1)"
"('load fluctuation', 1)"
"('accumulative ee', 1)"
"('cross configuration', 1)"
"('grounded strip', 1)"
"('bst substrate', 1)"
"('metallic cube', 1)"
"('user interaction', 1)"
"('sixteen element', 1)"
"('good isolation', 1)"
"('multiple interface', 1)"
"('mu mimo', 1)"
"('double layer', 1)"
"('gain switching', 1)"
"('90 ghz', 1)"
"('tunnel curvature', 1)"
"('surface topography', 1)"
"('proton bombardment', 1)"
"('iron cluster', 1)"
"('correlation imaging', 1)"
"('aeronautical communication', 1)"
"('flexible metamaterial', 1)"
"('terahertz spectroscopy', 1)"
"('phonon resonance', 1)"
"('marine mammal', 1)"
"('aileron effectiveness', 1)"
"('emission intensity', 1)"
"('series feed', 1)"
"('imbalance component', 1)"
"('rectangular reconfigurable', 1)"
"('frequency notch', 1)"
"('fruit classification', 1)"
"('oriental armyworm', 1)"
"('spatial difference', 1)"
"('earthquake precursor', 1)"
"('ablation area', 1)"
"('subway tunnel', 1)"
"('large landslide', 1)"
"('debre sina', 1)"
"('line marking', 1)"
"('gravitational kinematics', 1)"
"('aperture coupled', 1)"
"('array resolution', 1)"
"('confocal algorithm', 1)"
"('synergetic transmission', 1)"
"('mobile telephone', 1)"
"('transport factor', 1)"
"('population dynamic', 1)"
"('money plant', 1)"
"('ambient rf', 1)"
"('adaptive timer', 1)"
"('projected landweber', 1)"
"('equatorial electrojet', 1)"
"('tracking platform', 1)"
"('railway line', 1)"
"('hippa adactyla', 1)"
"('layer separation', 1)"
"('acrylate binder', 1)"
"('feed displacement', 1)"
"('orbital term', 1)"
"('fragment due', 1)"
"('bond formation', 1)"
"('transmission resumption', 1)"
"('chamber measurement', 1)"
"('channel condition', 1)"
"('luminescent antenna', 1)"
"('annular probe', 1)"
"('morava river', 1)"
"('gene flow', 1)"
"('south georgia', 1)"
"('3c 279', 1)"
"('eastern cape', 1)"
"('underwater localization', 1)"
"('aletheiana tenella', 1)"
"('labial sensilla', 1)"
"('oviposition attractant', 1)"
"('hyperlog antenna', 1)"
"('border monitoring', 1)"
"('markowitz criterion', 1)"
"('spectral discrimination', 1)"
"('iki island', 1)"
"('magnetic wall', 1)"
"('r maximum', 1)"
"('charged dust', 1)"
"('esd protection', 1)"
"('exocrine gland', 1)"
"('ultralam 3850', 1)"
"('sateen derivative', 1)"
"('bandar abbas', 1)"
"('stacking material', 1)"
"('proximity coupling', 1)"
"('blue jean', 1)"
"('transfer characteristic', 1)"
"('open ring', 1)"
"('annular patch', 1)"
"('tapered ground', 1)"
"('elliptical antenna', 1)"
"('signal reliability', 1)"
"('operating parameter', 1)"
"('oval patch', 1)"
"('debye relation', 1)"
"('voltage gain', 1)"
"('sierpinski carpet', 1)"
"('haferman carpet', 1)"
"('shadow zone', 1)"
"('recycled asphalt', 1)"
"('sun tracking', 1)"
"('speed control', 1)"
"('nmos rectifier', 1)"
"('material selection', 1)"
"('folded strip', 1)"
"('distributed inductor', 1)"
"('uwb signal', 1)"
"('rectangular reflector', 1)"
"('dielectric wall', 1)"
"('ssimo array', 1)"
"('vertical beam', 1)"
"('compact array', 1)"
"('caustic model', 1)"
"('inspired metamaterials', 1)"
"('emtricitabin enantiomer', 1)"
"('water sweeper', 1)"
"('distributed filtering', 1)"
"('acardiac mass', 1)"
"('sidelobes level', 1)"
"('grating element', 1)"
"('parabolic approximation', 1)"
"('haiyang 2a', 1)"
"('similar boundary', 1)"
"('complementary medium', 1)"
"('deformed displacement', 1)"
"('localization accuracy', 1)"
"('notched filter', 1)"
"('electromagnetic environment', 1)"
"('internet broadcasting', 1)"
"('discovery procedure', 1)"
"('measurement method', 1)"
"('mekong basin', 1)"
"('membrane tension', 1)"
"('focal adhesion', 1)"
"('actin cytoskeleton', 1)"
"('lightning current', 1)"
"('testosterone level', 1)"
"('skeletal muscle', 1)"
"('velebit mountain', 1)"
"('multiple sector', 1)"
"('nymph stage', 1)"
"('contour plot', 1)"
"('athabasca valles', 1)"
"('hexagonal symmetry', 1)"
"('coupling enhancement', 1)"
"('rayleigh quotient', 1)"
"('multiple slit', 1)"
"('static determinacy', 1)"
"('external morphology', 1)"
"('substrate removal', 1)"
"('severely affected', 1)"
"('nowadays equipment', 1)"
"('existing pa', 1)"
"('easily implemented', 1)"
"('broadcast system', 1)"
"('airborne transponder', 1)"
"('cylindrospermopsis raciborskii', 1)"
"('oryza sativa', 1)"
"('test bench', 1)"
"('series diode', 1)"
"('metal enclosure', 1)"
"('elliptical orbit', 1)"
"('almaty region', 1)"
"('parelasmopus setiger', 1)"
"('rf loss', 1)"
"('microstrip mode', 1)"
"('parasitic castration', 1)"
"('horsehair worm', 1)"
"('pilot design', 1)"
"('bent dipole', 1)"
"('retinal differentiation', 1)"
"('drosophila eye', 1)"
"('symbol detector', 1)"
"('placoid scale', 1)"
"('tissue microarray', 1)"
"('xenon gas', 1)"
"('hemispherical chamber', 1)"
"('antenna bandwidth', 1)"
"('synchronous satellite', 1)"
"('square plate', 1)"
"('rectangular plate', 1)"
"('high fidelity', 1)"
"('dielectric superstate', 1)"
"('rf sensor', 1)"
"('enhanced beamwidth', 1)"
"('pest detection', 1)"
"('aerial applicator', 1)"
"('coverage region', 1)"
"('antenna patch', 1)"
"('female calling', 1)"
"('rfid system', 1)"
"('library service', 1)"
"('leucaena leucocephala', 1)"
"('telecommunication tower', 1)"
"('subsurface irrigation', 1)"
"('controlled drainage', 1)"
"('ieee 1901', 1)"
"('flexographic printing', 1)"
"('chronic toxicity', 1)"
"('sip registration', 1)"
"('structural dissipation', 1)"
"('multilayer multipermittivity', 1)"
"('object segmentation', 1)"
"('data reduction', 1)"
"('user allocation', 1)"
"('vector correlation', 1)"
"('component correlation', 1)"
"('true orthophoto', 1)"
"('occluded area', 1)"
"('tactile sensing', 1)"
"('relative calibration', 1)"
"('allosteric regulation', 1)"
"('substrate size', 1)"
"('window aperture', 1)"
"('phosphate anion', 1)"
"('earthquake mechanic', 1)"
"('dynamic rupture', 1)"
"('simultaneous estimation', 1)"
"('wilding conifer', 1)"
"('collection volume', 1)"
"('liquid actuator', 1)"
"('fidelity analysis', 1)"
"('cell selection', 1)"
"('defected reflector', 1)"
"('composite patch', 1)"
"('impedance wedge', 1)"
"('automatically pair', 1)"
"('sinusoidal profile', 1)"
"('wave director', 1)"
"('neural variability', 1)"
"('neural threshold', 1)"
"('video positioning', 1)"
"('bulk photoemission', 1)"
"('dielectric overlay', 1)"
"('lagrangian relaxation', 1)"
"('grounding grid', 1)"
"('landscape scale', 1)"
"('compact radiator', 1)"
"('locomotion activity', 1)"
"('multipath stacking', 1)"
"('congruent cell', 1)"
"('pteromalus puparum', 1)"
"('foraging strategy', 1)"
"('quantum theory', 1)"
"('position operator', 1)"
"('gain bandwidth', 1)"
"('ellipsoidal cavity', 1)"
"('circumferential antenna', 1)"
"('tetracycline hydrochloride', 1)"
"('submerged topography', 1)"
"('auditory amplification', 1)"
"('wireless router', 1)"
"('oil yield', 1)"
"('ocimum ciliatum', 1)"
"('methyl chavicol', 1)"
"('fractal characteristic', 1)"
"('bryopsis corticulans', 1)"
"('voltage doubler', 1)"
"('unintended emission', 1)"
"('energy relaxation', 1)"
"('radioactive cesium', 1)"
"('ray launching', 1)"
"('fractal slot', 1)"
"('antenna hat', 1)"
"('cyclic convolution', 1)"
"('root music', 1)"
"('varicap diode', 1)"
"('litopenaeus vannamei', 1)"
"('stress uniformity', 1)"
"('shape accuracy', 1)"
"('shunt current', 1)"
"('subsurface utility', 1)"
"('nonlinear estimation', 1)"
"('gridding method', 1)"
"('geometry information', 1)"
"('wavefront shape', 1)"
"('directional propagation', 1)"
"('optical array', 1)"
"('light trapping', 1)"
"('image quality', 1)"
"('monitoring mechanism', 1)"
"('water ingres', 1)"
"('building fabric', 1)"
"('kalman smoother', 1)"
"('single port', 1)"
"('kernel smoothing', 1)"
"('imperfect synchronisation', 1)"
"('urban building', 1)"
"('electromagnetic attenuation', 1)"
"('thermal pattern', 1)"
"('lambda wing', 1)"
"('scattering distribution', 1)"
"('channel simulator', 1)"
"('anthropic pressure', 1)"
"('spatial throughput', 1)"
"('stacking pattern', 1)"
"('reflection amplifier', 1)"
"('color center', 1)"
"('mechanical aperture', 1)"
"('dangerous ground', 1)"
"('pulsed beam', 1)"
"('additive manufacture', 1)"
"('heterogeneous substrate', 1)"
"('landscape connectivity', 1)"
"('channel adjustment', 1)"
"('digital television', 1)"
"('output statistic', 1)"
"('block fading', 1)"
"('coriolis force', 1)"
"('colored loading', 1)"
"('ordered unraveling', 1)"
"('photosynthesis pathway', 1)"
"('methionine synthase', 1)"
"('odor transduction', 1)"
"('love wave', 1)"
"('phase perturbation', 1)"
"('buccal shelf', 1)"
"('optical modulators', 1)"
"('vibration sensor', 1)"
"('cantilever beam', 1)"
"('geometrical model', 1)"
"('load resistance', 1)"
"('analog switch', 1)"
"('nicuznco ferrite', 1)"
"('conditional detection', 1)"
"('rendezvous point', 1)"
"('quantum discord', 1)"
"('power budget', 1)"
"('antenna lattice', 1)"
"('weaver model', 1)"
"('spatial offset', 1)"
"('asian dust', 1)"
"('green electronics', 1)"
"('embedded microcontroller', 1)"
"('space suit', 1)"
"('resurrection plant', 1)"
"('internal architecture', 1)"
"('magnetic sensor', 1)"
"('antenna allocation', 1)"
"('tissue contraction', 1)"
"('rf transmittance', 1)"
"('dna translocation', 1)"
"('woo filter', 1)"
"('parasitic impedance', 1)"
"('snow attenuation', 1)"
"('elliptical element', 1)"
"('search space', 1)"
"('spherical lens', 1)"
"('filtering effect', 1)"
"('annular gap', 1)"
"('transversal asymmetry', 1)"
"('diffraction tomography', 1)"
"('lifting scheme', 1)"
"('ensemble multiwavelet', 1)"
"('fractional differential', 1)"
"('hematoma expansion', 1)"
"('continuous monitoring', 1)"
"('targeted artery', 1)"
"('mr examination', 1)"
"('intravascular ultrasound', 1)"
"('good agreement', 1)"
"('diagnostic accuracy', 1)"
"('detecting plaque', 1)"
"('delineating vessel', 1)"
"('atherosclerotic model', 1)"
"('alternative method', 1)"
"('abdominal aorta', 1)"
"('antenna applicator', 1)"
"('reversible switching', 1)"
"('libellula depressa', 1)"
"('historic building', 1)"
"('optical readout', 1)"
"('virtual force', 1)"
"('magnus effect', 1)"
"('coverage range', 1)"
"('leakywave antenna', 1)"
"('constellation breakdown', 1)"
"('tensor analysis', 1)"
"('polymeric crosslinkers', 1)"
"('homogeneous snr', 1)"
"('eigenmode expansion', 1)"
"('aerial bay', 1)"
"('contrast enhancement', 1)"
"('olfactory search', 1)"
"('transverse distribution', 1)"
"('tagetes minuta', 1)"
"('ground loss', 1)"
"('tsunami sediment', 1)"
"('karaikal beach', 1)"
"('optical transformer', 1)"
"('magnetic nozzle', 1)"
"('plasmonic nanoparticles', 1)"
"('antennal olfaction', 1)"
"('littoral zone', 1)"
"('graphene ring', 1)"
"('frozen soil', 1)"
"('nanoscale device', 1)"
"('polarization dependence', 1)"
"('radiation mechanism', 1)"
"('policy approximation', 1)"
"('ipn internet', 1)"
"('autonomous radio', 1)"
"('hessian fly', 1)"
"('ofdm receiver', 1)"
"('multimodal integration', 1)"
"('pine pollen', 1)"
"('orientation estimation', 1)"
"('limited feedforward', 1)"
"('adhesive material', 1)"
"('quadrature coupler', 1)"
"('spectral solver', 1)"
"('chassis mode', 1)"
"('strong chiral', 1)"
"('correlation measurement', 1)"
"('antenna morphology', 1)"
"('cd stress', 1)"
"('actin dynamic', 1)"
"('fda radar', 1)"
"('uv lamp', 1)"
"('genomic evolution', 1)"
"('capillary force', 1)"
"('water splitting', 1)"
"('mature ecosystem', 1)"
"('legume lectin', 1)"
"('meanderline structure', 1)"
"('tobacco hornworm', 1)"
"('clock stability', 1)"
"('polarimetric signature', 1)"
"('ladybird beetle', 1)"
"('growth inhibition', 1)"
"('nizn ferrite', 1)"
"('new subspecies', 1)"
"('micromagnetic simulation', 1)"
"('protruded ground', 1)"
"('ripple coefficient', 1)"
"('beam theory', 1)"
"('delay performance', 1)"
"('coarse beamforming', 1)"
"('flexible reflector', 1)"
"('cimex lectularius', 1)"
"('field enclosure', 1)"
"('fourth generation', 1)"
"('dictyla cheriani', 1)"
"('riemannian manifold', 1)"
"('seawater intrusion', 1)"
"('marine alluvium', 1)"
"('queueing model', 1)"
"('phase distribution', 1)"
"('soil uptake', 1)"
"('lagged effect', 1)"
"('aerial deposition', 1)"
"('synergistic modulation', 1)"
"('lightning protection', 1)"
"('pit telemetry', 1)"
"('nb5n6 microbolometer', 1)"
"('antenna adaptation', 1)"
"('throughput density', 1)"
"('antennal chemosensilla', 1)"
"('coherent target', 1)"
"('metabolic profile', 1)"
"('csi overhead', 1)"
"('millimeter range', 1)"
"('europium complex', 1)"
"('mechanosensory neuron', 1)"
"('chaetic sensillum', 1)"
"('interference pattern', 1)"
"('cantabrian sea', 1)"
"('drug delivery', 1)"
"('electronic component', 1)"
"('haberlea rhodopensis', 1)"
"('binary programming', 1)"
"('skill assessment', 1)"
"('menthyl acetate', 1)"
"('taylor method', 1)"
"('weak signal', 1)"
"('image rule', 1)"
"('antenna coefficient', 1)"
"('phase analysis', 1)"
"('radio tomography', 1)"
"('targeted mutagenesis', 1)"
"('sar image', 1)"
"('sampling theory', 1)"
"('tigriopus fulvus', 1)"
"('magnetic measurement', 1)"
"('christmas island', 1)"
"('silicon detector', 1)"
"('polar lake', 1)"
"('organic carbon', 1)"
"('radiation dose', 1)"
"('interventional imaging', 1)"
"('translation control', 1)"
"('neurodegenerative disease', 1)"
"('signal collecting', 1)"
"('ecg lead', 1)"
"('postal container', 1)"
"('radio measurement', 1)"
"('electrical substation', 1)"
"('commutation failure', 1)"
"('initial permeability', 1)"
"('lateral angle', 1)"
"('deterministic analysis', 1)"
"('firing process', 1)"
"('takecallis arundinariae', 1)"
"('circulatory physiology', 1)"
"('illusion device', 1)"
"('focusing wave', 1)"
"('reproductive transformation', 1)"
"('height determination', 1)"
"('euclid distance', 1)"
"('mixed structure', 1)"
"('long line', 1)"
"('vector analysis', 1)"
"('illuminated area', 1)"
"('slip layer', 1)"
"('continuous electrowetting', 1)"
"('field perturbation', 1)"
"('robot crawler', 1)"
"('human tracking', 1)"
"('zirconia ceramic', 1)"
"('worker bee', 1)"
"('spurline resonator', 1)"
"('ranging behavior', 1)"
"('reference tag', 1)"
"('sensory structure', 1)"
"('source identification', 1)"
"('shandong province', 1)"
"('nanostar dendrimers', 1)"
"('metal plane', 1)"
"('remodeling technology', 1)"
"('line feed', 1)"
"('maritime vhf', 1)"
"('carrier recovery', 1)"
"('parasitism behavior', 1)"
"('squint model', 1)"
"('canopy vigor', 1)"
"('copper coating', 1)"
"('fractal theory', 1)"
"('venus spacecraft', 1)"
"('power adaptation', 1)"
"('outage exponent', 1)"
"('phase quadrature', 1)"
"('link gain', 1)"
"('hybrid junction', 1)"
"('allophycocyanin b', 1)"
"('sparse network', 1)"
"('laser communication', 1)"
"('feeding pattern', 1)"
"('collective behaviour', 1)"
"('implantable biotelemetry', 1)"
"('antenna entropy', 1)"
"('null scanning', 1)"
"('slot technique', 1)"
"('coupled feed', 1)"
"('quadratic surface', 1)"
"('plasma discharge', 1)"
"('folding angle', 1)"
"('moisture absorption', 1)"
"('electronic identification', 1)"
"('broadcast cluster', 1)"
"('rank adaptation', 1)"
"('coverage problem', 1)"
"('st elevation', 1)"
"('multicarrier scheme', 1)"
"('microcell environment', 1)"
"('radar band', 1)"
"('released fish', 1)"
"('centrocercus urophasianus', 1)"
"('ppd1 protein', 1)"
"('cst mws', 1)"
"('csi delay', 1)"
"('reconstituted complex', 1)"
"('polyblock algorithm', 1)"
"('head advancement', 1)"
"('gully growth', 1)"
"('mod15a2 fpar', 1)"
"('lower jaw', 1)"
"('acoustic horn', 1)"
"('reproductive biology', 1)"
"('extinction spectrum', 1)"
"('broadband nanoantenna', 1)"
"('paddy field', 1)"
"('seed yield', 1)"
"('intrinsic impedance', 1)"
"('matched load', 1)"
"('leg apparatus', 1)"
"('pterocarpus indicus', 1)"
"('energy network', 1)"
"('clock generation', 1)"
"('kronecker correlation', 1)"
"('guard band', 1)"
"('average efficiency', 1)"
"('subgenus adlerius', 1)"
"('newton method', 1)"
"('double codebook', 1)"
"('73 ghz', 1)"
"('vicarious calibration', 1)"
"('granitic terrain', 1)"
"('charged msps', 1)"
"('gravity wave', 1)"
"('receive combining', 1)"
"('bottleneck user', 1)"
"('penetration ability', 1)"
"('cardiac motion', 1)"
"('perforated array', 1)"
"('diophantine approximation', 1)"
"('borehole extensometer', 1)"
"('multifractal geometry', 1)"
"('initial ranging', 1)"
"('delia platura', 1)"
"('aeroglaze z306', 1)"
"('sequential phase', 1)"
"('transparent conductor', 1)"
"('fold geometry', 1)"
"('front end', 1)"
"('modern factory', 1)"
"('desirability function', 1)"
"('pd pattern', 1)"
"('external sensor', 1)"
"('hydraulic actuation', 1)"
"('special event', 1)"
"('time shift', 1)"
"('vistula river', 1)"
"('directional multicast', 1)"
"('communication satellite', 1)"
"('pam antenna', 1)"
"('thermal power', 1)"
"('magnetoresistive effect', 1)"
"('saturation throughput', 1)"
"('coherency matrix', 1)"
"('western turkey', 1)"
"('helical resonator', 1)"
"('ship tracking', 1)"
"('miniaturized ebg', 1)"
"('macromolecular complex', 1)"
"('uterine fibroid', 1)"
"('channel dispersion', 1)"
"('spatial compounding', 1)"
"('pulsed excitation', 1)"
"('alignment approach', 1)"
"('intravascular mri', 1)"
"('reference point', 1)"
"('local survey', 1)"
"('pressure measurement', 1)"
"('sidereal filter', 1)"
"('clamshell system', 1)"
"('nonspherical body', 1)"
"('sweeping frequency', 1)"
"('throughput rate', 1)"
"('antennal ablation', 1)"
"('service slicing', 1)"
"('network virtualization', 1)"
"('bernoulli filter', 1)"
"('smartphone application', 1)"
"('lagrangian sensor', 1)"
"('duffy method', 1)"
"('sidelobe cancellation', 1)"
"('terrestrial photogrammetry', 1)"
"('triangular ring', 1)"
"('electron acceleration', 1)"
"('vcsel transceivers', 1)"
"('flow direction', 1)"
"('aster gdem', 1)"
"('magnetic topology', 1)"
"('sale poster', 1)"
"('frequency sensor', 1)"
"('chrysomya bezziana', 1)"
"('cubic antenna', 1)"
"('integrated bipolar', 1)"
"('ellipsoidal feed', 1)"
"('organic computing', 1)"
"('central conductor', 1)"
"('whitebacked planthopper', 1)"
"('lunar regolith', 1)"
"('sideband level', 1)"
"('directional transmission', 1)"
"('foam material', 1)"
"('deposition rate', 1)"
"('zeolite l', 1)"
"('acriflavine hydrochloride', 1)"
"('w8jk array', 1)"
"('longitudinal inhomogeneity', 1)"
"('necessary condition', 1)"
"('flock size', 1)"
"('multiframe registration', 1)"
"('medical diagnosis', 1)"
"('azimuthal gain', 1)"
"('dupin cyclides', 1)"
"('reflector metal', 1)"
"('underground station', 1)"
"('radiative transfer', 1)"
"('nitidula carnaria', 1)"
"('simulated spectrum', 1)"
"('scrambled self', 1)"
"('linear combination', 1)"
"('induced decomposition', 1)"
"('decomposition behavior', 1)"
"('coaggregates could', 1)"
"('100 micelle', 1)"
"('bacteriochlorophyll e', 1)"
"('oil reservoir', 1)"
"('cochliomyia macellaria', 1)"
"('vibrio rotiferianus', 1)"
"('vibrio parahaemolyticus', 1)"
"('antenna truncation', 1)"
"('cyclic structure', 1)"
"('source statistic', 1)"
"('hot spring', 1)"
"('optimal detection', 1)"
"('interdigital line', 1)"
"('crater rim', 1)"
"('joule heating', 1)"
"('deployed frequency', 1)"
"('feed structure', 1)"
"('dipole element', 1)"
"('scanning speed', 1)"
"('milling time', 1)"
"('tem antenna', 1)"
"('weather clutter', 1)"
"('diversity mode', 1)"
"('directivity mode', 1)"
"('instrumental variable', 1)"
"('generator matrix', 1)"
"('triangular truncation', 1)"
"('ver3 isolated', 1)"
"('semiquinone state', 1)"
"('partner organisation', 1)"
"('nonphotoreactivation function', 1)"
"('functional complementation', 1)"
"('functional characterization', 1)"
"('coli strain', 1)"
"('coli photolyase', 1)"
"('argentinean puna', 1)"
"('approach using', 1)"
"('stirring bandwidth', 1)"
"('frequency stirring', 1)"
"('null filling', 1)"
"('cmos rectifier', 1)"
"('lung tumour', 1)"
"('reactive specie', 1)"
"('policy learning', 1)"
"('epistemic community', 1)"
"('somateria fischeri', 1)"
"('miniaturization degree', 1)"
"('ook modulator', 1)"
"('warning signal', 1)"
"('excitation function', 1)"
"('basis pursuit', 1)"
"('alamouti coding', 1)"
"('perlecan deficiency', 1)"
"('pericellular matrix', 1)"
"('resource location', 1)"
"('gain maximization', 1)"
"('conjugate matching', 1)"
"('phase interpolator', 1)"
"('working volume', 1)"
"('multiplicative gap', 1)"
"('egg malformation', 1)"
"('rf duplexer', 1)"
"('quantum superposition', 1)"
"('helical shape', 1)"
"('eupristina sp', 1)"
"('microwave rewarming', 1)"
"('dolichonyx oryzivorus', 1)"
"('chaetura pelagica', 1)"
"('terra rossa', 1)"
"('revolving base', 1)"
"('multidimensional esprit', 1)"
"('hyper beam', 1)"
"('synchronous fluorescence', 1)"
"('azimuth resampling', 1)"
"('tilt optimization', 1)"
"('deep reflector', 1)"
"('geometric analysis', 1)"
"('linear optimization', 1)"
"('spot mode', 1)"
"('mathematical formulation', 1)"
"('dimensional characterisation', 1)"
"('sumatran fault', 1)"
"('ethyl linoleate', 1)"
"('winston cone', 1)"
"('compressive strain', 1)"
"('soil conductivity', 1)"
"('flyschoid rock', 1)"
"('rfid antenna', 1)"
"('terrestrial image', 1)"
"('spurious response', 1)"
"('loaded capacitance', 1)"
"('phase hopping', 1)"
"('endoscopy capsule', 1)"
"('focal point', 1)"
"('spike antenna', 1)"
"('underdetermined system', 1)"
"('prefixed receiver', 1)"
"('battery voltage', 1)"
"('civil engineering', 1)"
"('bayesian probability', 1)"
"('hemispherical emissivity', 1)"
"('surveillance radar', 1)"
"('trace criterion', 1)"
"('graft polymerization', 1)"
"('doppler ambiguity', 1)"
"('antenna transcriptome', 1)"
"('pretension optimization', 1)"
"('luteinising hormone', 1)"
"('identical polarization', 1)"
"('apollonian gasket', 1)"
"('broadcasting network', 1)"
"('deviated aut', 1)"
"('precipitating system', 1)"
"('meteorological hazard', 1)"
"('chip interleaving', 1)"
"('znte crystal', 1)"
"('reproductive success', 1)"
"('antennal pointing', 1)"
"('zanthoxylum piperitum', 1)"
"('nanostar dendrimer', 1)"
"('spiral csrr', 1)"
"('continuous tuning', 1)"
"('conformal strip', 1)"
"('concentration problem', 1)"
"('hydrogen bonding', 1)"
"('sequential search', 1)"
"('wireless testbed', 1)"
"('vertical handover', 1)"
"('rio tinto', 1)"
"('civil security', 1)"
"('link design', 1)"
"('aluminium patch', 1)"
"('continuing current', 1)"
"('copper nanoparticles', 1)"
"('substrate loading', 1)"
"('evaporative coating', 1)"
"('aluminum oxide', 1)"
"('shock loading', 1)"
"('tropospheric flow', 1)"
"('high papr', 1)"
"('interference analysis', 1)"
"('integer programming', 1)"
"('wireless grid', 1)"
"('corporate feeding', 1)"
"('sleeve feed', 1)"
"('solar reflector', 1)"
"('citrus blackfly', 1)"
"('aleurocanthus husaini', 1)"
"('deeper null', 1)"
"('cymbopogon citratus', 1)"
"('capacity gain', 1)"
"('blind recognition', 1)"
"('platorchestia parapacifica', 1)"
"('feed system', 1)"
"('antenna tilt', 1)"
"('terpenoid profile', 1)"
"('endogenous cytokinin', 1)"
"('artemisia alba', 1)"
"('multilayer technique', 1)"
"('trace x', 1)"
"('spectacle frame', 1)"
"('rectenna system', 1)"
"('power balancing', 1)"
"('optical mixing', 1)"
"('corrugated plate', 1)"
"('myard linkage', 1)"
"('polarization efficiency', 1)"
"('oligolectic bee', 1)"
"('harmonic imaging', 1)"
"('satellite formation', 1)"
"('subsurface structure', 1)"
"('aganaspis pelleranoi', 1)"
"('aganaspis daci', 1)"
"('odorant clearance', 1)"
"('simple modification', 1)"
"('m2m application', 1)"
"('grounded branch', 1)"
"('stiefel manifold', 1)"
"('simultaneous determination', 1)"
"('pharmaceutical analysis', 1)"
"('silver nanoprism', 1)"
"('mercury vapor', 1)"
"('complex lattice', 1)"
"('likelihood ratio', 1)"
"('subcarrier allocation', 1)"
"('2013', 1)"
"('superluminal waveguide', 1)"
"('harary index', 1)"
"('amplification factor', 1)"
"('regular sparse', 1)"
"('irregular sparse', 1)"
"('mainland china', 1)"
"('multivariate compression', 1)"
"('schott borofloat', 1)"
"('backhaul latency', 1)"
"('complementary metamaterials', 1)"
"('lerp construction', 1)"
"('developmental competence', 1)"
"('pupation process', 1)"
"('micro uav', 1)"
"('cross entropy', 1)"
"('molecular evolution', 1)"
"('peromyscus maniculatus', 1)"
"('limiting factor', 1)"
"('transceiver array', 1)"
"('pale pavida', 1)"
"('csi acquisition', 1)"
"('infrared lamp', 1)"
"('bursaphelenchus xylophilus', 1)"
"('adult morphology', 1)"
"('hexagonal shape', 1)"
"('meandering slot', 1)"
"('amplitude clustering', 1)"
"('lysis buffer', 1)"
"('sinusoidal slot', 1)"
"('linear slot', 1)"
"('ficus altissima', 1)"
"('eupristina altissima', 1)"
"('southern africa', 1)"
"('nanosphere lithography', 1)"
"('mytilus edulis', 1)"
"('compensation method', 1)"
"('peaking capacitor', 1)"
"('tilt rotor', 1)"
"('transmission channel', 1)"
"('transverse electromagnetic', 1)"
"('warehouse management', 1)"
"('lean management', 1)"
"('topology parameter', 1)"
"('rosmarinus officinalis', 1)"
"('prestress distribution', 1)"
"('elastic deformation', 1)"
"('pulse epr', 1)"
"('monitoring model', 1)"
"('network sorting', 1)"
"('offline calibration', 1)"
"('iriga volcano', 1)"
"('bandai volcano', 1)"
"('radar reflector', 1)"
"('eulaema nigrita', 1)"
"('euglossa cordata', 1)"
"('bifilar helix', 1)"
"('environmental effect', 1)"
"('quantized cdi', 1)"
"('campos basin', 1)"
"('multipoint immobilization', 1)"
"('multimeric enzyme', 1)"
"('alcoholic saliva', 1)"
"('alcohol oxidase', 1)"
"('linear shrinkage', 1)"
"('fractional anisotropy', 1)"
"('coupling strength', 1)"
"('coplanar strip', 1)"
"('magnetic therapy', 1)"
"('guadalquivir river', 1)"
"('dilating fracture', 1)"
"('model error', 1)"
"('antenna reduction', 1)"
"('thermal actuator', 1)"
"('transmit preprocessing', 1)"
"('relay system', 1)"
"('dc arc', 1)"
"('satellite transponder', 1)"
"('memoryless nonlinearity', 1)"
"('convolutional encoder', 1)"
"('plasma stream', 1)"
"('dispersion stability', 1)"
"('itame argillacearia', 1)"
"('fossil record', 1)"
"('blue crab', 1)"
"('probabilistic technique', 1)"
"('flight result', 1)"
"('cell element', 1)"
"('hydrolysis rate', 1)"
"('compliance boundary', 1)"
"('airborne microorganism', 1)"
"('acoustic probe', 1)"
"('trident feeding', 1)"
"('distance dependence', 1)"
"('protection ratio', 1)"
"('picture failure', 1)"
"('waveform duration', 1)"
"('relational degree', 1)"
"('potamopyrgus antipodarum', 1)"
"('cancer treatment', 1)"
"('algorithm x', 1)"
"('inkjet technology', 1)"
"('ambient intelligence', 1)"
"('optical resonance', 1)"
"('solid model', 1)"
"('foraging adult', 1)"
"('tunable system', 1)"
"('resonant loop', 1)"
"('composite ferrite', 1)"
"('mating experience', 1)"
"('floral compound', 1)"
"('primate mri', 1)"
"('design rule', 1)"
"('hexagonal grid', 1)"
"('osmia cornuta', 1)"
"('differential game', 1)"
"('hajj season', 1)"
"('johnston organ', 1)"
"('wear simulation', 1)"
"('neck hair', 1)"
"('body angle', 1)"
"('diode detector', 1)"
"('two slot', 1)"
"('coupling patch', 1)"
"('transducer array', 1)"
"('zinc borate', 1)"
"('flame retardancy', 1)"
"('shannon feedback', 1)"
"('tap decoupling', 1)"
"('mutual coherence', 1)"
"('discrete coefficient', 1)"
"('dof region', 1)"
"('hoyt fading', 1)"
"('periodic pattern', 1)"
"('paraxial region', 1)"
"('limb regeneration', 1)"
"('precoder selection', 1)"
"('tapered slit', 1)"
"('plywood industry', 1)"
"('error ellipsis', 1)"
"('carrion beetle', 1)"
"('acantholyda posticalis', 1)"
"('backscattered electron', 1)"
"('precoding vector', 1)"
"('compound distribution', 1)"
"('parameter identification', 1)"
"('3d analysis', 1)"
"('individual variation', 1)"
"('tuned rectifier', 1)"
"('unimolecular micelle', 1)"
"('switching mode', 1)"
"('array weighting', 1)"
"('plasmon antenna', 1)"
"('scattering operator', 1)"
"('ieee 1588', 1)"
"('iec 61850', 1)"
"('cansiliella servadeii', 1)"
"('concrete reinforcement', 1)"
"('functional imaging', 1)"
"('photoplethysmographic sensor', 1)"
"('3d space', 1)"
"('stream control', 1)"
"('supercooling point', 1)"
"('radius estimation', 1)"
"('lagrangian formulation', 1)"
"('sputter ratio', 1)"
"('genal process', 1)"
"('inversion technique', 1)"
"('doas estimation', 1)"
"('integrated adjustment', 1)"
"('labrum sensilla', 1)"
"('bowtie aperture', 1)"
"('decay rate', 1)"
"('forming habitat', 1)"
"('shorted strip', 1)"
"('metallurgical refining', 1)"
"('optical microcavity', 1)"
"('cancer ablation', 1)"
"('outage optimization', 1)"
"('layered network', 1)"
"('pilot allocation', 1)"
"('cmos downconverters', 1)"
"('pulse detection', 1)"
"('enhanced efficiency', 1)"
"('spectral response', 1)"
"('tunable bandwidth', 1)"
"('hollow cylindrical', 1)"
"('creeping wave', 1)"
"('deicing salt', 1)"
"('mmana program', 1)"
"('reflect array', 1)"
"('nbtin film', 1)"
"('effective temperature', 1)"
"('sex determination', 1)"
"('seasonal thermocline', 1)"
"('meteor trail', 1)"
"('doped accumulator', 1)"
"('acetophenonylcarboxymethyl sulphoxide', 1)"
"('sectoral waveguide', 1)"
"('coaxial tem', 1)"
"('synchronization strategy', 1)"
"('simple wave', 1)"
"('matching strip', 1)"
"('half space', 1)"
"('uplink detection', 1)"
"('downlink precoding', 1)"
"('photonic amplification', 1)"
"('pear ester', 1)"
"('nasopharyngeal carcinoma', 1)"
"('ctenarytaina eucalyptus', 1)"
"('physical damage', 1)"
"('entry time', 1)"
"('l shape', 1)"
"('circular shape', 1)"
"('antennal cropping', 1)"
"('electromagnetic compatible', 1)"
"('upper slot', 1)"
"('digitiform sensilla', 1)"
"('campaniform sensilla', 1)"
"('grafting density', 1)"
"('dielectric sample', 1)"
"('functional diagram', 1)"
"('exposure efficiency', 1)"
"('satellite altimetry', 1)"
"('lake issykkul', 1)"
"('talorchestia deshayesii', 1)"
"('talitrus saltator', 1)"
"('electromagnetic force', 1)"
"('bilateral slotline', 1)"
"('selective feedback', 1)"
"('heterogeneous user', 1)"
"('competitive displacement', 1)"
"('adsorptive fractionation', 1)"
"('null compensation', 1)"
"('device damage', 1)"
"('opposite direction', 1)"
"('reservoir analogue', 1)"
"('cell proliferation', 1)"
"('thermoacoustic mechanism', 1)"
"('fuselage skin', 1)"
"('band gap', 1)"
"('square metamaterials', 1)"
"('sperm parameter', 1)"
"('plume effect', 1)"
"('cushion engine', 1)"
"('boundary block', 1)"
"('jitter tolerance', 1)"
"('stallard orbitotomy', 1)"
"('tetrahedral module', 1)"
"('structural topology', 1)"
"('pzt actuator', 1)"
"('magnetic characteristic', 1)"
"('lisa pathfinder', 1)"
"('passage efficiency', 1)"
"('ultrahigh field', 1)"
"('heteronuclear mr', 1)"
"('top loop', 1)"
"('manifold mapping', 1)"
"('tetrapyrrole biosynthesis', 1)"
"('nucleotide skew', 1)"
"('mitochondrial genome', 1)"
"('host relation', 1)"
"('noise power', 1)"
"('matlab software', 1)"
"('molecular layer', 1)"
"('mixing ventilation', 1)"
"('displacement ventilation', 1)"
"('gene ontology', 1)"
"('dendroctonus ponderosae', 1)"
"('nanowire thermocouple', 1)"
"('floating base', 1)"
"('sink node', 1)"
"('deployable mechanism', 1)"
"('rf antenna', 1)"
"('balancing algorithm', 1)"
"('aluminium oxide', 1)"
"('methyl carbamate', 1)"
"('biological aspect', 1)"
"('dismounted soldier', 1)"
"('wireless resource', 1)"
"('sex dimorphism', 1)"
"('oil palm', 1)"
"('actuator adjustment', 1)"
"('gps tec', 1)"
"('sectorized approach', 1)"
"('visually impaired', 1)"
"('triangular antenna', 1)"
"('power imbalance', 1)"
"('andeep ii', 1)"
"('spray booth', 1)"
"('biological monitoring', 1)"
"('partial shading', 1)"
"('leaf property', 1)"
"('vertical strip', 1)"
"('radiative emission', 1)"
"('nitrogen limitation', 1)"
"('mn limitation', 1)"
"('stability boundary', 1)"
"('medium access', 1)"
"('booster circuit', 1)"
"('multilayer coding', 1)"
"('backside exposure', 1)"
"('output feedback', 1)"
"('energy scale', 1)"
"('quantum coherence', 1)"
"('population oscillation', 1)"
"('mesh design', 1)"
"('optical element', 1)"
"('sulfated lacdinac', 1)"
"('measurement equation', 1)"
"('financial journalism', 1)"
"('different slot', 1)"
"('thus making', 1)"
"('stationary level', 1)"
"('specifically depleted', 1)"
"('major difference', 1)"
"('essential component', 1)"
"('decreased efficiency', 1)"
"('core translation', 1)"
"('compound indispensable', 1)"
"('chloroplast photoprotection', 1)"
"('autotrophic growth', 1)"
"('back radiation', 1)"
"('folded rim', 1)"
"('behavioral model', 1)"
"('submerged culture', 1)"
"('resource assignment', 1)"
"('host use', 1)"
"('radiofrequency wave', 1)"
"('protective coating', 1)"
"('conductive printing', 1)"
"('protochlorophyllide oxidoreductase', 1)"
"('liquid bottle', 1)"
"('parallelogram monopole', 1)"
"('biomass partitioning', 1)"
"('dark energy', 1)"
"('noncoherent setting', 1)"
"('hierarchical cooperation', 1)"
"('deterministic equivalent', 1)"
"('joint quantization', 1)"
"('primal decomposition', 1)"
"('speech detection', 1)"
"('sidescan image', 1)"
"('rosenbrock search', 1)"
"('anisotropic radiation', 1)"
"('exposure system', 1)"
"('complex fluid', 1)"
"('radiation profile', 1)"
"('antenna buoy', 1)"
"('tagliamento river', 1)"
"('poplar tree', 1)"
"('geotechnical exploration', 1)"
"('edison seamount', 1)"
"('antenna bending', 1)"
"('medical therapy', 1)"
"('trapezoidal slot', 1)"
"('optimization process', 1)"
"('edge current', 1)"
"('corn field', 1)"
"('lake untersee', 1)"
"('series iteration', 1)"
"('balun unit', 1)"
"('mating disruptant', 1)"
"('shedd aquarium', 1)"
"('naupliar development', 1)"
"('machine control', 1)"
"('morphological analysis', 1)"
"('geometric morphometries', 1)"
"('manufacturing tolerance', 1)"
"('infinite ground', 1)"
"('pattern bandwidth', 1)"
"('extended bandwidth', 1)"
"('ring radiator', 1)"
"('flexography printing', 1)"
"('multisource feature', 1)"
"('reflector feed', 1)"
"('axial defocusing', 1)"
"('fixed threshold', 1)"
"('cyclostationary detection', 1)"
"('microfabrication technique', 1)"
"('collaborative navigation', 1)"
"('gust attenuation', 1)"
"('pitch angle', 1)"
"('morphometric variability', 1)"
"('instrument detection', 1)"
"('geospatial data', 1)"
"('nonlinear current', 1)"
"('connecting loss', 1)"
"('storm surge', 1)"
"('liver imaging', 1)"
"('intraoperative guidance', 1)"
"('ml estimator', 1)"
"('generic object', 1)"
"('effective velocity', 1)"
"('sialia currucoides', 1)"
"('mission plan', 1)"
"('weak scalability', 1)"
"('mapping vector', 1)"
"('resonator system', 1)"
"('image rectification', 1)"
"('camera orientation', 1)"
"('dynamic multipath', 1)"
"('esd generator', 1)"
"('block diagonalisation', 1)"
"('conical shield', 1)"
"('sensor deployment', 1)"
"('expected likelihood', 1)"
"('underlying array', 1)"
"('periodic scanning', 1)"
"('thruster plume', 1)"
"('adiabatic compression', 1)"
"('pheromone analog', 1)"
"('rls algorithm', 1)"
"('unstructured grid', 1)"
"('strong smoother', 1)"
"('tidal sandbar', 1)"
"('optical feedback', 1)"
"('generalized mean', 1)"
"('gsm900 mhz', 1)"
"('shape function', 1)"
"('suzuki coupling', 1)"
"('gaussian optic', 1)"
"('input constraint', 1)"
"('thermal distribution', 1)"
"('frequency allocation', 1)"
"('octavius 1000srs', 1)"
"('circular substrate', 1)"
"('kernel method', 1)"
"('au nanoarray', 1)"
"('formula mechanism', 1)"
"('lung mri', 1)"
"('hexagonal cell', 1)"
"('lcmv algorithm', 1)"
"('chlorophorus caragana', 1)"
"('lower salinity', 1)"
"('antennary gland', 1)"
"('nonreciprocal radiation', 1)"
"('noise generation', 1)"
"('overlaid network', 1)"
"('grand canal', 1)"
"('jinsha ruin', 1)"
"('polarized microscope', 1)"
"('calibration length', 1)"
"('touch probe', 1)"
"('metal wire', 1)"
"('optimum coupling', 1)"
"('maximum range', 1)"
"('maximum endurance', 1)"
"('peat depth', 1)"
"('tectonic geomorphology', 1)"
"('expurgated exponent', 1)"
"('blanketing jamming', 1)"
"('interplanetary internet', 1)"
"('balanced condition', 1)"
"('radiocommunication station', 1)"
"('navy ship', 1)"
"('primary radiator', 1)"
"('attached cable', 1)"
"('spent fuel', 1)"
"('homogenization theory', 1)"
"('bga package', 1)"
"('partitioning algorithm', 1)"
"('forbidden graph', 1)"
"('270 ghz', 1)"
"('energy accumulation', 1)"
"('printed transition', 1)"
"('neutralization technique', 1)"
"('reconfigurable architecture', 1)"
"('carotid artery', 1)"
"('wimax system', 1)"
"('air sparging', 1)"
"('animal identification', 1)"
"('alternate transmission', 1)"
"('antenna hopping', 1)"
"('butanedioic acid', 1)"
"('metal ring', 1)"
"('resonant condition', 1)"
"('metal tag', 1)"
"('tapered shape', 1)"
"('decigo pathfinder', 1)"
"('cooperative scheduling', 1)"
"('gpr modelling', 1)"
"('western desert', 1)"
"('comb building', 1)"
"('spinolai complex', 1)"
"('ink deposition', 1)"
"('probe corotation', 1)"
"('sideslip angle', 1)"
"('galois field', 1)"
"('surface admittance', 1)"
"('rice straw', 1)"
"('epidermal gland', 1)"
"('fiber grating', 1)"
"('scalable system', 1)"
"('polarimetric entropy', 1)"
"('differential feed', 1)"
"('sonodynamic therapy', 1)"
"('strongly connected', 1)"
"('similarity coefficient', 1)"
"('fractal set', 1)"
"('opportunistic routing', 1)"
"('fractal stub', 1)"
"('channel extension', 1)"
"('broadband hybrid', 1)"
"('toa estimation', 1)"
"('bismuth titanate', 1)"
"('traffic theory', 1)"
"('constellation diagram', 1)"
"('noise forwarding', 1)"
"('mutillid wasp', 1)"
"('performance metric', 1)"
"('paralind model', 1)"
"('metabranchipus rubra', 1)"
"('metabranchipus prodigiosus', 1)"
"('sensory input', 1)"
"('agonistic interaction', 1)"
"('tunnel detection', 1)"
"('predation mechanism', 1)"
"('navstar gps', 1)"
"('dimensional change', 1)"
"('corrosive damage', 1)"
"('set partitioning', 1)"
"('convex analysis', 1)"
"('local correction', 1)"
"('field research', 1)"
"('nested structure', 1)"
"('balanced microstripline', 1)"
"('bottleneck link', 1)"
"('southwestern atlantic', 1)"
"('libinia gibbosa', 1)"
"('prior information', 1)"
"('temperature microsensor', 1)"
"('prosopis cineraria', 1)"
"('azimuth weighting', 1)"
"('metallic item', 1)"
"('optoelectronic mixer', 1)"
"('eigenvalue statistic', 1)"
"('boltonidris mirabilis', 1)"
"('medical device', 1)"
"('sommerfeld formulation', 1)"
"('macro modeling', 1)"
"('correlation interferometer', 1)"
"('wireless power', 1)"
"('tip reflection', 1)"
"('temporal leakage', 1)"
"('phoebe oil', 1)"
"('manuka oil', 1)"
"('wakeup radio', 1)"
"('azimuth mark', 1)"
"('kallitaxila granulata', 1)"
"('dasylepida ishigakiensis', 1)"
"('membrane topology', 1)"
"('lygus hesperus', 1)"
"('hybrid diversity', 1)"
"('dual wideband', 1)"
"('parametric transmission', 1)"
"('parametric efficiency', 1)"
"('developmental stability', 1)"
"('burden surface', 1)"
"('relay antenna', 1)"
"('semiconductor diode', 1)"
"('backhaul delay', 1)"
"('vanadium case', 1)"
"('slowly converted', 1)"
"('mildly exothermic', 1)"
"('isotopic scrambling', 1)"
"('hydration shell', 1)"
"('hdo formation', 1)"
"('coastal wave', 1)"
"('piezoelectric antenna', 1)"
"('fractional domain', 1)"
"('superior mode', 1)"
"('illumination function', 1)"
"('electrospray deposition', 1)"
"('decoding matrix', 1)"
"('lateral spreading', 1)"
"('darfield earthquake', 1)"
"('interference localization', 1)"
"('water vaporisation', 1)"
"('negative luminescence', 1)"
"('interference effect', 1)"
"('suspended substrate', 1)"
"('nlos identification', 1)"
"('pilot symbol', 1)"
"('sugar feeding', 1)"
"('sensing window', 1)"
"('doppler radiometer', 1)"
"('coastal salinity', 1)"
"('ground stub', 1)"
"('noise level', 1)"
"('spherical electrode', 1)"
"('decentralized control', 1)"
"('relaying technology', 1)"
"('microtripus tinggiensis', 1)"
"('absolute configuration', 1)"
"('magnetic loss', 1)"
"('truncated ground', 1)"
"('reference problem', 1)"
"('adaptive interpolation', 1)"
"('sweet pepper', 1)"
"('leaf development', 1)"
"('type ii', 1)"
"('energetic connectivity', 1)"
"('signal peptide', 1)"
"('female survival', 1)"
"('solenopsis richteri', 1)"
"('propyl octadecanoate', 1)"
"('effervescent tablet', 1)"
"('cooperative relay', 1)"
"('shear core', 1)"
"('outrigger system', 1)"
"('framed tube', 1)"
"('belt truss', 1)"
"('scattering center', 1)"
"('superior protocerebrum', 1)"
"('protocerebral neuron', 1)"
"('lateral protocerebrum', 1)"
"('safety evaluation', 1)"
"('photomixer source', 1)"
"('theranostic imaging', 1)"
"('keyhole effect', 1)"
"('multichannel beamforming', 1)"
"('loss effect', 1)"
"('niwot ridge', 1)"
"('tactile localization', 1)"
"('coenobita clypeatus', 1)"
"('upconversion luminescence', 1)"
"('ranging error', 1)"
"('image mismatching', 1)"
"('diode doubler', 1)"
"('food freshness', 1)"
"('steel bridge', 1)"
"('spatiotemporal correlation', 1)"
"('hydroacoustic waveguide', 1)"
"('dynamic node', 1)"
"('metathoracic gland', 1)"
"('thymus magnus', 1)"
"('penning gas', 1)"
"('lifetime improvement', 1)"
"('harmonic cavity', 1)"
"('thermal exposure', 1)"
"('silver nanopowder', 1)"
"('conformational relaxation', 1)"
"('gasterophilus nigricornis', 1)"
"('piezoelectric substrate', 1)"
"('nonuniform substrate', 1)"
"('polyvinyl chloride', 1)"
"('heating facility', 1)"
"('impedance variator', 1)"
"('enhanced transmission', 1)"
"('ce method', 1)"
"('polarizing radome', 1)"
"('silicon nanowire', 1)"
"('algebraic independence', 1)"
"('process identification', 1)"
"('evaluated based', 1)"
"('carbohydrate microarray', 1)"
"('biofilm formation', 1)"
"('based one', 1)"
"('based core', 1)"
"('lithium ferrite', 1)"
"('emulsification performance', 1)"
"('potiicoara brasiliensis', 1)"
"('ultrafast formation', 1)"
"('spirilloxanthin bound', 1)"
"('protein complex', 1)"
"('femtosecond pump', 1)"
"('either spirilloxanthin', 1)"
"('anomalous reaction', 1)"
"('elliptical polarization', 1)"
"('ensemble averaging', 1)"
"('shorting stub', 1)"
"('embedded capacitor', 1)"
"('slope instability', 1)"
"('pheromone evolution', 1)"
"('olfactory organ', 1)"
"('thasus acutangulus', 1)"
"('riptortus pedestris', 1)"
"('euschistus biformis', 1)"
"('ionic stress', 1)"
"('cognitive user', 1)"
"('olfactory memory', 1)"
"('microwave radiation', 1)"
"('sparse constraint', 1)"
"('corneous sensilla', 1)"
"('thoracic ganglion', 1)"
"('psii thermostability', 1)"
"('ultrawideband system', 1)"
"('male attraction', 1)"
"('synchronized potential', 1)"
"('optical imaging', 1)"
"('polystyrene maleimide', 1)"
"('reconfigurable filter', 1)"
"('biasing line', 1)"
"('soft information', 1)"
"('fractional derivative', 1)"
"('lattice theory', 1)"
"('mechanical durability', 1)"
"('human interaction', 1)"
"('hyperboloid mirror', 1)"
"('beam magnification', 1)"
"('compression technique', 1)"
"('triangular metamaterials', 1)"
"('ellipse slot', 1)"
"('directional beam', 1)"
"('tracking loop', 1)"
"('block processing', 1)"
"('lectin array', 1)"
"('tabu list', 1)"
"('emi sensor', 1)"
"('ablation zone', 1)"
"('blowing snow', 1)"
"('updated psi', 1)"
"('substantially unaffected', 1)"
"('state ii', 1)"
"('stable psi', 1)"
"('sizable increase', 1)"
"('purification problem', 1)"
"('photochemical conversion', 1)"
"('major light', 1)"
"('mainly due', 1)"
"('lhcii may', 1)"
"('lhcii interact', 1)"
"('intimate part', 1)"
"('plane reflector', 1)"
"('scalable video', 1)"
"('phthia picta', 1)"
"('binding affinity', 1)"
"('late glacial', 1)"
"('evarcha culicivora', 1)"
"('dielectric simulator', 1)"
"('antenna protection', 1)"
"('site fidelity', 1)"
"('stroop effect', 1)"
"('mental stress', 1)"
"('human skin', 1)"
"('transcriptional specificity', 1)"
"('elekef motif', 1)"
"('centropomus undecimalis', 1)"
"('antenna footprint', 1)"
"('inlay tag', 1)"
"('peppermint oil', 1)"
"('signal termination', 1)"
"('passive rfid', 1)"
"('social interaction', 1)"
"('antennal contact', 1)"
"('lauxania cylindricornis', 1)"
"('calliopum aeneum', 1)"
"('poynting vector', 1)"
"('bit concatenation', 1)"
"('gold nanoantennas', 1)"
"('limb lengthening', 1)"
"('light microscopy', 1)"
"('logarithmic kernel', 1)"
"('rotated patch', 1)"
"('immitance approach', 1)"
"('switching speed', 1)"
"('reduced size', 1)"
"('north india', 1)"
"('wall interference', 1)"
"('hydrophobicity evaluation', 1)"
"('measurement efficiency', 1)"
"('homogeneous medium', 1)"
"('xylosandrus germanus', 1)"
"('ambrosia beetle', 1)"
"('throughput analysis', 1)"
"('beam reconfiguration', 1)"
"('nonlinear quantization', 1)"
"('intact cell', 1)"
"('subcutaneous array', 1)"
"('configural stimulus', 1)"
"('stogryn equation', 1)"
"('parametric approach', 1)"
"('exposure modelling', 1)"
"('target dimension', 1)"
"('vacuum filtration', 1)"
"('outburst flood', 1)"
"('visual system', 1)"
"('smart clothes', 1)"
"('electromagnetic solver', 1)"
"('scotia arc', 1)"
"('semianalytical solution', 1)"
"('corneal lens', 1)"
"('sulu sea', 1)"
"('phy security', 1)"
"('diffraction output', 1)"
"('mud bank', 1)"
"('wireless powering', 1)"
"('pixel antenna', 1)"
"('fast solver', 1)"
"('rectification algorithm', 1)"
"('metamaterial antenna', 1)"
"('radio microwave', 1)"
"('material asymmetry', 1)"
"('frozen mode', 1)"
"('loop structure', 1)"
"('coding advantage', 1)"
"('snapping shrimp', 1)"
"('alpheus heterochaelis', 1)"
"('alpheus angulosus', 1)"
"('antennular suture', 1)"
"('gaussian randomization', 1)"
"('coordinated transmission', 1)"
"('behavioral evolution', 1)"
"('nicotiana tabacum', 1)"
"('increased abundance', 1)"
"('synthetic muscle', 1)"
"('pollinator attraction', 1)"
"('additional patch', 1)"
"('ook transmitter', 1)"
"('cdr receiver', 1)"
"('theatre chair', 1)"
"('tunnel communication', 1)"
"('pigment antenna', 1)"
"('automatic scaling', 1)"
"('random fluctuation', 1)"
"('field statistic', 1)"
"('antenna detector', 1)"
"('ultrathin absorber', 1)"
"('frequency doubler', 1)"
"('novel configuration', 1)"
"('distance sensor', 1)"
"('distance error', 1)"
"('visible characteristic', 1)"
"('biodegradable polyester', 1)"
"('human shadowing', 1)"
"('metal nanoparticles', 1)"
"('em analysis', 1)"
"('data link', 1)"
"('traffic trunking', 1)"
"('ultrawideband array', 1)"
"('coroebus florentinus', 1)"
"('d2 protein', 1)"
"('fluidic capacitor', 1)"
"('hamiltonian quaternion', 1)"
"('turning behavior', 1)"
"('timoshenko beam', 1)"
"('monotonic optimization', 1)"
"('adaptive mqam', 1)"
"('tunable antenna', 1)"
"('lasota hill', 1)"
"('spin axis', 1)"
"('working face', 1)"
"('monitoring technique', 1)"
"('emr energy', 1)"
"('dissipated energy', 1)"
"('performance optimization', 1)"
"('spectral absorption', 1)"
"('mediterranean region', 1)"
"('cantor set', 1)"
"('bos taurus', 1)"
"('statistical mechanic', 1)"
"('loaded dipole', 1)"
"('gps rtk', 1)"
"('ammonium bicarbonate', 1)"
"('soft estimate', 1)"
"('crlh tl', 1)"
"('fusion protein', 1)"
"('core complex', 1)"
"('optical homogeneity', 1)"
"('discoid germiling', 1)"
"('steering antenna', 1)"
"('quantum beat', 1)"
"('anisotropic vacuum', 1)"
"('system temperature', 1)"
"('atom interferometry', 1)"
"('snr exponent', 1)"
"('smart shelf', 1)"
"('initial synchronisation', 1)"
"('gsm 900', 1)"
"('interference canceling', 1)"
"('temperature curve', 1)"
"('mimo coding', 1)"
"('copper ink', 1)"
"('phase symmetry', 1)"
"('supramolecular nanoparticles', 1)"
"('static disorder', 1)"
"('dynamic disorder', 1)"
"('presynaptic inhibition', 1)"
"('odor discriminability', 1)"
"('rotating environment', 1)"
"('compound speckle', 1)"
"('measurement procedure', 1)"
"('flexible display', 1)"
"('morphological character', 1)"
"('maximum emission', 1)"
"('phone antenna', 1)"
"('antenna cube', 1)"
"('pilot arrangement', 1)"
"('hyperbolic equation', 1)"
"('passive inductor', 1)"
"('lateral lobe', 1)"
"('iq mixer', 1)"
"('west pacific', 1)"
"('metaprotella sandalensis', 1)"
"('lifou island', 1)"
"('pulse overlap', 1)"
"('signal environment', 1)"
"('multipath simulator', 1)"
"('successive projection', 1)"
"('mobile channel', 1)"
"('outage diversity', 1)"
"('multibit feedback', 1)"
"('cd source', 1)"
"('algebraic reduction', 1)"
"('multigene family', 1)"
"('sar assessment', 1)"
"('lh1 antenna', 1)"
"('paraffin wax', 1)"
"('rectangular ring', 1)"
"('displacement law', 1)"
"('apparent resistivity', 1)"
"('apparent permittivity', 1)"
"('feasible direction', 1)"
"('array processor', 1)"
"('chopper stabilization', 1)"
"('indoor plant', 1)"
"('elitism rate', 1)"
"('electromagnetic disturbance', 1)"
"('chausey archipelago', 1)"
"('static analysis', 1)"
"('indoor locating', 1)"
"('northern pacific', 1)"
"('risk sport', 1)"
"('gender classification', 1)"
"('dimension theory', 1)"
"('planar capacitor', 1)"
"('yellow river', 1)"
"('ice condition', 1)"
"('optimal sizing', 1)"
"('dummy symbol', 1)"
"('glacier change', 1)"
"('parasitic antenna', 1)"
"('taxidea taxus', 1)"
"('bias line', 1)"
"('karaca cavern', 1)"
"('solar array', 1)"
"('process tolerance', 1)"
"('broadcast antenna', 1)"
"('echo canceller', 1)"
"('blackbody target', 1)"
"('heat sink', 1)"
"('divaƒça cave', 1)"
"('buried structure', 1)"
"('brownian motion', 1)"
"('feeding circuit', 1)"
"('residual forest', 1)"
"('polish notation', 1)"
"('edaphic parameter', 1)"
"('baseline calibration', 1)"
"('airborne internet', 1)"
"('green chemistry', 1)"
"('forced resonance', 1)"
"('parasite strip', 1)"
"('prosopis juliflora', 1)"
"('bioaccumulation factor', 1)"
"('georadar device', 1)"
"('gating technique', 1)"
"('graded emitter', 1)"
"('incremental current', 1)"
"('constant voltage', 1)"
"('measuring distance', 1)"
"('spheroidal coupler', 1)"
"('subjective symptom', 1)"
"('primer vector', 1)"
"('ballistic capture', 1)"
"('2d array', 1)"
"('silver nanoflakes', 1)"
"('nanjanagud taluk', 1)"
"('surface metrology', 1)"
"('early termination', 1)"
"('gts allocation', 1)"
"('creatine kinase', 1)"
"('lossy antenna', 1)"
"('packing problem', 1)"
"('crack orientation', 1)"
"('onsite measurement', 1)"
"('surge arrester', 1)"
"('overhead line', 1)"
"('induced overvoltage', 1)"
"('omnidirectional imaging', 1)"
"('debye model', 1)"
"('correction model', 1)"
"('space mapping', 1)"
"('microphonic antenna', 1)"
"('spearmint oil', 1)"
"('lycorma delicatula', 1)"
"('debye length', 1)"
"('coil embolization', 1)"
"('multihop relaying', 1)"
"('mean feedback', 1)"
"('fluorescence measurement', 1)"
"('silica glass', 1)"
"('syzygium jambolanum', 1)"
"('multidimensional scaling', 1)"
"('sectorised antenna', 1)"
"('microwave heater', 1)"
"('minority heating', 1)"
"('magnetic configuration', 1)"
"('phormidium foveolarum', 1)"
"('nostoc muscorum', 1)"
"('motor control', 1)"
"('sensory patch', 1)"
"('ferranti effect', 1)"
"('nonlinear metamaterials', 1)"
"('subwavelength cavity', 1)"
"('conventional point', 1)"
"('wireless technology', 1)"
"('cigarette pack', 1)"
"('lightning stroke', 1)"
"('grounding system', 1)"
"('self organization', 1)"
"('scheduling profit', 1)"
"('dynamic connectivity', 1)"
"('class ab', 1)"
"('field mapping', 1)"
"('cochlear implantation', 1)"
"('metal stamping', 1)"
"('multilayer dra', 1)"
"('pairwise interaction', 1)"
"('large dimension', 1)"
"('graphical model', 1)"
"('orthogonal stc', 1)"
"('node cooperation', 1)"
"('heterodyne efficiency', 1)"
"('antenna ground', 1)"
"('frequency multiplier', 1)"
"('lavender oil', 1)"
"('weight factor', 1)"
"('horse fly', 1)"
"('electromagnetic response', 1)"
"('visual landmark', 1)"
"('cigarette carton', 1)"
"('phosphine oxide', 1)"
"('zero gravity', 1)"
"('porcelain insulator', 1)"
"('high voltage', 1)"
"('outage behavior', 1)"
"('wimax standard', 1)"
"('matrix c', 1)"
"('isopropyl hexanoate', 1)"
"('channel error', 1)"
"('eigenspace algorithm', 1)"
"('rf coordinator', 1)"
"('polarization mismatch', 1)"
"('active dipole', 1)"
"('usb connector', 1)"
"('resonant antenna', 1)"
"('subwavelength array', 1)"
"('developmental abnormality', 1)"
"('microwave reactor', 1)"
"('vascular access', 1)"
"('effective parameter', 1)"
"('cinnamic acid', 1)"
"('superposition technique', 1)"
"('vitis vinifera', 1)"
"('symmetric loading', 1)"
"('asymmetric loading', 1)"
"('microperforated panel', 1)"
"('returning current', 1)"
"('reed switch', 1)"
"('hevea latex', 1)"
"('hf radar', 1)"
"('shibata shift', 1)"
"('chill stress', 1)"
"('inhomogeneous plasma', 1)"
"('pattern equalization', 1)"
"('heaviside condition', 1)"
"('cotesia marginiventris', 1)"
"('obra river', 1)"
"('alluvial deposit', 1)"
"('silicon grid', 1)"
"('thz intensity', 1)"
"('heavy oil', 1)"
"('retention efficiency', 1)"
"('grazing impact', 1)"
"('clearance rate', 1)"
"('outdated feedback', 1)"
"('molecular self', 1)"
"('molecular length', 1)"
"('fullerene conjugate', 1)"
"('ethylene glycolated', 1)"
"('enhance photoresponse', 1)"
"('c60 cage', 1)"
"('amphiphilic oligo', 1)"
"('absorption characteristic', 1)"
"('complex phenomenon', 1)"
"('brain material', 1)"
"('early cretaceous', 1)"
"('sensing device', 1)"
"('oleanolic acid', 1)"
"('subradiant mode', 1)"
"('lamp impedance', 1)"
"('shaped cmas', 1)"
"('egg tooth', 1)"
"('distillate hydrotreating', 1)"
"('aromatic inhibition', 1)"
"('subunit interaction', 1)"
"('ipomoea batatas', 1)"
"('scattering coefficient', 1)"
"('aechmophorus occidentalis', 1)"
"('compensation network', 1)"
"('slot voltage', 1)"
"('hydrogen bond', 1)"
"('common information', 1)"
"('power offset', 1)"
"('callinectes sapidus', 1)"
"('distortion exponent', 1)"
"('bavarian alp', 1)"
"('fungal odor', 1)"
"('compound material', 1)"
"('interplanetary cmes', 1)"
"('notodiaptomus spiniger', 1)"
"('filtering rate', 1)"
"('colacium vesiculosum', 1)"
"('fractal shape', 1)"
"('fading depth', 1)"
"('upupicola upupae', 1)"
"('computer modeling', 1)"
"('slot length', 1)"
"('sustainable development', 1)"
"('space litter', 1)"
"('radiator patch', 1)"
"('radiation rate', 1)"
"('dielectric cylinder', 1)"
"('low permittivity', 1)"
"('measured result', 1)"
"('computational result', 1)"
"('orthogonal procrustes', 1)"
"('rectangular cut', 1)"
"('scaptotrigona mexicana', 1)"
"('rumex acetosa', 1)"
"('lolium perenne', 1)"
"('dactylis glomerata', 1)"
"('ordinary kriging', 1)"
"('stopover ecology', 1)"
"('linear complexity', 1)"
"('error control', 1)"
"('low jitter', 1)"
"('gas mixture', 1)"
"('ofcdm system', 1)"
"('virtual user', 1)"
"('iterative scheme', 1)"
"('antenna cooperation', 1)"
"('throughput scaling', 1)"
"('mode coupler', 1)"
"('synthetic islr', 1)"
"('body sar', 1)"
"('trimesic acid', 1)"
"('semidefinite program', 1)"
"('maxillary galea', 1)"
"('quantum device', 1)"
"('color atlas', 1)"
"('tomato lectin', 1)"
"('morphometric measurement', 1)"
"('nonlinear optic', 1)"
"('normal transducer', 1)"
"('incomplete focusing', 1)"
"('experimental study', 1)"
"('ending placement', 1)"
"('harmonic beam', 1)"
"('em architecture', 1)"
"('escape behaviour', 1)"
"('aluminum stress', 1)"
"('fushi tarazu', 1)"
"('matlab toolbox', 1)"
"('optical disdrometers', 1)"
"('atom interferometer', 1)"
"('liver tissue', 1)"
"('rotating beam', 1)"
"('cross operation', 1)"
"('timing function', 1)"
"('partial erasure', 1)"
"('model updating', 1)"
"('heat damage', 1)"
"('redesignated bcic', 1)"
"('potential mechanism', 1)"
"('methylcarboxyl moiety', 1)"
"('methylcarboxyl group', 1)"
"('major chlorophyll', 1)"
"('good candidate', 1)"
"('chlorophototrophic organism', 1)"
"('biochemical reaction', 1)"
"('secret speed', 1)"
"('navel orangeworm', 1)"
"('satellite measurement', 1)"
"('confocal imaging', 1)"
"('emission polarization', 1)"
"('cell bonding', 1)"
"('geometry invariance', 1)"
"('mimo network', 1)"
"('radix scrophulariae', 1)"
"('membrane structure', 1)"
"('explosive emission', 1)"
"('olfactory glomerulus', 1)"
"('bistatic polarimetry', 1)"
"('human phantom', 1)"
"('cooperative mimo', 1)"
"('pairing problem', 1)"
"('closed space', 1)"
"('muscle cube', 1)"
"('sensory ecology', 1)"
"('radar calibration', 1)"
"('allium sativum', 1)"
"('compact feed', 1)"
"('tropospheric refraction', 1)"
"('equivalent source', 1)"
"('partition coefficient', 1)"
"('balanced output', 1)"
"('angle selectivity', 1)"
"('differential operator', 1)"
"('independent position', 1)"
"('persea americana', 1)"
"('response delay', 1)"
"('cooperative prediction', 1)"
"('source cooperation', 1)"
"('hepatic hilum', 1)"
"('bombus terrestris', 1)"
"('antirrhinum majus', 1)"
"('cors technique', 1)"
"('ac conductivity', 1)"
"('mimo receiver', 1)"
"('butler labyrinth', 1)"
"('measured response', 1)"
"('domain solver', 1)"
"('author demonstrate', 1)"
"('author compare', 1)"
"('64 qam', 1)"
"('16 qam', 1)"
"('environmental influence', 1)"
"('photoluminescence spectroscopy', 1)"
"('partial obstruction', 1)"
"('rolled arm', 1)"
"('fenneropenaeus chinensis', 1)"
"('mountain wave', 1)"
"('precipitation radar', 1)"
"('controlled elitism', 1)"
"('habitat selection', 1)"
"('truncated arq', 1)"
"('impulse excitation', 1)"
"('optimal ordering', 1)"
"('edge soc', 1)"
"('estimation performance', 1)"
"('glycosylation analysis', 1)"
"('autoidentification technology', 1)"
"('7 tesla', 1)"
"('gpr method', 1)"
"('alginic acid', 1)"
"('waveguide slot', 1)"
"('critical coupling', 1)"
"('epsilon negative', 1)"
"('stacked arrangement', 1)"
"('significant csi', 1)"
"('pointing control', 1)"
"('free convection', 1)"
"('acapulco bay', 1)"
"('conformal printing', 1)"
"('shortjaw kokopu', 1)"
"('redfin bully', 1)"
"('detection rate', 1)"
"('zinc particle', 1)"
"('frequency selective', 1)"
"('inductive link', 1)"
"('radioactive material', 1)"
"('user perception', 1)"
"('pad printing', 1)"
"('beamspace domain', 1)"
"('missed detection', 1)"
"('false detection', 1)"
"('chlorina 3613', 1)"
"('mandibular mechanism', 1)"
"('human arm', 1)"
"('articular cartilage', 1)"
"('shared channel', 1)"
"('simp method', 1)"
"('77 ghz', 1)"
"('double step', 1)"
"('multiannular antenna', 1)"
"('endwall coupler', 1)"
"('impact excitation', 1)"
"('common octopus', 1)"
"('computational effort', 1)"
"('sphere detection', 1)"
"('soil depth', 1)"
"('220 ghz', 1)"
"('rf fingerprint', 1)"
"('crack sensor', 1)"
"('colluding eavesdropper', 1)"
"('zigzag antenna', 1)"
"('gromphadorhina portentosa', 1)"
"('educational research', 1)"
"('digital dll', 1)"
"('wireless switch', 1)"
"('inner pressure', 1)"
"('interfacial delamination', 1)"
"('great plain', 1)"
"('infrared detector', 1)"
"('basement fault', 1)"
"('intrinsic variability', 1)"
"('frequency metrology', 1)"
"('frequency comb', 1)"
"('cell zooming', 1)"
"('node placement', 1)"
"('thermobia domestica', 1)"
"('caudal flament', 1)"
"('new mapping', 1)"
"('fire history', 1)"
"('gravitational lens', 1)"
"('riparia riparia', 1)"
"('hirundo rustica', 1)"
"('delichon urbicum', 1)"
"('altered habitat', 1)"
"('topology management', 1)"
"('transceiver module', 1)"
"('embedded pcb', 1)"
"('thematic map', 1)"
"('anthracenic spacer', 1)"
"('abrupt transition', 1)"
"('porcine spleen', 1)"
"('wireless fidelity', 1)"
"('simulated result', 1)"
"('layer antenna', 1)"
"('great agreement', 1)"
"('compact dimension', 1)"
"('available metal', 1)"
"('thermal loss', 1)"
"('path visibility', 1)"
"('network control', 1)"
"('consensus control', 1)"
"('active sensing', 1)"
"('phytophthora ramorum', 1)"
"('phytophthora gonapodyides', 1)"
"('discrete constellation', 1)"
"('desired signal', 1)"
"('sequential array', 1)"
"('body volatile', 1)"
"('switching circuit', 1)"
"('lamiaceae family', 1)"
"('noise enhancement', 1)"
"('frass analysis', 1)"
"('successive detection', 1)"
"('virtual drive', 1)"
"('procyanidin b2', 1)"
"('integrated framework', 1)"
"('combination sounding', 1)"
"('envelope protection', 1)"
"('directivity characteristic', 1)"
"('polar partitioning', 1)"
"('rfid bookshelf', 1)"
"('local monitoring', 1)"
"('ultrasonic cavitation', 1)"
"('tidal current', 1)"
"('tidal channel', 1)"
"('optitrack system', 1)"
"('carotenoid binding', 1)"
"('shape slot', 1)"
"('neuropeptide neuron', 1)"
"('mast cell', 1)"
"('central america', 1)"
"('frame structure', 1)"
"('multi channel', 1)"
"('pulse radar', 1)"
"('frame frequency', 1)"
"('wireless unit', 1)"
"('onboard system', 1)"
"('combining technique', 1)"
"('fluorinated ligand', 1)"
"('local exposure', 1)"
"('lining thickness', 1)"
"('discriminator detection', 1)"
"('shock wave', 1)"
"('safety system', 1)"
"('optical data', 1)"
"('tunable inductor', 1)"
"('arginine methylation', 1)"
"('ion transport', 1)"
"('microwave circuit', 1)"
"('livestock manure', 1)"
"('minor constituent', 1)"
"('sex discrimination', 1)"
"('myoarterial formation', 1)"
"('patch filter', 1)"
"('gain penalty', 1)"
"('temporal encoding', 1)"
"('active control', 1)"
"('control volume', 1)"
"('capacitor frame', 1)"
"('mucous cell', 1)"
"('vaccinium uliginosum', 1)"
"('salix arctica', 1)"
"('headspace volatile', 1)"
"('threshold aperture', 1)"
"('fading rate', 1)"
"('rank criterion', 1)"
"('quaternion algebra', 1)"
"('genie condition', 1)"
"('chip capacitor', 1)"
"('wider bandwidth', 1)"
"('smaller size', 1)"
"('magnetic flux', 1)"
"('wide slot', 1)"
"('hop model', 1)"
"('space distribution', 1)"
"('meteorological object', 1)"
"('retransmitter meter', 1)"
"('caryocar brasiliense', 1)"
"('pegging algorithm', 1)"
"('toroidal spectrum', 1)"
"('cavity mode', 1)"
"('relaying protocol', 1)"
"('hansenwoodyard condition', 1)"
"('multifrequency antenna', 1)"
"('partial information', 1)"
"('sierpinski monopole', 1)"
"('flat reflector', 1)"
"('fragilariopsis cylindrus', 1)"
"('sidelobe control', 1)"
"('node selection', 1)"
"('spectral doppler', 1)"
"('monopole source', 1)"
"('convergent rate', 1)"
"('te bolometer', 1)"
"('laplace equation', 1)"
"('perfect array', 1)"
"('seismic precursor', 1)"
"('embedded vias', 1)"
"('sintering flux', 1)"
"('cryptic speciation', 1)"
"('sacred mountain', 1)"
"('impression management', 1)"
"('analog nanophotonics', 1)"
"('meander structure', 1)"
"('trapezoidal patch', 1)"
"('frequency switching', 1)"
"('rhodnius ecuadoriensis', 1)"
"('chassis wavemodes', 1)"
"('charge voltage', 1)"
"('approach speed', 1)"
"('thickness measurement', 1)"
"('concrete pavement', 1)"
"('northeastern china', 1)"
"('safety limit', 1)"
"('equivalent network', 1)"
"('olfactory cue', 1)"
"('untilted slot', 1)"
"('metamaterial resonator', 1)"
"('rheological property', 1)"
"('composite dispersion', 1)"
"('axonal targeting', 1)"
"('grassmannian packing', 1)"
"('localization technique', 1)"
"('golay code', 1)"
"('binomial distribution', 1)"
"('adhesion energy', 1)"
"('traditional management', 1)"
"('dielectric embedding', 1)"
"('utility function', 1)"
"('multiantenna transmission', 1)"
"('selfish node', 1)"
"('uwb receiver', 1)"
"('constellation size', 1)"
"('unified expression', 1)"
"('asymmetrical dipole', 1)"
"('pulse reshaping', 1)"
"('athermalizing performance', 1)"
"('plasmonic coupling', 1)"
"('clinical study', 1)"
"('flow insulation', 1)"
"('enzyme coating', 1)"
"('concavity sleeve', 1)"
"('capacity load', 1)"
"('capacitive feed', 1)"
"('reliability performance', 1)"
"('drug storage', 1)"
"('samarium ion', 1)"
"('electron beam', 1)"
"('electrostatic potential', 1)"
"('dielectric cone', 1)"
"('glacier depth', 1)"
"('satellite positioning', 1)"
"('weighted fairness', 1)"
"('digital combining', 1)"
"('antenna tuning', 1)"
"('expected improvement', 1)"
"('intensity fluctuation', 1)"
"('yucca elephantipes', 1)"
"('bagnalliella yuccae', 1)"
"('gittins index', 1)"
"('cognitive engine', 1)"
"('conditionally gaussian', 1)"
"('blood feeding', 1)"
"('cross loop', 1)"
"('distal antenna', 1)"
"('trans zop', 1)"
"('trans mog', 1)"
"('service strength', 1)"
"('stair ila', 1)"
"('direct modulation', 1)"
"('wiggly line', 1)"
"('fi method', 1)"
"('mallodon dasystomus', 1)"
"('remote controller', 1)"
"('engineering commissioning', 1)"
"('independent decoding', 1)"
"('multiuser transmission', 1)"
"('regularization technique', 1)"
"('gain factor', 1)"
"('driving system', 1)"
"('correlation scale', 1)"
"('fresnel reflector', 1)"
"('ceramic stereolithography', 1)"
"('cartesian coordinate', 1)"
"('axisymmetric coordinate', 1)"
"('aegorhinus superciliosus', 1)"
"('transposable element', 1)"
"('chortoicetes terminifera', 1)"
"('asymptotic solution', 1)"
"('optimal synthesis', 1)"
"('two organism', 1)"
"('two kind', 1)"
"('similar distribution', 1)"
"('shared light', 1)"
"('shallow sink', 1)"
"('severe retardation', 1)"
"('selective excitation', 1)"
"('peak wavelength', 1)"
"('overall light', 1)"
"('mainly contained', 1)"
"('harvesting pathway', 1)"
"('harvesting kinetics', 1)"
"('fluorescence dynamic', 1)"
"('effectively transferred', 1)"
"('diatom p', 1)"
"('corresponding counterpart', 1)"
"('associated spectrum', 1)"
"('spatial sampling', 1)"
"('nanostencil lithography', 1)"
"('cquior10', 1)"
"('arabian peninsula', 1)"
"('em theory', 1)"
"('air layer', 1)"
"('dielectric contrast', 1)"
"('utility region', 1)"
"('wideband slope', 1)"
"('moving receiver', 1)"
"('digital modulation', 1)"
"('integrated filter', 1)"
"('frequency multiplication', 1)"
"('generalized eigenvalue', 1)"
"('spherical integral', 1)"
"('dna fragmentation', 1)"
"('protective clothing', 1)"
"('efficient technique', 1)"
"('bifurcated antenna', 1)"
"('asphalt binder', 1)"
"('imaging method', 1)"
"('power attenuation', 1)"
"('female attractants', 1)"
"('amyelois transitella', 1)"
"('shallow stratigraphy', 1)"
"('penetrating radar', 1)"
"('paleochannel system', 1)"
"('paleochannel growth', 1)"
"('migration pathway', 1)"
"('interpreted fault', 1)"
"('hydrogeophysical zonation', 1)"
"('hydrogeophysical characterization', 1)"
"('geophysical technique', 1)"
"('contaminant plume', 1)"
"('surface adjustment', 1)"
"('electromechanical coupling', 1)"
"('compression method', 1)"
"('otoacariasis case', 1)"
"('home range', 1)"
"('distribution map', 1)"
"('grouping algorithm', 1)"
"('lc transformer', 1)"
"('channel depolarization', 1)"
"('transparent cathode', 1)"
"('spectrum shaping', 1)"
"('testing equipment', 1)"
"('channel simulation', 1)"
"('polyurethane factory', 1)"
"('elliptical monopole', 1)"
"('teletskoye lake', 1)"
"('three feed', 1)"
"('qos scheduling', 1)"
"('poisson process', 1)"
"('human dynamic', 1)"
"('scattering noise', 1)"
"('fourcade glacier', 1)"
"('bragg structure', 1)"
"('vector transforms', 1)"
"('rf module', 1)"
"('array feed', 1)"
"('unascertained theory', 1)"
"('rotation joint', 1)"
"('ubiquitous computing', 1)"
"('millington effect', 1)"
"('doppler processing', 1)"
"('rusty bolt', 1)"
"('plasma printing', 1)"
"('amino group', 1)"
"('building material', 1)"
"('ghosting artifact', 1)"
"('cardiac ablation', 1)"
"('environment learning', 1)"
"('signal integrity', 1)"
"('cylindrical dra', 1)"
"('modulus conversion', 1)"
"('random matrix', 1)"
"('sensor interface', 1)"
"('sillago sihama', 1)"
"('combined analysis', 1)"
"('pulse inversion', 1)"
"('power modulation', 1)"
"('activating agent', 1)"
"('voltage dip', 1)"
"('weddell sea', 1)"
"('comb polymer', 1)"
"('connectivity checking', 1)"
"('gas holdup', 1)"
"('gold sequence', 1)"
"('radiation integral', 1)"
"('cosine distribution', 1)"
"('trajectory preprocessor', 1)"
"('mechanical tilting', 1)"
"('polarization agile', 1)"
"('cosine visibility', 1)"
"('cosine transform', 1)"
"('round corner', 1)"
"('relaying channel', 1)"
"('gray mapping', 1)"
"('histone kinase', 1)"
"('discharge cleaning', 1)"
"('pinhole channel', 1)"
"('banana moth', 1)"
"('hollow pier', 1)"
"('myllocerinus aurolineatus', 1)"
"('camellia sinensis', 1)"
"('cavity back', 1)"
"('songkhla lagoon', 1)"
"('fading simulator', 1)"
"('oviposition attractants', 1)"
"('lunar rover', 1)"
"('leuciscus leuciscus', 1)"
"('hybrid feed', 1)"
"('directional element', 1)"
"('directional beacon', 1)"
"('unitary beamforming', 1)"
"('subwavelength imaging', 1)"
"('hardware complexity', 1)"
"('soft feedback', 1)"
"('corner diffraction', 1)"
"('unscented transform', 1)"
"('secondary defense', 1)"
"('primary defense', 1)"
"('matlab code', 1)"
"('printed rectifier', 1)"
"('photon management', 1)"
"('house fly', 1)"
"('animal feces', 1)"
"('rf beamformer', 1)"
"('slot loading', 1)"
"('photon energy', 1)"
"('thermal aging', 1)"
"('gamma distribution', 1)"
"('composite fading', 1)"
"('cognitive beamforming', 1)"
"('microwave oscillator', 1)"
"('vlsi implementation', 1)"
"('component interaction', 1)"
"('spillover efficiency', 1)"
"('illumination efficiency', 1)"
"('speech distortion', 1)"
"('bandpass sampling', 1)"
"('topographic steering', 1)"
"('head vertex', 1)"
"('armorican shelf', 1)"
"('home gateway', 1)"
"('auxiliary vector', 1)"
"('mutation rate', 1)"
"('icnirp guideline', 1)"
"('lumped component', 1)"
"('code multiplexing', 1)"
"('vertical component', 1)"
"('multi frequency', 1)"
"('interstellar communication', 1)"
"('channa gachua', 1)"
"('ruthenium complex', 1)"
"('collaborative transmission', 1)"
"('clipping value', 1)"
"('macro diversity', 1)"
"('interactive key', 1)"
"('helical pin', 1)"
"('horizontal boreholes', 1)"
"('wave dispersion', 1)"
"('conduction current', 1)"
"('convenient synthesis', 1)"
"('shared criterion', 1)"
"('control law', 1)"
"('cotesia sesamiae', 1)"
"('r2r process', 1)"
"('ocellus development', 1)"
"('eye absent', 1)"
"('shape derivative', 1)"
"('sample function', 1)"
"('antenna cleaner', 1)"
"('radiation effect', 1)"
"('folded element', 1)"
"('shielding effect', 1)"
"('david system', 1)"
"('vehicle routing', 1)"
"('automation brittleness', 1)"
"('consideration factor', 1)"
"('active catheter', 1)"
"('developing process', 1)"
"('rib cage', 1)"
"('infrared camera', 1)"
"('transfer matrix', 1)"
"('navigation system', 1)"
"('customer equipment', 1)"
"('reception efficiency', 1)"
"('rotation invariance', 1)"
"('direct write', 1)"
"('power ramping', 1)"
"('overlay transmission', 1)"
"('laser ranging', 1)"
"('partial reconstruction', 1)"
"('loopless antenna', 1)"
"('interventional mri', 1)"
"('orbit design', 1)"
"('effective capacitance', 1)"
"('cell sectorization', 1)"
"('lateral neuroblast', 1)"
"('random network', 1)"
"('nolen matrix', 1)"
"('multiple description', 1)"
"('index assignment', 1)"
"('beach ridge', 1)"
"('coupling structure', 1)"
"('robustness margin', 1)"
"('valve hall', 1)"
"('decoding delay', 1)"
"('multistep ground', 1)"
"('multiloop structure', 1)"
"('aegla platensis', 1)"
"('utethesia ornatrix', 1)"
"('commercial pcbs', 1)"
"('agent orange', 1)"
"('haemolymph pressure', 1)"
"('antennal coiling', 1)"
"('cycle slip', 1)"
"('dihedral symmetry', 1)"
"('railroad ballast', 1)"
"('exponential distribution', 1)"
"('signal remodulation', 1)"
"('light responsiveness', 1)"
"('localized distortion', 1)"
"('wavefront aberration', 1)"
"('delta dose', 1)"
"('em dosimetry', 1)"
"('reduced matrix', 1)"
"('sectoral pattern', 1)"
"('radiation matrix', 1)"
"('link performance', 1)"
"('engineered superstrate', 1)"
"('rabigus tenuis', 1)"
"('fractal electrodynamics', 1)"
"('crisscross connection', 1)"
"('antenna viewer', 1)"
"('metamaterial substrate', 1)"
"('star antenna', 1)"
"('twisted line', 1)"
"('void discharge', 1)"
"('maxwell equation', 1)"
"('rate constraint', 1)"
"('quadrafilar antenna', 1)"
"('10 gbe', 1)"
"('relay placement', 1)"
"('antenna ligand', 1)"
"('clutter rejection', 1)"
"('nuclear safeguard', 1)"
"('low nonlinearity', 1)"
"('northern brazil', 1)"
"('molecular antenna', 1)"
"('pheromone polymorphism', 1)"
"('ligand binding', 1)"
"('tactile learning', 1)"
"('telecommunication subsystem', 1)"
"('inlay design', 1)"
"('advanced material', 1)"
"('crustal deformation', 1)"
"('lpda antenna', 1)"
"('precolumn derivatization', 1)"
"('nuclear cataract', 1)"
"('cohort study', 1)"
"('singular channel', 1)"
"('mode shape', 1)"
"('modal frequency', 1)"
"('combining gain', 1)"
"('triatoma brasiliensis', 1)"
"('contactless smartcard', 1)"
"('xylene spacer', 1)"
"('significant change', 1)"
"('matched well', 1)"
"('luiii helicate', 1)"
"('induced change', 1)"
"('dramatic change', 1)"
"('dimetallic helicates', 1)"
"('comparison purpose', 1)"
"('nurse shark', 1)"
"('drill bit', 1)"
"('inverted nipple', 1)"
"('neutron source', 1)"
"('natural uranium', 1)"
"('lmds network', 1)"
"('passive component', 1)"
"('hairpin rna', 1)"
"('norton wave', 1)"
"('geometric modeling', 1)"
"('lo leakage', 1)"
"('slot nanoantenna', 1)"
"('historic structure', 1)"
"('po plain', 1)"
"('ricean distribution', 1)"
"('stepped monopole', 1)"
"('ochlesis alii', 1)"
"('adjacent channel', 1)"
"('hpericum japomicum', 1)"
"('chromatographic fingerprint', 1)"
"('subarray beamforming', 1)"
"('mutual grazing', 1)"
"('startup performance', 1)"
"('fast algorithm', 1)"
"('group precoding', 1)"
"('speckle reduction', 1)"
"('heterogeneity measurement', 1)"
"('frontal appendage', 1)"
"('field cage', 1)"
"('global bathymetry', 1)"
"('stepped chirp', 1)"
"('ojip transient', 1)"
"('threshold filter', 1)"
"('steiner estimator', 1)"
"('wing development', 1)"
"('pupal ecdysis', 1)"
"('henosepilachna vigintioctopunctata', 1)"
"('steam plume', 1)"
"('plasma irregularity', 1)"
"('srake receiver', 1)"
"('saw sensor', 1)"
"('semicircle aperture', 1)"
"('composite antenna', 1)"
"('horn feed', 1)"
"('vertical ground', 1)"
"('solar simulator', 1)"
"('tabled resolution', 1)"
"('sld resolution', 1)"
"('dra resolution', 1)"
"('pyramidal frustum', 1)"
"('combining network', 1)"
"('state representation', 1)"
"('trifluoromethyl ketone', 1)"
"('brain organization', 1)"
"('supercritical fluid', 1)"
"('covariance precoding', 1)"
"('numerical complexity', 1)"
"('cost production', 1)"
"('quantized csi', 1)"
"('geometric program', 1)"
"('cuticular structure', 1)"
"('covariance structure', 1)"
"('ambystoma opacum', 1)"
"('frequency filtering', 1)"
"('antenna assignment', 1)"
"('opportunistic cooperation', 1)"
"('dimension expansion', 1)"
"('postseismic motion', 1)"
"('sea vessel', 1)"
"('antenna spacers', 1)"
"('range doubler', 1)"
"('genetic selection', 1)"
"('feather pecking', 1)"
"('triamidoamine complex', 1)"
"('electrophilicity index', 1)"
"('extreme transmission', 1)"
"('silver nanopaste', 1)"
"('antityrosinase activity', 1)"
"('hypothenemus hampei', 1)"
"('benzene combustion', 1)"
"('weighting variance', 1)"
"('reliability measurement', 1)"
"('diaphoromyrma sofiae', 1)"
"('spin state', 1)"
"('structural tolerance', 1)"
"('coded diversity', 1)"
"('modeling architecture', 1)"
"('uhf radar', 1)"
"('backscatter radio', 1)"
"('local electroporation', 1)"
"('edge illumination', 1)"
"('unmodeled acceleration', 1)"
"('lake kivu', 1)"
"('iterative detection', 1)"
"('laptop antenna', 1)"
"('housing effect', 1)"
"('hydroxyethyl disulfide', 1)"
"('galerkin discretization', 1)"
"('nicrophorus vespilloides', 1)"
"('crop cover', 1)"
"('bistatic sar', 1)"
"('death valley', 1)"
"('malonic acid', 1)"
"('soil preference', 1)"
"('dispersal ability', 1)"
"('real permittivity', 1)"
"('micaz mote', 1)"
"('aperture slot', 1)"
"('white sea', 1)"
"('barents sea', 1)"
"('somatotopic organization', 1)"
"('sensory afferent', 1)"
"('unbalanced mode', 1)"
"('unitary code', 1)"
"('sequential detection', 1)"
"('conventional detector', 1)"
"('anisolabis maritima', 1)"
"('rhopalomyia longicauda', 1)"
"('cotton fabric', 1)"
"('sensitized luminescence', 1)"
"('coordination environment', 1)"
"('similarity parameter', 1)"
"('rotation correlation', 1)"
"('optical polarimetry', 1)"
"('early universe', 1)"
"('dendritic structure', 1)"
"('aggregation state', 1)"
"('mixing rule', 1)"
"('binding specificity', 1)"
"('overlap function', 1)"
"('diffraction pattern', 1)"
"('antennal sensillae', 1)"
"('life detector', 1)"
"('vector quantization', 1)"
"('tag type', 1)"
"('gammarus zagrosensis', 1)"
"('thin slot', 1)"
"('differential detector', 1)"
"('nonidentical branch', 1)"
"('curved dipole', 1)"
"('download time', 1)"
"('ebg substrate', 1)"
"('odc activity', 1)"
"('stagger procedure', 1)"
"('interference canceler', 1)"
"('dynamic character', 1)"
"('disordered parameter', 1)"
"('outdoor pond', 1)"
"('bush equation', 1)"
"('trigger system', 1)"
"('intercoupling capacitance', 1)"
"('shallow water', 1)"
"('nuclear shielding', 1)"
"('advanced scenario', 1)"
"('bahariya oasis', 1)"
"('adjustable capacitor', 1)"
"('solenopsis invicta', 1)"
"('detector simulation', 1)"
"('beet silage', 1)"
"('rectal cancer', 1)"
"('microsatellite instability', 1)"
"('correlation processing', 1)"
"('bemisia afer', 1)"
"('scale model', 1)"
"('onbody communication', 1)"
"('quasistatic field', 1)"
"('propagating wave', 1)"
"('visualization model', 1)"
"('landscape recognition', 1)"
"('torsional potential', 1)"
"('wideband array', 1)"
"('multiprocessor system', 1)"
"('canada basin', 1)"
"('physical bound', 1)"
"('direction feedback', 1)"
"('distributed stbc', 1)"
"('linear relaying', 1)"
"('directivity pattern', 1)"
"('diadegma semiclausum', 1)"
"('microstrip trace', 1)"
"('input vswr', 1)"
"('adaptive filtering', 1)"
"('lower mantle', 1)"
"('grain size', 1)"
"('reflection tomography', 1)"
"('respiratory rate', 1)"
"('genetic variation', 1)"
"('gnatocerus cornutus', 1)"
"('extinction coefficient', 1)"
"('stability formula', 1)"
"('trefftz method', 1)"
"('synchronous state', 1)"
"('eupatorium lindleyanum', 1)"
"('magnetic loop', 1)"
"('end effect', 1)"
"('hemispherical lens', 1)"
"('bromocresol green', 1)"
"('phase demodulation', 1)"
"('steel bar', 1)"
"('interference function', 1)"
"('neutrino telescope', 1)"
"('partial feedback', 1)"
"('orthogonal stbc', 1)"
"('cyclic algorithm', 1)"
"('sensing configuration', 1)"
"('rf reader', 1)"
"('high squint', 1)"
"('antarctic peninsula', 1)"
"('synechocystis sp', 1)"
"('stakeholder need', 1)"
"('historical building', 1)"
"('head wave', 1)"
"('vadose zone', 1)"
"('retaining wall', 1)"
"('unconditionally stable', 1)"
"('plastid signal', 1)"
"('paddy rice', 1)"
"('seabed algorithm', 1)"
"('antenna feed', 1)"
"('structural stability', 1)"
"('lignin peroxidase', 1)"
"('maximum bandwidth', 1)"
"('multiblock code', 1)"
"('touch voltage', 1)"
"('grounding plate', 1)"
"('protozantaena perkins', 1)"
"('pneuminion perkins', 1)"
"('decarthrocerus orchymont', 1)"
"('modulated backscattering', 1)"
"('sedimentary environment', 1)"
"('lossy overlay', 1)"
"('chloroplast ultrastructure', 1)"
"('fluid modeling', 1)"
"('anastrepha serpentina', 1)"
"('directional field', 1)"
"('outdated csit', 1)"
"('antenna change', 1)"
"('bipartite matching', 1)"
"('optical crosstalk', 1)"
"('parabolic edge', 1)"
"('adhesion layer', 1)"
"('gsc structure', 1)"
"('photochemical activity', 1)"
"('light stability', 1)"
"('apex locator', 1)"
"('broadband focusing', 1)"
"('nitrogen fixation', 1)"
"('antenna development', 1)"
"('groundwater table', 1)"
"('naupliar appendage', 1)"
"('multipolar weighting', 1)"
"('psk constellation', 1)"
"('voltage unbalance', 1)"
"('map decoding', 1)"
"('atomic structure', 1)"
"('snow wetness', 1)"
"('corynoneura group', 1)"
"('emiliania huxleyi', 1)"
"('resseliella theobaldi', 1)"
"('numerical dosimetry', 1)"
"('roseinatronobacter thiooxidans', 1)"
"('co stbc', 1)"
"('linear relaxation', 1)"
"('waste rock', 1)"
"('sammon mapping', 1)"
"('discontinuous permafrost', 1)"
"('sulfuric acid', 1)"
"('olfactory plasticity', 1)"
"('initial process', 1)"
"('em radiation', 1)"
"('sound insulation', 1)"
"('environmental noise', 1)"
"('power reflectivity', 1)"
"('axial vircator', 1)"
"('rumor routing', 1)"
"('hamiltonian constellation', 1)"
"('anthropic process', 1)"
"('vrs approach', 1)"
"('adaptive mutation', 1)"
"('forest type', 1)"
"('heteropneustes fossilis', 1)"
"('location diversity', 1)"
"('wenchuan earthquake', 1)"
"('vegetation damage', 1)"
"('vampira campaign', 1)"
"('historical imagery', 1)"
"('automated orthorectification', 1)"
"('smart dust', 1)"
"('ici cancellation', 1)"
"('evolved utra', 1)"
"('read zone', 1)"
"('outdoor measurement', 1)"
"('fingerprint technique', 1)"
"('spatial memory', 1)"
"('coded gain', 1)"
"('saturated soil', 1)"
"('archaeological prospecting', 1)"
"('oryctes elegans', 1)"
"('gilpinia socia', 1)"
"('cleome iberica', 1)"
"('cavotricuspid isthmus', 1)"
"('radiofrequency shielding', 1)"
"('photosynthetic efficiency', 1)"
"('jiangjia stream', 1)"
"('eastern sicily', 1)"
"('serviceability check', 1)"
"('virtual antenna', 1)"
"('european earwig', 1)"
"('insect migration', 1)"
"('handoff rate', 1)"
"('calcium buffering', 1)"
"('plasma doping', 1)"
"('junction depth', 1)"
"('active reflector', 1)"
"('transponder orientation', 1)"
"('hybrid tag', 1)"
"('centaurea calcitrapa', 1)"
"('correlation receiver', 1)"
"('community exposure', 1)"
"('archaeological investigation', 1)"
"('point target', 1)"
"('cephalic appendage', 1)"
"('photoprotective mechanism', 1)"
"('peripheral light', 1)"
"('high value', 1)"
"('energetic configuration', 1)"
"('tag readability', 1)"
"('twisting stiffness', 1)"
"('hela cell', 1)"
"('gomphostemma microdon', 1)"
"('multitarget tracking', 1)"
"('information efficiency', 1)"
"('erasure insertion', 1)"
"('bohemian forest', 1)"
"('harmonic mean', 1)"
"('amplitude clipping', 1)"
"('globularia aphyllanthes', 1)"
"('antennal protein', 1)"
"('mayetiola destructor', 1)"
"('disaster monitoring', 1)"
"('paper industry', 1)"
"('middle atmosphere', 1)"
"('pharmacokinetic study', 1)"
"('bearded vulture', 1)"
"('mesoporous titania', 1)"
"('cooperation diversity', 1)"
"('extreme sport', 1)"
"('mitracarpus frigidus', 1)"
"('code hopping', 1)"
"('optimum receiver', 1)"
"('foaming rate', 1)"
"('information capacity', 1)"
"('dialkyl hexamethylenedicarbamate', 1)"
"('small enclosure', 1)"
"('cuticular encystment', 1)"
"('local neuron', 1)"
"('weakly decomposition', 1)"
"('recognition algorithm', 1)"
"('interchip communication', 1)"
"('tropical climate', 1)"
"('positional error', 1)"
"('fix rate', 1)"
"('fractal lacunarity', 1)"
"('protective garment', 1)"
"('intelligent controller', 1)"
"('array efficiency', 1)"
"('amplifier noise', 1)"
"('radiation angle', 1)"
"('forward modelling', 1)"
"('generalized inverse', 1)"
"('chengjiang fauna', 1)"
"('counting rule', 1)"
"('eye antenna', 1)"
"('inflatable antenna', 1)"
"('throughput performance', 1)"
"('subspace decomposition', 1)"
"('video playback', 1)"
"('tea mosquito', 1)"
"('interactive broadcasting', 1)"
"('condition assessment', 1)"
"('funicular sensilla', 1)"
"('ricean channel', 1)"
"('ip mexicanus', 1)"
"('enoclerus sphegeus', 1)"
"('frankliniella intonsa', 1)"
"('environmental pollution', 1)"
"('scrambling code', 1)"
"('napier grass', 1)"
"('rhombus structure', 1)"
"('filtered backprojection', 1)"
"('orthogonal signalling', 1)"
"('central magnification', 1)"
"('q ball', 1)"
"('social isolation', 1)"
"('galapagos archipelago', 1)"
"('isoprene emission', 1)"
"('smallest eigenvalue', 1)"
"('faraday rotator', 1)"
"('uniporous sensilla', 1)"
"('polarization ratio', 1)"
"('multilook processing', 1)"
"('pi regulator', 1)"
"('lesion detection', 1)"
"('grain boundary', 1)"
"('magnetostrictive powder', 1)"
"('shorted monopole', 1)"
"('performance loss', 1)"
"('performance equivalence', 1)"
"('lcmv filter', 1)"
"('power transmittance', 1)"
"('reclaimed soil', 1)"
"('constrained condition', 1)"
"('bayesian analysis', 1)"
"('maximal order', 1)"
"('toeplitz code', 1)"
"('layered architecture', 1)"
"('hidden pilot', 1)"
"('bending fatigue', 1)"
"('membrane state', 1)"
"('continuation method', 1)"
"('analogue method', 1)"
"('target extraction', 1)"
"('parallel implementation', 1)"
"('glutamine synthetase', 1)"
"('reaction network', 1)"
"('molecular level', 1)"
"('iron starvation', 1)"
"('mating status', 1)"
"('stack geometry', 1)"
"('periodic groove', 1)"
"('neurotrophic electrode', 1)"
"('measured half', 1)"
"('europe band', 1)"
"('broadband ultra', 1)"
"('toxic effect', 1)"
"('ion density', 1)"
"('triangular grid', 1)"
"('paraphlebia zoe', 1)"
"('transcriptional regulation', 1)"
"('bistatic angle', 1)"
"('baseline range', 1)"
"('angola basin', 1)"
"('height component', 1)"
"('using transmitter', 1)"
"('temporal drift', 1)"
"('substantially reduced', 1)"
"('rx stability', 1)"
"('mechanical deformation', 1)"
"('imaginary component', 1)"
"('full potential', 1)"
"('dynamic calibration', 1)"
"('freshwater fish', 1)"
"('photochemical efficiency', 1)"
"('formation porosity', 1)"
"('anaphes iole', 1)"
"('transition radiation', 1)"
"('nauphoeta cinerea', 1)"
"('lobster cockroach', 1)"
"('pair matching', 1)"
"('biotelemetry communication', 1)"
"('meandering probe', 1)"
"('centre frequency', 1)"
"('nonuniform mesh', 1)"
"('galerucella calmariensis', 1)"
"('feedback capacity', 1)"
"('sheath voltage', 1)"
"('impedance analysis', 1)"
"('wideband characteristic', 1)"
"('capture efficiency', 1)"
"('polar cap', 1)"
"('grassmannian beamforming', 1)"
"('canonical framework', 1)"
"('fetal surgery', 1)"
"('first mirror', 1)"
"('response threshold', 1)"
"('plasma loading', 1)"
"('phy abstraction', 1)"
"('mse duality', 1)"
"('overcomplete dictionary', 1)"
"('icosian ring', 1)"
"('spherical bound', 1)"
"('performance bound', 1)"
"('gallager bound', 1)"
"('ellipsoidal bound', 1)"
"('beamspace transform', 1)"
"('imaging simulation', 1)"
"('trypanosyllis zebra', 1)"
"('peripheral tissue', 1)"
"('radio planning', 1)"
"('spherical shell', 1)"
"('la cdma', 1)"
"('periodic window', 1)"
"('microwave detector', 1)"
"('quantized displacement', 1)"
"('region increased', 1)"
"('promising effect', 1)"
"('medically important', 1)"
"('linked glycans', 1)"
"('glycosylation site', 1)"
"('glycosylation occupancy', 1)"
"('glycans affected', 1)"
"('glycan structure', 1)"
"('enhanced rate', 1)"
"('documented association', 1)"
"('core glcnac', 1)"
"('condition examined', 1)"
"('anticoagulant protease', 1)"
"('luminescence property', 1)"
"('cryptomeria japonica', 1)"
"('receiver complexity', 1)"
"('electronic compass', 1)"
"('temporal regulation', 1)"
"('focused array', 1)"
"('adult brain', 1)"
"('capacity distribution', 1)"
"('glial morphogenesis', 1)"
"('predictive power', 1)"
"('substance p', 1)"
"('selective combining', 1)"
"('pteromalus cerealellae', 1)"
"('receiver noise', 1)"
"('gironde estuary', 1)"
"('smart skin', 1)"
"('megalorchestia californiana', 1)"
"('interplanetary mission', 1)"
"('intermediate zone', 1)"
"('cuff electrode', 1)"
"('shadow radiation', 1)"
"('fresnel diffraction', 1)"
"('marcm system', 1)"
"('earth simulator', 1)"
"('floquet mode', 1)"
"('magnetic inclusion', 1)"
"('random subarray', 1)"
"('head skeleton', 1)"
"('sex difference', 1)"
"('drosophila sechellia', 1)"
"('type material', 1)"
"('papilio demoleus', 1)"
"('natural history', 1)"
"('cydia ulicetana', 1)"
"('round goby', 1)"
"('arched slot', 1)"
"('thermoneutral zone', 1)"
"('location performance', 1)"
"('fix interval', 1)"
"('element assignment', 1)"
"('communication region', 1)"
"('subsurface void', 1)"
"('fdnlms algorithm', 1)"
"('luneburg law', 1)"
"('legendre transform', 1)"
"('adaptive sectoring', 1)"
"('eigenvalue dispersion', 1)"
"('resistor emulation', 1)"
"('synthesized beam', 1)"
"('mimo technique', 1)"
"('singleton bound', 1)"
"('eastern pacific', 1)"
"('clausocalanus furcatus', 1)"
"('leaky characteristic', 1)"
"('circular loop', 1)"
"('k event', 1)"
"('networking connectivity', 1)"
"('blatta orientalis', 1)"
"('snow compaction', 1)"
"('enantioselective gc', 1)"
"('environmental factor', 1)"
"('cereal volatile', 1)"
"('wimax operation', 1)"
"('bode limit', 1)"
"('triatoma pseudomaculata', 1)"
"('triatoma maculata', 1)"
"('quantitative trait', 1)"
"('sun leaf', 1)"
"('shade leaf', 1)"
"('carbon onion', 1)"
"('fock function', 1)"
"('lightning performance', 1)"
"('steady state', 1)"
"('fluid production', 1)"
"('icp mode', 1)"
"('ccp mode', 1)"
"('coastline extraction', 1)"
"('lower cyclorrhapha', 1)"
"('field pattern', 1)"
"('angular dependence', 1)"
"('airborne sound', 1)"
"('backscatter circuit', 1)"
"('sensor stabilization', 1)"
"('convolutional spreading', 1)"
"('monostatic reflectivity', 1)"
"('asynchronous delay', 1)"
"('notch characteristic', 1)"
"('parallel reflector', 1)"
"('palaemon elegans', 1)"
"('stress resistance', 1)"
"('optical material', 1)"
"('multitopic ligand', 1)"
"('therapeutic protein', 1)"
"('isoelectric focusing', 1)"
"('fluorescence detection', 1)"
"('goat milk', 1)"
"('pseudacteon formicarum', 1)"
"('lasius niger', 1)"
"('oxygenic phototrophs', 1)"
"('drusus melanchaetes', 1)"
"('mobile satellite', 1)"
"('wall following', 1)"
"('interference diversity', 1)"
"('linear equalizer', 1)"
"('grazing incidence', 1)"
"('rf tag', 1)"
"('pinhole diversity', 1)"
"('blind identifiability', 1)"
"('hungarian algorithm', 1)"
"('chrysomya pinguis', 1)"
"('reaction time', 1)"
"('film battery', 1)"
"('spiral slot', 1)"
"('blindness angle', 1)"
"('geometric isomer', 1)"
"('field trapping', 1)"
"('population estimation', 1)"
"('proposed ultra', 1)"
"('damage localisation', 1)"
"('polarization sensitivity', 1)"
"('gnss signal', 1)"
"('wiener filter', 1)"
"('mimo multiplexing', 1)"
"('stochastic inference', 1)"
"('plastic material', 1)"
"('vector precoding', 1)"
"('space use', 1)"
"('tile line', 1)"
"('hough transformation', 1)"
"('plant fitness', 1)"
"('leucophyllum frutescens', 1)"
"('variable phi', 1)"
"('wheat plant', 1)"
"('body capacitance', 1)"
"('bioelectrical parameter', 1)"
"('mating rhythm', 1)"
"('male response', 1)"
"('artificial line', 1)"
"('instantaneous bandwidth', 1)"
"('antenna temperature', 1)"
"('active bleeding', 1)"
"('terrestrial crab', 1)"
"('coastal deposit', 1)"
"('geranyl octanoate', 1)"
"('alpha particle', 1)"
"('hybrid filterbank', 1)"
"('lysimachia punctata', 1)"
"('epeoloides coecutiens', 1)"
"('mri detector', 1)"
"('feed slot', 1)"
"('polynomial complexity', 1)"
"('surface morphology', 1)"
"('zenith pas', 1)"
"('agonistic behavior', 1)"
"('performance estimation', 1)"
"('uwb array', 1)"
"('dirty paper', 1)"
"('dum neurone', 1)"
"('hydrophylin b', 1)"
"('neurotrophic activity', 1)"
"('wireless broadband', 1)"
"('passive array', 1)"
"('antenna fucosylation', 1)"
"('hairless rat', 1)"
"('seismic refraction', 1)"
"('liagore pulchella', 1)"
"('stable route', 1)"
"('nitrogen doped', 1)"
"('location awareness', 1)"
"('slot subarray', 1)"
"('quiescent pattern', 1)"
"('experimental characterization', 1)"
"('tag detection', 1)"
"('broadband probe', 1)"
"('zinc oxide', 1)"
"('parasitic ring', 1)"
"('time coding', 1)"
"('cyclic algebra', 1)"
"('telecommunication antenna', 1)"
"('schelkunoff method', 1)"
"('hexaband antenna', 1)"
"('rf coil', 1)"
"('compensation theorem', 1)"
"('indentation angle', 1)"
"('paragnathia formica', 1)"
"('iberian peninsula', 1)"
"('broadband communication', 1)"
"('birth site', 1)"
"('courtship behaviour', 1)"
"('translation matrix', 1)"
"('lateral wave', 1)"
"('punctured code', 1)"
"('asynchronous transmission', 1)"
"('tree line', 1)"
"('antenna distortion', 1)"
"('scan angle', 1)"
"('mutual capacitance', 1)"
"('active device', 1)"
"('candidiopotamon tokashikense', 1)"
"('amamiku occulta', 1)"
"('marine platform', 1)"
"('optical frequency', 1)"
"('ceutorhynchus obstrictus', 1)"
"('joint modulation', 1)"
"('fixed beamforming', 1)"
"('code orthogonality', 1)"
"('comparative proteomics', 1)"
"('bioenergetic pathway', 1)"
"('noise bias', 1)"
"('dual decomposition', 1)"
"('hyaluronic acid', 1)"
"('filler agent', 1)"
"('radar reflectivity', 1)"
"('radar equation', 1)"
"('implantable dosimeter', 1)"
"('3d geometry', 1)"
"('dispenser type', 1)"
"('inflatable reflector', 1)"
"('simplified decoding', 1)"
"('exponential map', 1)"
"('spinning platform', 1)"
"('admittance matrix', 1)"
"('null constraint', 1)"
"('group cell', 1)"
"('front steering', 1)"
"('crato formation', 1)"
"('urban macrocells', 1)"
"('concaved mirror', 1)"
"('primary photochemistry', 1)"
"('medical electronics', 1)"
"('incubation mass', 1)"
"('28 rdna', 1)"
"('16 rdna', 1)"
"('biomass concentration', 1)"
"('behavioral change', 1)"
"('sulfur deprivation', 1)"
"('delay matrix', 1)"
"('wenlock series', 1)"
"('scymnus posticalis', 1)"
"('phymatosternus lewisii', 1)"
"('andrena morio', 1)"
"('reconfigurable matching', 1)"
"('lymantria obfuscata', 1)"
"('parallel arq', 1)"
"('automatic differentiation', 1)"
"('visual processing', 1)"
"('patch dimension', 1)"
"('rheometry experiment', 1)"
"('frequency bandwidth', 1)"
"('rate feedback', 1)"
"('burmester curve', 1)"
"('reactive plasma', 1)"
"('recombinant protein', 1)"
"('free field', 1)"
"('differential settlement', 1)"
"('feedback cancellation', 1)"
"('auxiliary radiator', 1)"
"('riemann manifold', 1)"
"('upper cambrian', 1)"
"('skara hunanensis', 1)"
"('iterative solver', 1)"
"('network monitoring', 1)"
"('maximum rate', 1)"
"('jumper insertion', 1)"
"('attack behavior', 1)"
"('antenna contact', 1)"
"('aggressive posture', 1)"
"('triangular pifa', 1)"
"('bluetooth band', 1)"
"('zigbee system', 1)"
"('shorting point', 1)"
"('maximum flow', 1)"
"('microplitis pallidipes', 1)"
"('field scale', 1)"
"('array polynomial', 1)"
"('interdigital resonator', 1)"
"('water signal', 1)"
"('time decay', 1)"
"('nonhomogeneous environment', 1)"
"('homogeneous environment', 1)"
"('transition type', 1)"
"('pumping mechanism', 1)"
"('object characteristic', 1)"
"('ira source', 1)"
"('corresponds approximately', 1)"
"('bipolar outflow', 1)"
"('astronomical object', 1)"
"('appropriately classified', 1)"
"('active part', 1)"
"('rational fitting', 1)"
"('continuous spectrum', 1)"
"('azimuth coverage', 1)"
"('gaussian fading', 1)"
"('spline interpolation', 1)"
"('lepisma saccharina', 1)"
"('ctenolepisma longicaudata', 1)"
"('veca distribution', 1)"
"('conducting cylinder', 1)"
"('microstrip transition', 1)"
"('microstrip coupler', 1)"
"('seismic response', 1)"
"('dualband operation', 1)"
"('enantiomeric composition', 1)"
"('heating pattern', 1)"
"('first juvenile', 1)"
"('aegla franca', 1)"
"('vibrational temperature', 1)"
"('bootlace lens', 1)"
"('flow routing', 1)"
"('spinal fusion', 1)"
"('lumbar arthrodesis', 1)"
"('zona pellucida', 1)"
"('guidance accuracy', 1)"
"('sexual signal', 1)"
"('pseudomantis albofimbriata', 1)"
"('habitat complexity', 1)"
"('ciulfina biseriata', 1)"
"('stress dyadic', 1)"
"('internal energy', 1)"
"('extraordinary transmission', 1)"
"('glyptapanteles liparidis', 1)"
"('acronicta rumicis', 1)"
"('tightly associated', 1)"
"('many cyanobacteria', 1)"
"('cpcg2 disruptant', 1)"
"('conventional pb', 1)"
"('basic architecture', 1)"
"('controlled release', 1)"
"('rigorous combination', 1)"
"('terrain preprocessing', 1)"
"('thermal desorption', 1)"
"('simultaneous detection', 1)"
"('frequency change', 1)"
"('granular applicator', 1)"
"('hydraulic system', 1)"
"('gimbal system', 1)"
"('probe array', 1)"
"('diffuse field', 1)"
"('cross section', 1)"
"('ask modulator', 1)"
"('unconditioned stimulus', 1)"
"('overloaded detection', 1)"
"('planar circuit', 1)"
"('envelope transient', 1)"
"('human cognition', 1)"
"('quad band', 1)"
"('dielectric dome', 1)"
"('cyclotomic cosets', 1)"
"('cayley code', 1)"
"('resolution capacity', 1)"
"('ion milling', 1)"
"('ear canal', 1)"
"('scaling scenario', 1)"
"('saraburi province', 1)"
"('goa coast', 1)"
"('passer domesticus', 1)"
"('house sparrow', 1)"
"('backscatter model', 1)"
"('superorthogonal code', 1)"
"('wideband channel', 1)"
"('spacer aperture', 1)"
"('elevation plane', 1)"
"('azimuth plane', 1)"
"('sugar cell', 1)"
"('planococcus ficus', 1)"
"('anagyrus pseudococci', 1)"
"('hydrotaea chalcogaster', 1)"
"('reconfigurable tuner', 1)"
"('antenna evaluation', 1)"
"('feed reactance', 1)"
"('design constraint', 1)"
"('antenna arrangement', 1)"
"('new order', 1)"
"('schistosoma bovis', 1)"
"('seasonal occurrence', 1)"
"('histrionicus histrionicus', 1)"
"('antenna collar', 1)"
"('pc band', 1)"
"('mobile telephony', 1)"
"('optimality condition', 1)"
"('waveguide polarizers', 1)"
"('spatial coverage', 1)"
"('differential design', 1)"
"('tribolium confusum', 1)"
"('triad system', 1)"
"('feeding method', 1)"
"('sunn pest', 1)"
"('dna photolyases', 1)"
"('arkona shale', 1)"
"('teide volcano', 1)"
"('fdtd simulation', 1)"
"('schottky barrier', 1)"
"('rectification effect', 1)"
"('gigahertz oscillator', 1)"
"('thymine dimer', 1)"
"('channel bottom', 1)"
"('gps network', 1)"
"('eph receptor', 1)"
"('test repeatability', 1)"
"('remote control', 1)"
"('geometric directivity', 1)"
"('multiplexed training', 1)"
"('optical summation', 1)"
"('collaborative decoding', 1)"
"('inserted slit', 1)"
"('geranyl acetone', 1)"
"('sticking force', 1)"
"('frequency sharing', 1)"
"('experimental design', 1)"
"('mississippi canyon', 1)"
"('pocklington equation', 1)"
"('inertial navigation', 1)"
"('cylindrical coordinate', 1)"
"('trimble geoxt', 1)"
"('challenging material', 1)"
"('height gain', 1)"
"('transmit beamformer', 1)"
"('sudety mountain', 1)"
"('particle filtering', 1)"
"('iq mismatch', 1)"
"('route optimization', 1)"
"('space charge', 1)"
"('antenna profile', 1)"
"('antennal reaction', 1)"
"('transmitter weight', 1)"
"('tg mode', 1)"
"('rf plasma', 1)"
"('matching condition', 1)"
"('cutoff probe', 1)"
"('rf transmitter', 1)"
"('stray resistance', 1)"
"('postpharyngeal gland', 1)"
"('aggressive behavior', 1)"
"('molecular fragmentation', 1)"
"('deformable mirror', 1)"
"('solar orbiter', 1)"
"('immersion cmut', 1)"
"('intrabody communication', 1)"
"('obliquebanded leafroller', 1)"
"('artificial anisotropy', 1)"
"('avalanche photodiode', 1)"
"('spectrum requirement', 1)"
"('lofar network', 1)"
"('helium balloon', 1)"
"('concordia temple', 1)"
"('empirical distribution', 1)"
"('location accuracy', 1)"
"('clock recovery', 1)"
"('koch patch', 1)"
"('quadruple mode', 1)"
"('sine transformation', 1)"
"('virtual carrier', 1)"
"('beamforming codebook', 1)"
"('orthogonality factor', 1)"
"('subsurface sensing', 1)"
"('light utilization', 1)"
"('mevalonate pathway', 1)"
"('cuticle synthesis', 1)"
"('positron annihilation', 1)"
"('photopeak efficiency', 1)"
"('movable short', 1)"
"('methylene chloride', 1)"
"('damping control', 1)"
"('busy tone', 1)"
"('electromagnetic topology', 1)"
"('potential antenna', 1)"
"('tide height', 1)"
"('relativistic magnetron', 1)"
"('zone plate', 1)"
"('spiral structure', 1)"
"('giant neuron', 1)"
"('lange coupler', 1)"
"('power flow', 1)"
"('material characterization', 1)"
"('schedulability envelope', 1)"
"('platform tolerance', 1)"
"('pliable substrate', 1)"
"('paraxial direction', 1)"
"('adaptive processing', 1)"
"('purple rice', 1)"
"('pauli decomposition', 1)"
"('rf imbalance', 1)"
"('salinibacter ruber', 1)"
"('representation theory', 1)"
"('finite group', 1)"
"('node management', 1)"
"('weed map', 1)"
"('weed control', 1)"
"('key distribution', 1)"
"('coptotermes formosanus', 1)"
"('streptomyces kasugaensis', 1)"
"('laptop pc', 1)"
"('antenna power', 1)"
"('location determination', 1)"
"('gilpinia pallida', 1)"
"('dispersion equation', 1)"
"('ruminal bolus', 1)"
"('extensive condition', 1)"
"('bmoror1', 1)"
"('fluid model', 1)"
"('chesterfield island', 1)"
"('aesculus hippocastanum', 1)"
"('laboratory culture', 1)"
"('dilute seawater', 1)"
"('antenna radiation', 1)"
"('new subfamily', 1)"
"('vibrating aperture', 1)"
"('integral formulation', 1)"
"('end cap', 1)"
"('ira code', 1)"
"('electrostatic actuator', 1)"
"('printed reflectarray', 1)"
"('dual polarisation', 1)"
"('elliptical helix', 1)"
"('vibration frequency', 1)"
"('embryonic head', 1)"
"('acyphus renggeri', 1)"
"('tungsten film', 1)"
"('amorphous film', 1)"
"('step discontinuity', 1)"
"('composite beamforming', 1)"
"('uv laser', 1)"
"('integral quaternion', 1)"
"('nursing care', 1)"
"('gap gene', 1)"
"('cfa antenna', 1)"
"('guanidine hydrochloride', 1)"
"('microcrack growth', 1)"
"('manufacturing error', 1)"
"('esprit method', 1)"
"('equivalent permittivity', 1)"
"('power intensity', 1)"
"('glucose biosensor', 1)"
"('peripodial epithelium', 1)"
"('inductive powering', 1)"
"('li ferrite', 1)"
"('bent interconnect', 1)"
"('wireless phone', 1)"
"('printed circuit', 1)"
"('miso system', 1)"
"('cdma network', 1)"
"('jacobian matrix', 1)"
"('functional package', 1)"
"('power region', 1)"
"('paulownia bagworm', 1)"
"('oesophageal tumour', 1)"
"('locoregional hyperthermia', 1)"
"('splice loss', 1)"
"('microstrip filter', 1)"
"('ring plane', 1)"
"('waveguide resonator', 1)"
"('reverberation phenomenon', 1)"
"('karst cavity', 1)"
"('bipolar pulse', 1)"
"('patch radius', 1)"
"('hexavalent chromium', 1)"
"('moving train', 1)"
"('70 ghz', 1)"
"('thysanoessa spinifera', 1)"
"('apostome ciliate', 1)"
"('southern ocean', 1)"
"('harmonic current', 1)"
"('hypoxia response', 1)"
"('cooling fin', 1)"
"('disturbance torque', 1)"
"('hybrid male', 1)"
"('cavity filter', 1)"
"('universal code', 1)"
"('hox gene', 1)"
"('glycan analysis', 1)"
"('surface micromachining', 1)"
"('hydrothermal circulation', 1)"
"('cavity sensilla', 1)"
"('carrot psyllid', 1)"
"('planar monopoles', 1)"
"('coated cylinder', 1)"
"('indirect method', 1)"
"('frontal ganglion', 1)"
"('quantum conductance', 1)"
"('electrical impurity', 1)"
"('leakage effect', 1)"
"('progressive troglomorphism', 1)"
"('two conformation', 1)"
"('psha homodimer', 1)"
"('kinetic transient', 1)"
"('heliobacillus mobilis', 1)"
"('hbrc contains', 1)"
"('fe appears', 1)"
"('evidence indicates', 1)"
"('contains fa', 1)"
"('class present', 1)"
"('2 similar', 1)"
"('hydrogen annealing', 1)"
"('thermal probe', 1)"
"('group velocity', 1)"
"('nitrogen radical', 1)"
"('adjustable glycerite', 1)"
"('black scraper', 1)"
"('rock fall', 1)"
"('amplification chain', 1)"
"('cp reconstruction', 1)"
"('correlative coding', 1)"
"('reflection canceling', 1)"
"('center feed', 1)"
"('laminated technology', 1)"
"('telostylinus angusticollis', 1)"
"('prochyliza xanthostoma', 1)"
"('body shape', 1)"
"('harmonic trap', 1)"
"('linear processing', 1)"
"('wing polymorphism', 1)"
"('mepraia spinolai', 1)"
"('mepraia gajardoi', 1)"
"('tidi share', 1)"
"('tidi act', 1)"
"('requires rebalancing', 1)"
"('iron supplementation', 1)"
"('inversely correlated', 1)"
"('higher plant', 1)"
"('functionally coupled', 1)"
"('finding indicate', 1)"
"('common limitation', 1)"
"('radial probe', 1)"
"('neuronal plasticity', 1)"
"('wavefront scheduling', 1)"
"('line dimming', 1)"
"('scylla olivacea', 1)"
"('static correction', 1)"
"('klopfenstein taper', 1)"
"('wireline network', 1)"
"('single bounce', 1)"
"('double bounce', 1)"
"('uniaxial anisotropy', 1)"
"('quadrupole spin', 1)"
"('additive noise', 1)"
"('home monitoring', 1)"
"('psii photochemistry', 1)"
"('carbon metabolism', 1)"
"('angular distribution', 1)"
"('beam blockage', 1)"
"('core antenna', 1)"
"('ferulic acid', 1)"
"('angelica sinensis', 1)"
"('chemotherapeutant residue', 1)"
"('galvano scanner', 1)"
"('cossus insularis', 1)"
"('bucephala islandica', 1)"
"('route coupling', 1)"
"('flat fading', 1)"
"('internal tide', 1)"
"('annular ring', 1)"
"('ornamental granite', 1)"
"('floating sleeve', 1)"
"('spacecraft attitude', 1)"
"('ultralarge antenna', 1)"
"('variable reactance', 1)"
"('electrically invisible', 1)"
"('using steady', 1)"
"('similar behavior', 1)"
"('natural system', 1)"
"('native chlorosomes', 1)"
"('many respect', 1)"
"('harvesting organelle', 1)"
"('fast one', 1)"
"('energy acceptor', 1)"
"('artificial aggregate', 1)"
"('also studied', 1)"
"('alkaline treatment', 1)"
"('lh1 spectrum', 1)"
"('branchinecta lateralis', 1)"
"('transmission response', 1)"
"('cable television', 1)"
"('silene latifolia', 1)"
"('lilac aldehyde', 1)"
"('phenotypic variance', 1)"
"('genetic incompatibility', 1)"
"('salivary neurones', 1)"
"('desmodesmus armatus', 1)"
"('subwavelength aperture', 1)"
"('response rate', 1)"
"('minimax optimization', 1)"
"('permeability glycoprotein', 1)"
"('homonuclear correlation', 1)"
"('body density', 1)"
"('bifocal lens', 1)"
"('suitably defined', 1)"
"('point correlators', 1)"
"('pulsed current', 1)"
"('cell sorting', 1)"
"('cell adhesion', 1)"
"('ldpc code', 1)"
"('sum pattern', 1)"
"('spurious radiation', 1)"
"('harmful interference', 1)"
"('shielded box', 1)"
"('dielectric tunability', 1)"
"('bst film', 1)"
"('earthquake damage', 1)"
"('uwb propagation', 1)"
"('dominican republic', 1)"
"('optical detector', 1)"
"('anywhere tv', 1)"
"('global synchronization', 1)"
"('zinc porphyrin', 1)"
"('sternal gill', 1)"
"('pregnant woman', 1)"
"('amniotic fluid', 1)"
"('underground environment', 1)"
"('heat exposure', 1)"
"('cold storage', 1)"
"('ray number', 1)"
"('unitary transform', 1)"
"('philonthus punctus', 1)"
"('radiation oscillator', 1)"
"('nicotiana attenuata', 1)"
"('calendula arvensis', 1)"
"('local anesthetic', 1)"
"('curved detector', 1)"
"('metanotal gland', 1)"
"('triplate waveguide', 1)"
"('frontodendroidopsis gibbiceps', 1)"
"('blind processing', 1)"
"('feed circuit', 1)"
"('environmental hazard', 1)"
"('dimensional variation', 1)"
"('multimedia traffic', 1)"
"('vibrational frequency', 1)"
"('hypnogyra angularis', 1)"
"('binary expansion', 1)"
"('rake receiving', 1)"
"('amblythyreus potaninae', 1)"
"('apodytes dimidiata', 1)"
"('oir river', 1)"
"('juvenile growth', 1)"
"('symbol rotation', 1)"
"('resistor loading', 1)"
"('posterior gill', 1)"
"('anterior gill', 1)"
"('pile highness', 1)"
"('conductor plane', 1)"
"('linear dispersion', 1)"
"('gradient estimation', 1)"
"('siral radar', 1)"
"('cryosat platform', 1)"
"('polymeric material', 1)"
"('underwater structure', 1)"
"('hydraulic structure', 1)"
"('cylindrical harmonic', 1)"
"('oxygen uptake', 1)"
"('diagonal loading', 1)"
"('tag loss', 1)"
"('fatigue mitigation', 1)"
"('measurement accuracy', 1)"
"('pulse chasing', 1)"
"('hidden layer', 1)"
"('protein surface', 1)"
"('subesophageal ganglion', 1)"
"('birefringent crystal', 1)"
"('lens effect', 1)"
"('compensation model', 1)"
"('root hypoxia', 1)"
"('iron shortage', 1)"
"('chloroplast structure', 1)"
"('dive duration', 1)"
"('anacapa island', 1)"
"('wavelength conversion', 1)"
"('oscillochloris trichoides', 1)"
"('elevation axis', 1)"
"('thermoregulatory center', 1)"
"('temperature cascade', 1)"
"('arbitrary shape', 1)"
"('fire ant', 1)"
"('gaussian excitation', 1)"
"('trapeziform patch', 1)"
"('reflective environment', 1)"
"('metallic wire', 1)"
"('cubital index', 1)"
"('platynereis dumerilii', 1)"
"('adaptive system', 1)"
"('intellectual property', 1)"
"('zinc toxicity', 1)"
"('radial line', 1)"
"('parasitic slot', 1)"
"('inherent property', 1)"
"('octadecyl acetate', 1)"
"('real rotation', 1)"
"('nonintersecting subspace', 1)"
"('bioluminescence imaging', 1)"
"('xanthophycean algae', 1)"
"('delia antiqua', 1)"
"('equivalent principle', 1)"
"('filter design', 1)"
"('test bed', 1)"
"('discrete time', 1)"
"('radar signal', 1)"
"('microstrip loop', 1)"
"('rapigest sf', 1)"
"('triangular factorization', 1)"
"('schur complementation', 1)"
"('riccati recursion', 1)"
"('qr factorization', 1)"
"('matrix structure', 1)"
"('bent stub', 1)"
"('hormonal therapy', 1)"
"('ostreococcus tauri', 1)"
"('george bank', 1)"
"('calanus finmarchicus', 1)"
"('coplanar striplines', 1)"
"('vlf emission', 1)"
"('alexandrium tamarense', 1)"
"('optimal constellation', 1)"
"('superquadric waveguide', 1)"
"('probe inductance', 1)"
"('direct integration', 1)"
"('attenuation lane', 1)"
"('fuzzy inference', 1)"
"('wave absorber', 1)"
"('crisscross monopole', 1)"
"('pattern formation', 1)"
"('gap stub', 1)"
"('optical beamforming', 1)"
"('langmuir isotherm', 1)"
"('resolution power', 1)"
"('wet impregnation', 1)"
"('aperiodic distortion', 1)"
"('multiantenna communication', 1)"
"('lattice decoding', 1)"
"('arctic stream', 1)"
"('southern alp', 1)"
"('monascus purpureus', 1)"
"('numerical computation', 1)"
"('rbf network', 1)"
"('tunable property', 1)"
"('programmable reflector', 1)"
"('mud shrimp', 1)"
"('radial stub', 1)"
"('tapered chamber', 1)"
"('retinal prosthesis', 1)"
"('antenna redundancy', 1)"
"('syowa station', 1)"
"('siphonaxanthin series', 1)"
"('dve expression', 1)"
"('ohmic resistance', 1)"
"('signal cluster', 1)"
"('channel efficiency', 1)"
"('multifrequency operation', 1)"
"('foundation wall', 1)"
"('correlative fading', 1)"
"('bufo calamita', 1)"
"('20 km', 1)"
"('space sampling', 1)"
"('band structure', 1)"
"('radar interferometry', 1)"
"('multipacket reception', 1)"
"('full rotation', 1)"
"('array pattern', 1)"
"('water absorbency', 1)"
"('color perception', 1)"
"('microwave launcher', 1)"
"('uca uruguayensis', 1)"
"('curve walking', 1)"
"('behavioural transition', 1)"
"('fast electron', 1)"
"('transgenic cotton', 1)"
"('collaborative communication', 1)"
"('virtual representation', 1)"
"('light environment', 1)"
"('food detection', 1)"
"('trichogramma chilonis', 1)"
"('pigeon pea', 1)"
"('infrared antenna', 1)"
"('polarized wave', 1)"
"('sideband spectrometer', 1)"
"('longitudinal loss', 1)"
"('zoothamnium intermedium', 1)"
"('eurytemora affinis', 1)"
"('acartia tonsa', 1)"
"('laser array', 1)"
"('shielding technique', 1)"
"('ground pin', 1)"
"('mobile hotspot', 1)"
"('pfd limit', 1)"
"('marchand balun', 1)"
"('unified construction', 1)"
"('oscillator array', 1)"
"('human search', 1)"
"('social reward', 1)"
"('optimal mixing', 1)"
"('methanol synthesis', 1)"
"('infrared imaging', 1)"
"('integration path', 1)"
"('expansion function', 1)"
"('temperature sensitivity', 1)"
"('jammer antenna', 1)"
"('metal conductor', 1)"
"('monopole array', 1)"
"('uhf detection', 1)"
"('transient measurement', 1)"
"('mapping area', 1)"
"('whistler wave', 1)"
"('minimum norm', 1)"
"('transient interference', 1)"
"('counting efficiency', 1)"
"('reference dem', 1)"
"('variable programming', 1)"
"('metarhizium anisopliae', 1)"
"('sphere encoder', 1)"
"('phase sweeping', 1)"
"('chlorophyll form', 1)"
"('surface optimization', 1)"
"('auxiliary plane', 1)"
"('whittle approximation', 1)"
"('couch potato', 1)"
"('quartz resonator', 1)"
"('environmental recognition', 1)"
"('v shape', 1)"
"('optical fibre', 1)"
"('patch resonator', 1)"
"('vespa crabro', 1)"
"('isotropic radiator', 1)"
"('ridge guide', 1)"
"('mixed spectrum', 1)"
"('current transducer', 1)"
"('equilibrium equation', 1)"
"('multisection transformer', 1)"
"('dispersion slope', 1)"
"('forest education', 1)"
"('tibiofemoral force', 1)"
"('arthrospira platensis', 1)"
"('linear precoder', 1)"
"('robust precoder', 1)"
"('successfully validated', 1)"
"('several hundred', 1)"
"('matrix formalism', 1)"
"('experimentally study', 1)"
"('coupling antenna', 1)"
"('critical region', 1)"
"('steered optimisation', 1)"
"('optimisation strategy', 1)"
"('generator function', 1)"
"('rhodnius brethesi', 1)"
"('amazon region', 1)"
"('neoparamoeba pemaquidensis', 1)"
"('phlomis tuberosa', 1)"
"('detection ordering', 1)"
"('inductive post', 1)"
"('slot synchronization', 1)"
"('recombinant allophycocyanin', 1)"
"('escherichia coli', 1)"
"('snr measurement', 1)"
"('stereovision measurement', 1)"
"('stochastic heating', 1)"
"('strong jammer', 1)"
"('electric current', 1)"
"('semiempirical calculation', 1)"
"('mature larva', 1)"
"('fuzzy clustering', 1)"
"('erodium cicutarium', 1)"
"('sinodendroides chinensis', 1)"
"('anastrepha suspensa', 1)"
"('isl routing', 1)"
"('quadrature modulator', 1)"
"('resistivity tomography', 1)"
"('chest imaging', 1)"
"('cyclic music', 1)"
"('vineyard trellising', 1)"
"('king penguin', 1)"
"('demographic parameter', 1)"
"('dc break', 1)"
"('marrubium velutinum', 1)"
"('head size', 1)"
"('wavefront sensor', 1)"
"('membrane mirror', 1)"
"('polistes dominulus', 1)"
"('site condition', 1)"
"('field operation', 1)"
"('equipment parameter', 1)"
"('dendrimeric amplifier', 1)"
"('lanthanide cation', 1)"
"('multichannel separation', 1)"
"('ground state', 1)"
"('phasing section', 1)"
"('mode analysis', 1)"
"('corrugated reflector', 1)"
"('sommerfeld identity', 1)"
"('calibration target', 1)"
"('ensemble recording', 1)"
"('shorting plane', 1)"
"('critical distance', 1)"
"('magnetic equator', 1)"
"('red soil', 1)"
"('driver assistance', 1)"
"('ubiquitous antenna', 1)"
"('largest eigenvalue', 1)"
"('multisegment platform', 1)"
"('musca autumnalis', 1)"
"('discrete compensator', 1)"
"('utra tdd', 1)"
"('squint sar', 1)"
"('current sheet', 1)"
"('diamond antenna', 1)"
"('shank transformation', 1)"
"('mineral profile', 1)"
"('magnesium deficiency', 1)"
"('beamwidth tuning', 1)"
"('cyclotomic lattice', 1)"
"('geometrical uniformity', 1)"
"('swimming performance', 1)"
"('multipath diversity', 1)"
"('sampling receiver', 1)"
"('pulse transmitter', 1)"
"('sabatinca sterops', 1)"
"('micropterix calthella', 1)"
"('metal complex', 1)"
"('hesperus rufipennis', 1)"
"('excessive photon', 1)"
"('backside aperture', 1)"
"('guide wavelength', 1)"
"('evolutionary design', 1)"
"('analytical regularization', 1)"
"('deployment characteristic', 1)"
"('turbo decoding', 1)"
"('weight convergence', 1)"
"('vibrio alginolyticus', 1)"
"('radial guide', 1)"
"('material interface', 1)"
"('voluntary movement', 1)"
"('tlm method', 1)"
"('nephelodes minians', 1)"
"('mastophora hutchinsoni', 1)"
"('bola spider', 1)"
"('waveguide coupler', 1)"
"('radiation zone', 1)"
"('route diversity', 1)"
"('ascites fluid', 1)"
"('yield analysis', 1)"
"('hippodamia convergens', 1)"
"('hydrodynamic signal', 1)"
"('hydrodynamic model', 1)"
"('ashing rate', 1)"
"('resource selection', 1)"
"('andrographis paniculata', 1)"
"('pear psylla', 1)"
"('cacopsylla bidens', 1)"
"('phyllonorycter blancardella', 1)"
"('alignment error', 1)"
"('annular array', 1)"
"('abr service', 1)"
"('design formula', 1)"
"('stacked vertically', 1)"
"('large length', 1)"
"('integrated directly', 1)"
"('four transmit', 1)"
"('diameter ratio', 1)"
"('capacitive network', 1)"
"('array suitable', 1)"
"('adjacent coil', 1)"
"('taste hair', 1)"
"('methamphetamine hydrochloride', 1)"
"('hardware demonstrator', 1)"
"('lygus rugulipennis', 1)"
"('sensory network', 1)"
"('vertexprorogatio taprobanes', 1)"
"('chlorina f2', 1)"
"('monodansyl cadaverine', 1)"
"('directional analyzer', 1)"
"('van test', 1)"
"('covariance analysis', 1)"
"('test pattern', 1)"
"('foraging efficiency', 1)"
"('toggle switch', 1)"
"('multiport switch', 1)"
"('em design', 1)"
"('grace mission', 1)"
"('palaeomyia burmitis', 1)"
"('frequency efficiency', 1)"
"('sige micromixer', 1)"
"('linear ablation', 1)"
"('mnesampela privata', 1)"
"('eucalyptus globulus', 1)"
"('planar interface', 1)"
"('reciprocity relation', 1)"
"('reconfigurable aperture', 1)"
"('multicarrier cdma', 1)"
"('associated graph', 1)"
"('cancer productus', 1)"
"('cancer magister', 1)"
"('background chromophore', 1)"
"('meandering line', 1)"
"('linear taper', 1)"
"('tactile stimulation', 1)"
"('ground snail', 1)"
"('pollen beetle', 1)"
"('iberis amara', 1)"
"('plastic holder', 1)"
"('optical vortex', 1)"
"('rubisco activation', 1)"
"('mpi library', 1)"
"('instent restenosis', 1)"
"('inductive heating', 1)"
"('network scalability', 1)"
"('mysis relicta', 1)"
"('design template', 1)"
"('cotesia rubecula', 1)"
"('target simulator', 1)"
"('integral transform', 1)"
"('contrast criterion', 1)"
"('male genitalia', 1)"
"('specular multipath', 1)"
"('proton transport', 1)"
"('leg development', 1)"
"('nmr structure', 1)"
"('flexible beam', 1)"
"('approach path', 1)"
"('gap crossing', 1)"
"('linear preequalization', 1)"
"('otitis medium', 1)"
"('rio claro', 1)"
"('contamination plume', 1)"
"('optimal algorithm', 1)"
"('electroantennographic detection', 1)"
"('athalia rosae', 1)"
"('error detection', 1)"
"('waveform generation', 1)"
"('lampronia capitella', 1)"
"('portable reception', 1)"
"('choneiulus palmatus', 1)"
"('interelement coupling', 1)"
"('initial deviation', 1)"
"('dielectric layer', 1)"
"('fe resupply', 1)"
"('atlantic halibut', 1)"
"('delay time', 1)"
"('dual problem', 1)"
"('solved initially', 1)"
"('serendipitous ligand', 1)"
"('sensillar lymph', 1)"
"('roughly similar', 1)"
"('leucophea maderae', 1)"
"('binding versatility', 1)"
"('presented graphically', 1)"
"('numerical result', 1)"
"('aperture conductance', 1)"
"('resonant absorption', 1)"
"('crystallographic orientation', 1)"
"('twin tsa', 1)"
"('spatial fluctuation', 1)"
"('tuning network', 1)"
"('optical recording', 1)"
"('critical current', 1)"
"('sequential processing', 1)"
"('tracker bandwidth', 1)"
"('star fruit', 1)"
"('apis florea', 1)"
"('impulse radio', 1)"
"('plant extract', 1)"
"('artificial substrate', 1)"
"('cartesian feedback', 1)"
"('triticum monococcum', 1)"
"('rotational invariance', 1)"
"('wavelet filter', 1)"
"('nadezhdiella cantori', 1)"
"('heliocoverpa armigera', 1)"
"('indian peninsula', 1)"
"('geographical distribution', 1)"
"('ligularia sagitta', 1)"
"('antennal length', 1)"
"('facet coating', 1)"
"('external coil', 1)"
"('wave polarization', 1)"
"('qpsk modulator', 1)"
"('wcdma downlink', 1)"
"('periplanata americana', 1)"
"('alpinia calcarata', 1)"
"('signal mismatch', 1)"
"('ili river', 1)"
"('arthropod phylogeny', 1)"
"('radio characteristic', 1)"
"('steering error', 1)"
"('mmse equalization', 1)"
"('adaptive sectorisation', 1)"
"('optical transition', 1)"
"('based simulation', 1)"
"('acanthus ilicifolius', 1)"
"('interplanetary space', 1)"
"('sky model', 1)"
"('millstone hill', 1)"
"('ionospheric temperature', 1)"
"('spiral ct', 1)"
"('bisecting glcnac', 1)"
"('edge perturbation', 1)"
"('insulated antenna', 1)"
"('electrodynamic interaction', 1)"
"('sphodromantis lineola', 1)"
"('feltleaf willow', 1)"
"('heterotermes tenuis', 1)"
"('prey capture', 1)"
"('ocean salinity', 1)"
"('uniform design', 1)"
"('source wavelet', 1)"
"('directional error', 1)"
"('ultrasonic wave', 1)"
"('tillage machine', 1)"
"('myocardial infarction', 1)"
"('shield ring', 1)"
"('mathieu equation', 1)"
"('spectral moment', 1)"
"('strip array', 1)"
"('dumbbell structure', 1)"
"('hankel function', 1)"
"('bessel equation', 1)"
"('pentalonia nigronervosa', 1)"
"('elevation spread', 1)"
"('azimuth spread', 1)"
"('numerical phantom', 1)"
"('grounded slab', 1)"
"('empirical model', 1)"
"('nonspecular scattering', 1)"
"('protective element', 1)"
"('hygienic behavior', 1)"
"('carbonic anhydrase', 1)"
"('nyquist criterion', 1)"
"('asymptotic behavior', 1)"
"('bubble curtain', 1)"
"('soft decoding', 1)"
"('chain length', 1)"
"('helicoverpa zea', 1)"
"('orderly fashion', 1)"
"('labeled cd', 1)"
"('diffraction method', 1)"
"('detailed model', 1)"
"('additional requirement', 1)"
"('selective mapping', 1)"
"('rubisco activity', 1)"
"('vehicle control', 1)"
"('glucose oxidase', 1)"
"('head structure', 1)"
"('optical heterodyning', 1)"
"('retinitis pigmentosa', 1)"
"('cayley transform', 1)"
"('sdma system', 1)"
"('blocking rate', 1)"
"('positive patterning', 1)"
"('negative patterning', 1)"
"('tropical estuary', 1)"
"('warszewiczia coccinea', 1)"
"('dodecyl acetate', 1)"
"('deterministic capacity', 1)"
"('gravitational lensing', 1)"
"('photonic emitter', 1)"
"('spatiotemporal equalization', 1)"
"('offset patch', 1)"
"('layer misalignment', 1)"
"('wcip method', 1)"
"('flat facet', 1)"
"('sleeve monopole', 1)"
"('differential geometry', 1)"
"('xylotrechus longitarsis', 1)"
"('epiglaea apiata', 1)"
"('rhynchophorus palmarum', 1)"
"('harmonic balance', 1)"
"('solid phantom', 1)"
"('primary production', 1)"
"('marine environment', 1)"
"('system snr', 1)"
"('elliptic cylinder', 1)"
"('multivariate polynomial', 1)"
"('reception diversity', 1)"
"('supella longipalpa', 1)"
"('lanczos algorithm', 1)"
"('mouse model', 1)"
"('antipredator mechanism', 1)"
"('waveform reconstruction', 1)"
"('meteor radar', 1)"
"('isturgia roraria', 1)"
"('nonconsecutive search', 1)"
"('decision strategy', 1)"
"('phase space', 1)"
"('glandular trichomes', 1)"
"('infinite array', 1)"
"('electric quadrupole', 1)"
"('coupling property', 1)"
"('scramble competition', 1)"
"('host race', 1)"
"('high resistivity', 1)"
"('tem cell', 1)"
"('transition indicates', 1)"
"('may decline', 1)"
"('cytochrome oxidase', 1)"
"('neutron scattering', 1)"
"('icp evaporation', 1)"
"('em workbench', 1)"
"('mitomycin c', 1)"
"('growth model', 1)"
"('volume conduction', 1)"
"('culex tarsalis', 1)"
"('elliptic beam', 1)"
"('mode diffraction', 1)"
"('spurious emission', 1)"
"('sar interferometry', 1)"
"('permanent scatterers', 1)"
"('power combiners', 1)"
"('amphimallon solstitiale', 1)"
"('hurwitz theorem', 1)"
"('grid computing', 1)"
"('orthogonal multiaccess', 1)"
"('endocrine gland', 1)"
"('multilayer antenna', 1)"
"('enamel erosion', 1)"
"('monomolecular layer', 1)"
"('violaxanthin', 1)"
"('recombinant one', 1)"
"('surface field', 1)"
"('cadmium pigment', 1)"
"('binding medium', 1)"
"('turntable mode', 1)"
"('multipath dispersion', 1)"
"('structure scattering', 1)"
"('ocean wind', 1)"
"('helical wire', 1)"
"('cable flexing', 1)"
"('source function', 1)"
"('search method', 1)"
"('corpus allatum', 1)"
"('stellar dynamic', 1)"
"('hybrid process', 1)"
"('multiexponential decay', 1)"
"('interference range', 1)"
"('spherical mode', 1)"
"('overlapping sector', 1)"
"('several possibility', 1)"
"('revised substantially', 1)"
"('reinhardtii seems', 1)"
"('previous interpretation', 1)"
"('present understanding', 1)"
"('involve oxidation', 1)"
"('fundamental revision', 1)"
"('final conclusion', 1)"
"('exact mechanism', 1)"
"('current interpretation', 1)"
"('hollow cathode', 1)"
"('cathode lens', 1)"
"('cave organ', 1)"
"('dielectric insulation', 1)"
"('griffithsius latipes', 1)"
"('thaw settlement', 1)"
"('hydrodynamic theory', 1)"
"('ionospheric contamination', 1)"
"('transferring system', 1)"
"('transfer time', 1)"
"('transfer property', 1)"
"('temperature time', 1)"
"('system appropriately', 1)"
"('separation time', 1)"
"('potential merit', 1)"
"('possible value', 1)"
"('particle yield', 1)"
"('neither transfer', 1)"
"('literature value', 1)"
"('linear relation', 1)"
"('intrinsic charge', 1)"
"('hypothetical photosystem', 1)"
"('finding demonstrate', 1)"
"('cubic lattice', 1)"
"('basically equal', 1)"
"('based modeling', 1)"
"('average single', 1)"
"('electromagnetic simulator', 1)"
"('magnetospheric line', 1)"
"('photonic transmitter', 1)"
"('geocentric velocity', 1)"
"('olfactory lobe', 1)"
"('energy distribution', 1)"
"('tidal wind', 1)"
"('maxillary palpi', 1)"
"('ceratomegilla undecimnotata', 1)"
"('aphidophagous coccinellids', 1)"
"('new locality', 1)"
"('parasitic oscillation', 1)"
"('depressed collector', 1)"
"('damalinia crenelata', 1)"
"('coupling impedance', 1)"
"('oxygen permeability', 1)"
"('miyake island', 1)"
"('station wagon', 1)"
"('sharp edge', 1)"
"('blind separation', 1)"
"('blind extraction', 1)"
"('excess decomposition', 1)"
"('protected area', 1)"
"('trap catch', 1)"
"('superparamagnetic limit', 1)"
"('hybrid recording', 1)"
"('multipath separation', 1)"
"('ipm orchard', 1)"
"('imperfect ground', 1)"
"('convolutional coding', 1)"
"('ice crystallisation', 1)"
"('tree shadowing', 1)"
"('tree attenuation', 1)"
"('double array', 1)"
"('spectrum issue', 1)"
"('multivariate calibration', 1)"
"('digital equaliser', 1)"
"('pennella balaenopterae', 1)"
"('first nauplius', 1)"
"('elliptical reflector', 1)"
"('field measurement', 1)"
"('searching behaviour', 1)"
"('lysiphlebus testaceipes', 1)"
"('packet network', 1)"
"('inverted configuration', 1)"
"('signal drift', 1)"
"('scanning antenna', 1)"
"('baltic shield', 1)"
"('coherence matrix', 1)"
"('bimodal transformation', 1)"
"('rosette scan', 1)"
"('lissajous scan', 1)"
"('shade tolerance', 1)"
"('helical ct', 1)"
"('kheper subaeneus', 1)"
"('trail pheromone', 1)"
"('lyonetia prunifoliella', 1)"
"('indoor reception', 1)"
"('dc offset', 1)"
"('fate map', 1)"
"('seed production', 1)"
"('mass mortality', 1)"
"('pox neuro', 1)"
"('impedance transformer', 1)"
"('fringe extension', 1)"
"('waveguide photodetector', 1)"
"('pulse function', 1)"
"('doppler psd', 1)"
"('floral odor', 1)"
"('contarinia oregonensis', 1)"
"('kuhn algorithm', 1)"
"('spectral mask', 1)"
"('reasonable complexity', 1)"
"('maximum diameter', 1)"
"('many feature', 1)"
"('pulsed communication', 1)"
"('human motion', 1)"
"('palmaria decipiens', 1)"
"('capacity limit', 1)"
"('spoke antenna', 1)"
"('polyergus rufescens', 1)"
"('caprella linearis', 1)"
"('asynchronous cdma', 1)"
"('azimuth dispersion', 1)"
"('shape reconstruction', 1)"
"('zorion guttigerum', 1)"
"('dampwood termite', 1)"
"('dendroctonus micans', 1)"
"('scalar detector', 1)"
"('iterative processing', 1)"
"('force singularity', 1)"
"('roughened eye', 1)"
"('electric charge', 1)"
"('operational calculus', 1)"
"('srpm method', 1)"
"('repeater system', 1)"
"('chirp rate', 1)"
"('microstrip amplifier', 1)"
"('electron cryomicroscopy', 1)"
"('ballistic target', 1)"
"('sound production', 1)"
"('palinurus elephas', 1)"
"('spherical code', 1)"
"('laminaria saccharina', 1)"
"('secondary rhinaria', 1)"
"('primary rhinaria', 1)"
"('rcs measurement', 1)"
"('ic card', 1)"
"('synechococcus elongatus', 1)"
"('soft capacity', 1)"
"('circular scanning', 1)"
"('unique word', 1)"
"('lygocoris pabulinus', 1)"
"('priori information', 1)"
"('initial estimate', 1)"
"('chirped grating', 1)"
"('pectinophora gossypiella', 1)"
"('cadra cautella', 1)"
"('frieseomelitta varia', 1)"
"('frieseomelitta silvestrii', 1)"
"('unbalanced circuit', 1)"
"('radiation emission', 1)"
"('sampling interval', 1)"
"('trunking efficiency', 1)"
"('battus philenor', 1)"
"('insect immunity', 1)"
"('pentanoic acid', 1)"
"('popillia japonica', 1)"
"('exomala orientalis', 1)"
"('anomala osakana', 1)"
"('impedance mismatch', 1)"
"('available power', 1)"
"('hole density', 1)"
"('nonuniform array', 1)"
"('mode method', 1)"
"('em method', 1)"
"('thylakoid structure', 1)"
"('infrared spectrum', 1)"
"('axon hillock', 1)"
"('dispersive channel', 1)"
"('boundary integral', 1)"
"('clock distribution', 1)"
"('terrain guarding', 1)"
"('gryllus bimaculatus', 1)"
"('detector array', 1)"
"('tokyo bay', 1)"
"('psba gene', 1)"
"('conformal fdtd', 1)"
"('network model', 1)"
"('chebyshev distribution', 1)"
"('coulomb explosion', 1)"
"('ion detector', 1)"
"('multiple null', 1)"
"('argyrotaenia sphaleropa', 1)"
"('phenylacetic acid', 1)"
"('cuticular extract', 1)"
"('threat system', 1)"
"('channel partitioning', 1)"
"('multidimensional signaling', 1)"
"('mode transformer', 1)"
"('reactive sputtering', 1)"
"('bianisotropic medium', 1)"
"('simulated motion', 1)"
"('time slice', 1)"
"('dispersive equation', 1)"
"('resonant circuit', 1)"
"('density inhomogeneity', 1)"
"('impulsive interference', 1)"
"('sensor management', 1)"
"('displacement transformer', 1)"
"('mr imaging', 1)"
"('buried wire', 1)"
"('curved waveguide', 1)"
"('topside sounder', 1)"
"('wireless homelink', 1)"
"('conducting enclosure', 1)"
"('device reliability', 1)"
"('maternal care', 1)"
"('gargaphia solani', 1)"
"('egg dumping', 1)"
"('forward link', 1)"
"('relative loss', 1)"
"('multiparameter radar', 1)"
"('atmospheric noise', 1)"
"('riometer calibration', 1)"
"('ultrasonic source', 1)"
"('striped mode', 1)"
"('antenna coil', 1)"
"('etch rate', 1)"
"('thz pulse', 1)"
"('microwave beacon', 1)"
"('viterbi equalizer', 1)"
"('surface resistance', 1)"
"('transmitting power', 1)"
"('project tor', 1)"
"('elastic stability', 1)"
"('critical weight', 1)"
"('velocity analysis', 1)"
"('test accessory', 1)"
"('hard palate', 1)"
"('nasa almond', 1)"
"('slot spiral', 1)"
"('correlated noise', 1)"
"('traffic control', 1)"
"('melolontha hippocastani', 1)"
"('packyrhizus ahipa', 1)"
"('subspace processing', 1)"
"('spatial displacement', 1)"
"('signal recovery', 1)"
"('population variation', 1)"
"('inhomogeneous dielectric', 1)"
"('usga green', 1)"
"('golf green', 1)"
"('california green', 1)"
"('accurate positioning', 1)"
"('transmembrane helix', 1)"
"('lake titicaca', 1)"
"('oil formulation', 1)"
"('conducting strip', 1)"
"('coherent accumulation', 1)"
"('spercheus cerisyi', 1)"
"('transepithelial potential', 1)"
"('prey detection', 1)"
"('finite f', 1)"
"('vector channel', 1)"
"('spatial signature', 1)"
"('upper silesia', 1)"
"('cable modem', 1)"
"('pseudodifferential operator', 1)"
"('maxwell system', 1)"
"('nonlinear programming', 1)"
"('multiporous plate', 1)"
"('stoma density', 1)"
"('wireless measurement', 1)"
"('curl antenna', 1)"
"('ilex paraguariensis', 1)"
"('fish activity', 1)"
"('capacitive impedance', 1)"
"('cbr protein', 1)"
"('traffic performance', 1)"
"('angle spread', 1)"
"('greedy heuristic', 1)"
"('cheekye fan', 1)"
"('lh antenna', 1)"
"('jet facility', 1)"
"('petri net', 1)"
"('platform stirring', 1)"
"('short point', 1)"
"('malus domestica', 1)"
"('ubehebe crater', 1)"
"('malic acid', 1)"
"('bilin reductase', 1)"
"('cystic fibrosis', 1)"
"('particle method', 1)"
"('phase conjugator', 1)"
"('maximin algorithm', 1)"
"('sensory feedback', 1)"
"('smart actuator', 1)"
"('synapse number', 1)"
"('labial disc', 1)"
"('sensor pattern', 1)"
"('array design', 1)"
"('gibbs sampler', 1)"
"('matching section', 1)"
"('polarimetric radiometer', 1)"
"('receiver beamforming', 1)"
"('tracking capability', 1)"
"('concrete porosity', 1)"
"('buathra tarsoleuca', 1)"
"('central core', 1)"
"('explicit method', 1)"
"('active fault', 1)"
"('olfactory transduction', 1)"
"('synechococcus sp', 1)"
"('sequence estimation', 1)"
"('semianechoic chamber', 1)"
"('phrenic pacing', 1)"
"('cardiac assist', 1)"
"('trapping process', 1)"
"('transferred excitation', 1)"
"('simultaneously analyzing', 1)"
"('multichannel detection', 1)"
"('integral pigment', 1)"
"('initial anisotropy', 1)"
"('follow immediately', 1)"
"('final anisotropy', 1)"
"('equilibration process', 1)"
"('decayed biphasically', 1)"
"('catheter antenna', 1)"
"('oscillation frequency', 1)"
"('bar mode', 1)"
"('developmental instability', 1)"
"('code diversity', 1)"
"('correlation tensor', 1)"
"('complex structure', 1)"
"('tunnel environment', 1)"
"('effective gain', 1)"
"('topsoil depth', 1)"
"('error power', 1)"
"('probe feed', 1)"
"('multiray channel', 1)"
"('directivity function', 1)"
"('standoff voltage', 1)"
"('reticle damage', 1)"
"('mst radar', 1)"
"('reciprocal space', 1)"
"('defect mode', 1)"
"('hydrographic surveying', 1)"
"('common use', 1)"
"('water maser', 1)"
"('evolved star', 1)"
"('contact point', 1)"
"('limb development', 1)"
"('native pigment', 1)"
"('incorporated preferentially', 1)"
"('functional transformation', 1)"
"('cyanobacterial development', 1)"
"('binding activity', 1)"
"('arabidopsis cao', 1)"
"('fast decoding', 1)"
"('intervehicle communication', 1)"
"('blow fly', 1)"
"('voronoi tessellation', 1)"
"('point process', 1)"
"('coverage process', 1)"
"('boolean model', 1)"
"('south atlantic', 1)"
"('undergraduate research', 1)"
"('attitude sensor', 1)"
"('infinite capacity', 1)"
"('focusing effect', 1)"
"('quasiconformal map', 1)"
"('preimaginal stage', 1)"
"('cichorium intybus', 1)"
"('plasma diagnostics', 1)"
"('project pamor', 1)"
"('gene duplication', 1)"
"('bacteria growth', 1)"
"('mine detection', 1)"
"('infraorbital nerve', 1)"
"('tool use', 1)"
"('extractive foraging', 1)"
"('exact controllability', 1)"
"('dendrolimus superans', 1)"
"('bleeper station', 1)"
"('transparent absorber', 1)"
"('wire scatterers', 1)"
"('reaction rate', 1)"
"('cryogenic packaging', 1)"
"('cooling system', 1)"
"('capacity enhancement', 1)"
"('fft circuit', 1)"
"('cluster feeding', 1)"
"('system eb', 1)"
"('parasitic wire', 1)"
"('design concept', 1)"
"('balanced mixer', 1)"
"('antenna hybrid', 1)"
"('serviceability limit', 1)"
"('array applicator', 1)"
"('average snr', 1)"
"('goal programming', 1)"
"('ctenocephalides felis', 1)"
"('gsm standard', 1)"
"('wristwatch phone', 1)"
"('resource pooling', 1)"
"('underwater material', 1)"
"('intraband transition', 1)"
"('rice transplanter', 1)"
"('foreign body', 1)"
"('normal approximation', 1)"
"('branchinecta hiberna', 1)"
"('cyclostationary property', 1)"
"('terminating impedance', 1)"
"('human model', 1)"
"('basitarsal brush', 1)"
"('receiving terminal', 1)"
"('veracruz state', 1)"
"('wireless endoscopy', 1)"
"('small bowel', 1)"
"('driver amplifier', 1)"
"('nomadic computing', 1)"
"('satellite broadcasting', 1)"
"('lobaria scrobiculata', 1)"
"('ferroelectric material', 1)"
"('quasioptical coupling', 1)"
"('andreev reflection', 1)"
"('distributional border', 1)"
"('spline function', 1)"
"('ax center', 1)"
"('thuja occidentalis', 1)"
"('chamaecyparis lawsonia', 1)"
"('polymer waveguide', 1)"
"('cuticle gene', 1)"
"('rana ridibunda', 1)"
"('ra superfamily', 1)"
"('intraspecific competition', 1)"
"('prosapia bicincta', 1)"
"('artificial heart', 1)"
"('seismic antenna', 1)"
"('atomic function', 1)"
"('intersegmental sensilla', 1)"
"('coeloconic peg', 1)"
"('diffraction theory', 1)"
"('nest odour', 1)"
"('nest moving', 1)"
"('concatenated coding', 1)"
"('thalamic stimulation', 1)"
"('optimal focusing', 1)"
"('closed form', 1)"
"('hedgehog signaling', 1)"
"('cubitus interruptus', 1)"
"('algal community', 1)"
"('level flight', 1)"
"('prochlorococcus marinus', 1)"
"('rhodospirillum molischianum', 1)"
"('rhodopseudomonas acidophila', 1)"
"('circular aggregate', 1)"
"('sparkle model', 1)"
"('flash chromatography', 1)"
"('source model', 1)"
"('subsidence inversion', 1)"
"('atmospheric duct', 1)"
"('theoretical simulation', 1)"
"('result indicated', 1)"
"('large width', 1)"
"('including determination', 1)"
"('external electric', 1)"
"('detailed characterization', 1)"
"('considerable interest', 1)"
"('meromeric segmentation', 1)"
"('aphidius ervi', 1)"
"('pupal case', 1)"
"('iroquois complex', 1)"
"('agelastica coerulea', 1)"
"('vivo measurement', 1)"
"('terminal part', 1)"
"('result indicate', 1)"
"('resistant psaf', 1)"
"('oxidative damage', 1)"
"('isolated photosystem', 1)"
"('directly affected', 1)"
"('deficient strain', 1)"
"('aerobic condition', 1)"
"('trapping mechanism', 1)"
"('fifth limb', 1)"
"('robber fly', 1)"
"('vanessa indica', 1)"
"('kaniska canace', 1)"
"('host attractants', 1)"
"('limit point', 1)"
"('eigenvector beam', 1)"
"('emi measurement', 1)"
"('offset parabola', 1)"
"('virtual telescope', 1)"
"('conventional method', 1)"
"('mdof structure', 1)"
"('discharge frequency', 1)"
"('molecular modeling', 1)"
"('stizostedion vitreum', 1)"
"('rhodobium marinum', 1)"
"('acoustic size', 1)"
"('diachasmimorpha kraussii', 1)"
"('kerria sharda', 1)"
"('cameraria ohridella', 1)"
"('bylot island', 1)"
"('fresnel approximation', 1)"
"('net inductance', 1)"
"('rf trap', 1)"
"('differential screening', 1)"
"('hardware platform', 1)"
"('bus architecture', 1)"
"('algorithm diversity', 1)"
"('strip line', 1)"
"('shield case', 1)"
"('tachysphex pechumani', 1)"
"('dielectric load', 1)"
"('coaxial choke', 1)"
"('ventricular tachycardia', 1)"
"('myelinated axon', 1)"
"('bohai sea', 1)"
"('dictyocaulus viviparus', 1)"
"('nonhost volatile', 1)"
"('hmg domain', 1)"
"('capacitive current', 1)"
"('host range', 1)"
"('sinea diadema', 1)"
"('nabis americoferus', 1)"
"('nabicula subcoleoptrata', 1)"
"('setora nitens', 1)"
"('bacterial density', 1)"
"('quantal analysis', 1)"
"('dr antenna', 1)"
"('diamond detector', 1)"
"('wide stopband', 1)"
"('superconducting antenna', 1)"
"('lake baikal', 1)"
"('exciton theory', 1)"
"('sensory system', 1)"
"('conidial concentration', 1)"
"('gossypium hirsutum', 1)"
"('intermittent irradiation', 1)"
"('fish pas', 1)"
"('multilayer medium', 1)"
"('matching layer', 1)"
"('internal reflection', 1)"
"('dpsk modulation', 1)"
"('ursus maritimus', 1)"
"('rf exposure', 1)"
"('pulse coupling', 1)"
"('effective interference', 1)"
"('ocean wave', 1)"
"('channel catfish', 1)"
"('carrousel irradiator', 1)"
"('wire ifa', 1)"
"('cotton genotype', 1)"
"('ceramic bolus', 1)"
"('scarab beetle', 1)"
"('spatial undersampling', 1)"
"('mitotic domain', 1)"
"('axis element', 1)"
"('genital disc', 1)"
"('proximodistal axis', 1)"
"('negative cooperativity', 1)"
"('lambda method', 1)"
"('stable point', 1)"
"('physical point', 1)"
"('present form', 1)"
"('electronic center', 1)"
"('nucleocytoplasmic incompatibility', 1)"
"('cytoplasmic hybrid', 1)"
"('disulfide bridge', 1)"
"('contact sensilla', 1)"
"('rat lung', 1)"
"('erethizon dorsatum', 1)"
"('host evaluation', 1)"
"('artificial host', 1)"
"('wave generation', 1)"
"('unusually short', 1)"
"('successively illuminated', 1)"
"('strongly dependent', 1)"
"('solar disk', 1)"
"('solar atmosphere', 1)"
"('scale trajectory', 1)"
"('radio burst', 1)"
"('quite probable', 1)"
"('mhz radio', 1)"
"('leading pulse', 1)"
"('dynamical source', 1)"
"('delayed echo', 1)"
"('considerable distance', 1)"
"('central sector', 1)"
"('central region', 1)"
"('bimodal spectrum', 1)"
"('apparent source', 1)"
"('online control', 1)"
"('axonal trajectory', 1)"
"('pheromone sensor', 1)"
"('kinetic analysis', 1)"
"('energy spillover', 1)"
"('residual carrier', 1)"
"('horizontal position', 1)"
"('serial section', 1)"
"('autocorrelation coefficient', 1)"
"('sidelobe characteristic', 1)"
"('maneuver detector', 1)"
"('circular prediction', 1)"
"('quadratic residue', 1)"
"('radio channel', 1)"
"('vega mission', 1)"
"('comet halley', 1)"
"('alces alces', 1)"
"('hf range', 1)"
"('local irradiation', 1)"
"('plant finding', 1)"
"('plant acceptance', 1)"
"('anasa tristis', 1)"
"('functional morphology', 1)"
"('vitacea polistiformis', 1)"
"('vhf plasma', 1)"
"('postresonator method', 1)"
"('despreading procedure', 1)"
"('radical composition', 1)"
"('transfer reaction', 1)"
"('reaction step', 1)"
"('internal electron', 1)"
"('called proton', 1)"
"('binuclear center', 1)"
"('carotovoricin er', 1)"
"('biting midge', 1)"
"('excess loss', 1)"
"('anomala rufocuprea', 1)"
"('detection limit', 1)"
"('thallus absorption', 1)"
"('package effect', 1)"
"('dioryctria abietivorella', 1)"
"('rhagoletis pomonella', 1)"
"('northeastern pacific', 1)"
"('hydrothermal site', 1)"
"('periplaneta fuliginosa', 1)"
"('anomala octiescostata', 1)"
"('cucurbita foetidissima', 1)"
"('coleomegilla maculata', 1)"
"('german cockroach', 1)"
"('pigment synthesis', 1)"
"('microbial insecticide', 1)"
"('international trade', 1)"
"('mulberry looper', 1)"
"('chiral column', 1)"
"('amitus bennetti', 1)"
"('theoretical model', 1)"
"('hemileuca nuttalli', 1)"
"('parallel transmission', 1)"
"('stent deployment', 1)"
"('mr guidance', 1)"
"('sambucus nigra', 1)"
"('populus tremula', 1)"
"('molecular oxygen', 1)"
"('ceutorhynchus assimilis', 1)"
"('hyposoter didymator', 1)"
"('bounty island', 1)"
"('ascogaster quadridentata', 1)"
"('pertubation approach', 1)"
"('output stage', 1)"
"('fir filter', 1)"
"('pbxl dye', 1)"
"('spreading bandwidth', 1)"
"('tor project', 1)"
"('drosophila simulans', 1)"
"('salivary duct', 1)"
"('imaginal ring', 1)"
"('eye gone', 1)"
"('metal pole', 1)"
"('polar patch', 1)"
"('polar hole', 1)"
"('pancreatic carcinoma', 1)"
"('occupied area', 1)"
"('maximum density', 1)"
"('carrying capacity', 1)"
"('dunaliella salina', 1)"
"('parotid gland', 1)"
"('spherical cavity', 1)"
"('oil film', 1)"
"('grid array', 1)"
"('element efficiency', 1)"
"('noncoherent fsk', 1)"
"('sgoce paradigm', 1)"
"('nonminimum phase', 1)"
"('hubert transform', 1)"
"('uhf coupler', 1)"
"('field probe', 1)"
"('rotatable patch', 1)"
"('sidelobe blanking', 1)"
"('subcarrier multiplexing', 1)"
"('current redistribution', 1)"
"('penaeus indicus', 1)"
"('emerita asiatica', 1)"
"('olfactory bulb', 1)"
"('procephalic neuroectoderm', 1)"
"('maxillary segment', 1)"
"('drosophila embryogenesis', 1)"
"('symbolic sequence', 1)"
"('fluid flow', 1)"
"('rhinoceros beetle', 1)"
"('spike generation', 1)"
"('coaxial line', 1)"
"('lu factorization', 1)"
"('echo sounder', 1)"
"('minimum blockage', 1)"
"('electrochemical cell', 1)"
"('polarised cell', 1)"
"('energy shuttle', 1)"
"('falcate sensilla', 1)"
"('planotortrix notophaea', 1)"
"('antennal posture', 1)"
"('pupal commitment', 1)"
"('precis coenia', 1)"
"('imaginal disk', 1)"
"('exciton coupling', 1)"
"('lh2 antenna', 1)"
"('growth hormone', 1)"
"('shear fracturing', 1)"
"('frictional sliding', 1)"
"('biaxial compression', 1)"
"('internal dynamic', 1)"
"('extraordinary wave', 1)"
"('opius concolor', 1)"
"('electrophysiological technique', 1)"
"('dc 1800', 1)"
"('tetraneura nigriabdominalis', 1)"
"('ligustrum japonicum', 1)"
"('ultrasound surgery', 1)"
"('uncoupling protein', 1)"
"('nymphal stage', 1)"
"('transmission quality', 1)"
"('normal mode', 1)"
"('impedance characteristic', 1)"
"('defensive behaviour', 1)"
"('uniaxial chirality', 1)"
"('fdtd technique', 1)"
"('artificial leaf', 1)"
"('agrius convolvulus', 1)"
"('intervallic wavelet', 1)"
"('experimental logistics', 1)"
"('surface coil', 1)"
"('direct sequence', 1)"
"('tcabr tokamak', 1)"
"('horizontal dipole', 1)"
"('loop gain', 1)"
"('ring array', 1)"
"('filter bank', 1)"
"('edge slot', 1)"
"('interference canceller', 1)"
"('actual gain', 1)"
"('artificial insemination', 1)"
"('internetworking protocol', 1)"
"('ion energy', 1)"
"('rf breakdown', 1)"
"('rician factor', 1)"
"('elliptical lens', 1)"
"('broadband diplexers', 1)"
"('plasma scattering', 1)"
"('satellite layout', 1)"
"('minkowski operation', 1)"
"('geometrical decomposition', 1)"
"('endpoint prediction', 1)"
"('mode jump', 1)"
"('feeding gap', 1)"
"('digital processing', 1)"
"('guiding structure', 1)"
"('parasitic dipole', 1)"
"('channel reuse', 1)"
"('quasistatic capacitance', 1)"
"('fringe current', 1)"
"('leek moth', 1)"
"('asclepias curassavica', 1)"
"('syrian landrace', 1)"
"('energy uncoupling', 1)"
"('atrial gland', 1)"
"('cell organelle', 1)"
"('zenaida macroura', 1)"
"('cassini spacecraft', 1)"
"('automatic adjustment', 1)"
"('quantum thermopower', 1)"
"('toxorhynchites amboinensis', 1)"
"('parallel stub', 1)"
"('fibre composite', 1)"
"('coniferous forest', 1)"
"('deuterium oxide', 1)"
"('gran sasso', 1)"
"('drone behaviour', 1)"
"('tarsal segment', 1)"
"('radiation therapy', 1)"
"('oral cancer', 1)"
"('intraarterial infusion', 1)"
"('mirror machine', 1)"
"('probe antenna', 1)"
"('radar array', 1)"
"('niultipath distortion', 1)"
"('symmetric excitation', 1)"
"('plasma resistance', 1)"
"('monotonic variation', 1)"
"('axial component', 1)"
"('amplitude arises', 1)"
"('quadrature hybrid', 1)"
"('radio lan', 1)"
"('total number', 1)"
"('spectral band', 1)"
"('recombinant product', 1)"
"('dependent broadening', 1)"
"('absorption associated', 1)"
"('lpm effect', 1)"
"('rf reflectivity', 1)"
"('optical baffle', 1)"
"('myogenic automatism', 1)"
"('motor learning', 1)"
"('symmetrical contest', 1)"
"('steiner tree', 1)"
"('equivalent radius', 1)"
"('illegitimate recombination', 1)"
"('grana margin', 1)"
"('auxiliary pigment', 1)"
"('schistosoma mansoni', 1)"
"('hydatid cyst', 1)"
"('organic lubricant', 1)"
"('rna expression', 1)"
"('gene structure', 1)"
"('puc operon', 1)"
"('olfactory orientation', 1)"
"('subantennal groove', 1)"
"('olfactory afferent', 1)"
"('wavelet transforms', 1)"
"('decorrelating detector', 1)"
"('theoretical curve', 1)"
"('signal fluctuation', 1)"
"('reflectivity factor', 1)"
"('physical factor', 1)"
"('phase particle', 1)"
"('larger fraction', 1)"
"('instrumental factor', 1)"
"('ice particle', 1)"
"('generally associated', 1)"
"('empirical relationship', 1)"
"('cm wavelength', 1)"
"('cloud water', 1)"
"('radiated pattern', 1)"
"('computation accuracy', 1)"
"('superconductive accelerator', 1)"
"('chemoreceptor cell', 1)"
"('fullwave analysis', 1)"
"('diamond deposition', 1)"
"('multidisciplinary characteristic', 1)"
"('dodecanoic acid', 1)"
"('crosscorrelation function', 1)"
"('orthogonal polynomial', 1)"
"('ferrite sheet', 1)"
"('polymer foil', 1)"
"('retrodirective antenna', 1)"
"('sputter deposition', 1)"
"('sterna caspia', 1)"
"('portable equipment', 1)"
"('integration surface', 1)"
"('switching device', 1)"
"('stator coil', 1)"
"('holographic diffuser', 1)"
"('monopulse method', 1)"
"('loop method', 1)"
"('cluttered environment', 1)"
"('diabetic pregnancy', 1)"
"('aberrant pregnancy', 1)"
"('power coupling', 1)"
"('cn film', 1)"
"('computational efficiency', 1)"
"('bandlimited function', 1)"
"('memory function', 1)"
"('phase encoding', 1)"
"('polynomial approximation', 1)"
"('three subwaveguides', 1)"
"('several gigahertz', 1)"
"('h plane', 1)"
"('computer memory', 1)"
"('plasma hydrogenation', 1)"
"('simultaneous sampling', 1)"
"('sampling matrix', 1)"
"('dbf antenna', 1)"
"('automatic tracking', 1)"
"('trial function', 1)"
"('xanthophyll pigment', 1)"
"('helix pomatia', 1)"
"('absolute quantitation', 1)"
"('dynamis borassi', 1)"
"('cp 26', 1)"
"('diaeretiella rapae', 1)"
"('step type', 1)"
"('prenatal development', 1)"
"('sterna hirundo', 1)"
"('reproductive behavior', 1)"
"('northern squawfish', 1)"
"('therefore necessary', 1)"
"('several device', 1)"
"('monsoon trough', 1)"
"('flower thrip', 1)"
"('conformational transition', 1)"
"('optical metrology', 1)"
"('nine surface', 1)"
"('intracellular injection', 1)"
"('vee dipole', 1)"
"('land mine', 1)"
"('extracellular matrix', 1)"
"('electromagnetic screening', 1)"
"('sensilla ampullacea', 1)"
"('spatial analysis', 1)"
"('antenna material', 1)"
"('weight vector', 1)"
"('mating system', 1)"
"('lepeophtheirus salmonis', 1)"
"('sipyloidea sipylus', 1)"
"('extatosoma tiaratum', 1)"
"('eurycantha calcarata', 1)"
"('acrophylla wuelfingi', 1)"
"('tee junction', 1)"
"('photorefractive crystal', 1)"
"('triangular section', 1)"
"('sar processing', 1)"
"('thermal equilibrium', 1)"
"('feed location', 1)"
"('perturbation technique', 1)"
"('hexaedric antenna', 1)"
"('cimex hemipterus', 1)"
"('avoidance angle', 1)"
"('parastenocaris phyllura', 1)"
"('integrated feed', 1)"
"('black cutworm', 1)"
"('sulphur analogue', 1)"
"('vinca minor', 1)"
"('vinca major', 1)"
"('helianthus annuus', 1)"
"('aphelinus gossypii', 1)"
"('carbon assimilation', 1)"
"('dielectric scatterers', 1)"
"('amplitude scintillation', 1)"
"('prey switching', 1)"
"('zn substrate', 1)"
"('briefcase antenna', 1)"
"('input loss', 1)"
"('excitation power', 1)"
"('point matching', 1)"
"('april 1993', 1)"
"('future trend', 1)"
"('lognormal shadowing', 1)"
"('ccir model', 1)"
"('correlative detection', 1)"
"('initial tension', 1)"
"('null synthesis', 1)"
"('line equation', 1)"
"('prostephanus truncatus', 1)"
"('river breakup', 1)"
"('frazil run', 1)"
"('parametric simulation', 1)"
"('pit organ', 1)"
"('psacothea hilaris', 1)"
"('mrna transcript', 1)"
"('isolated chloroplast', 1)"
"('boll weevil', 1)"
"('photon exposure', 1)"
"('creatonotos transiens', 1)"
"('arctia caja', 1)"
"('matsucoccus josephi', 1)"
"('parsonsia laevigata', 1)"
"('idea leuconoe', 1)"
"('central organ', 1)"
"('barley leaf', 1)"
"('olfactory dendrite', 1)"
"('analytical centrifugation', 1)"
"('stenoma cecropia', 1)"
"('net photosynthesis', 1)"
"('dodecylbenzene sulfonate', 1)"
"('chlorella emersonii', 1)"
"('rice bug', 1)"
"('second messenger', 1)"
"('inductive wall', 1)"
"('multiuser receiver', 1)"
"('contrast medium', 1)"
"('surface error', 1)"
"('extrapolation algorithm', 1)"
"('yellowing mechanism', 1)"
"('pseudotsuga menziesii', 1)"
"('pinus ponderosa', 1)"
"('malva neglecta', 1)"
"('mahonia repens', 1)"
"('euonymus kiautschovicus', 1)"
"('collocation technique', 1)"
"('cell division', 1)"
"('sacculus sensilla', 1)"
"('rotatory apparatus', 1)"
"('rhodamine dye', 1)"
"('hygrothermal condition', 1)"
"('structural hypothesis', 1)"
"('multiresolution modulation', 1)"
"('triticum aestivum', 1)"
"('microcell system', 1)"
"('terrestrial broadcasting', 1)"
"('synthetic impulse', 1)"
"('lateral antenna', 1)"
"('qa reduction', 1)"
"('echolocating bat', 1)"
"('polarization method', 1)"
"('autoregressive method', 1)"
"('series solution', 1)"
"('struve function', 1)"
"('multislot antenna', 1)"
"('mri antenna', 1)"
"('site shielding', 1)"
"('optimum method', 1)"
"('microstrip probe', 1)"
"('plating process', 1)"
"('power durability', 1)"
"('electrode material', 1)"
"('mask method', 1)"
"('semiconductor superlattice', 1)"
"('bloch oscillation', 1)"
"('fft algorithm', 1)"
"('cassava mealybug', 1)"
"('antidromic heartbeat', 1)"
"('turnip moth', 1)"
"('apical plate', 1)"
"('heat bleaching', 1)"
"('heat production', 1)"
"('euonymus europaeus', 1)"
"('monoclonal antibody', 1)"
"('physical fitness', 1)"
"('larval experience', 1)"
"('pore channel', 1)"
"('ultrasonic surgery', 1)"
"('lygus lineolaris', 1)"
"('dead space', 1)"
"('light acclimatization', 1)"
"('abdominal histoblasts', 1)"
"('wave velocity', 1)"
"('wheat sap', 1)"
"('oat sap', 1)"
"('south china', 1)"
"('isoxys auritus', 1)"
"('megaselia halterata', 1)"
"('interindividual variation', 1)"
"('rubrivivax gelatinosus', 1)"
"('trichinella spiralis', 1)"
"('fibronectin receptor', 1)"
"('response spectrum', 1)"
"('lhcii kinase', 1)"
"('electromagnetic missile', 1)"
"('oriental beetle', 1)"
"('molecular modelling', 1)"
"('exciton interaction', 1)"
"('b820 subunit', 1)"
"('segment polarity', 1)"
"('homeotic gene', 1)"
"('sectional electroantennography', 1)"
"('isobutyl propionate', 1)"
"('ethyl isobutyrate', 1)"
"('ethyl butyrate', 1)"
"('elaeis quineensis', 1)"
"('energy quenching', 1)"
"('sitobion avenae', 1)"
"('pastinaca sativa', 1)"
"('papilio polyxenes', 1)"
"('evolutionary adaptation', 1)"
"('tyrosine m210', 1)"
"('carotenoid absorbance', 1)"
"('terrestrial locomotion', 1)"
"('indianmeal moth', 1)"
"('disc evagination', 1)"
"('plasma production', 1)"
"('lphimediella margueritei', 1)"
"('callosobruchus subinnotatus', 1)"
"('bambarra nut', 1)"
"('bloch oscillator', 1)"
"('nesting behavior', 1)"
"('constructive method', 1)"
"('portable telephone', 1)"
"('simulated source', 1)"
"('radiated interference', 1)"
"('estimation method', 1)"
"('actual configuration', 1)"
"('topographic mapping', 1)"
"('reflection arrangement', 1)"
"('radar beam', 1)"
"('plane containing', 1)"
"('pancake shape', 1)"
"('mean doppler', 1)"
"('magnitude greater', 1)"
"('localized within', 1)"
"('echo patch', 1)"
"('dimension along', 1)"
"('steering signal', 1)"
"('rational function', 1)"
"('pulp concentration', 1)"
"('three antenna', 1)"
"('receiver operate', 1)"
"('paper discus', 1)"
"('noise amplifier', 1)"
"('measured performance', 1)"
"('cryogenics package', 1)"
"('undergo dissociation', 1)"
"('thus high', 1)"
"('speed pumping', 1)"
"('sheetlike characteristic', 1)"
"('japan society', 1)"
"('intensity ratio', 1)"
"('diffusive region', 1)"
"('carbon specie', 1)"
"('applied physic', 1)"
"('eigenvector analysis', 1)"
"('weight coefficient', 1)"
"('pheromone release', 1)"
"('fluctuating ppfd', 1)"
"('adaptive routeing', 1)"
"('polarization switching', 1)"
"('significant decrease', 1)"
"('remaining chlorophyll', 1)"
"('inactivated together', 1)"
"('cyanobacterial thylakoids', 1)"
"('chlorophyll remaining', 1)"
"('chlorophyll associated', 1)"
"('background strain', 1)"
"('diadinoxanthin cycle', 1)"
"('fresh water', 1)"
"('cab gene', 1)"
"('subtractive hybridization', 1)"
"('thoracic interneurons', 1)"
"('intracellular calcium', 1)"
"('rhyacophila nubila', 1)"
"('tube structure', 1)"
"('eldana saccharina', 1)"
"('phase multiplication', 1)"
"('broadband holography', 1)"
"('xylene isomerisation', 1)"
"('stark spectrum', 1)"
"('chirp signal', 1)"
"('asparagine methylation', 1)"
"('unicolax chrysophryenus', 1)"
"('copepod behavior', 1)"
"('b875 complex', 1)"
"('inactive center', 1)"
"('fluorescence induction', 1)"
"('quasioptical mixer', 1)"
"('dredged area', 1)"
"('thermal equilibration', 1)"
"('carotenoid pattern', 1)"
"('deployment reliability', 1)"
"('wiley blackwell', 1)"
"('particle isolated', 1)"
"('higher temperature', 1)"
"('fit parameter', 1)"
"('attribute t1', 1)"
"('also applied', 1)"
"('caryedon serratus', 1)"
"('plasma measurement', 1)"
"('minimum mass', 1)"
"('manufactured antenna', 1)"
"('experimental analysis', 1)"
"('erectable system', 1)"
"('dynamically isolated', 1)"
"('based system', 1)"
"('gastropacha quercifolia', 1)"
"('growth cone', 1)"
"('two dimension', 1)"
"('tseng window', 1)"
"('microloading effect', 1)"
"('charge damage', 1)"
"('antenna shape', 1)"
"('sheath capacitance', 1)"
"('corner length', 1)"
"('strip grating', 1)"
"('multivariable analysis', 1)"
"('aperture mapping', 1)"
"('attenuation pole', 1)"
"('antenna duplexer', 1)"
"('interline coupling', 1)"
"('vsat standard', 1)"
"('synthesized pulse', 1)"
"('western blotting', 1)"
"('foley catheter', 1)"
"('primary structure', 1)"
"('poecilocampa populi', 1)"
"('boreus hiemalis', 1)"
"('fork head', 1)"
"('merit factor', 1)"
"('lactic acid', 1)"
"('primary reaction', 1)"
"('cyclic gmp', 1)"
"('cladistic analysis', 1)"
"('dance language', 1)"
"('h field', 1)"
"('earth interface', 1)"
"('author discus', 1)"
"('upwind flight', 1)"
"('cold receptor', 1)"
"('biometrical analysis', 1)"
"('southern blot', 1)"
"('temporal pattern', 1)"
"('ecological succession', 1)"
"('floral extract', 1)"
"('utetheisa ornatrix', 1)"
"('pyrrolizidine alkaloid', 1)"
"('glycan branching', 1)"
"('semanotus japonicus', 1)"
"('close range', 1)"
"('oxidation speed', 1)"
"('scot pine', 1)"
"('length fluctuation', 1)"
"('circumstellar cloud', 1)"
"('membrane fluidity', 1)"
"('polyacrylamide gel', 1)"
"('hyperthermia applicator', 1)"
"('theoretical nakagami', 1)"
"('signal statistic', 1)"
"('morphological aspect', 1)"
"('equinoctial month', 1)"
"('refractivity profile', 1)"
"('fact occur', 1)"
"('extreme subrefraction', 1)"
"('calculated fade', 1)"
"('assateague beach', 1)"
"('antenna location', 1)"
"('linear independence', 1)"
"('feed array', 1)"
"('wave bending', 1)"
"('passive reflector', 1)"
"('matrix analysis', 1)"
"('optical branch', 1)"
"('arterial system', 1)"
"('epidermal foot', 1)"
"('adaptive structure', 1)"
"('various kind', 1)"
"('structural organization', 1)"
"('spectral lineshapes', 1)"
"('spectral inhomogeneity', 1)"
"('psi particle', 1)"
"('observed experimentally', 1)"
"('mutant strain', 1)"
"('largely attributed', 1)"
"('cryptomonas rufescens', 1)"
"('rest period', 1)"
"('regurgitation allomone', 1)"
"('vega 2', 1)"
"('mostly generated', 1)"
"('generated impulse', 1)"
"('tetramorium caespitum', 1)"
"('dalbulus quinquenotatus', 1)"
"('heat stability', 1)"
"('grating spectrometer', 1)"
"('upon association', 1)"
"('similar structure', 1)"
"('polarized fluorescence', 1)"
"('oscillator strength', 1)"
"('main low', 1)"
"('interacting bacteriochlorophyll', 1)"
"('best explained', 1)"
"('antiparallel configuration', 1)"
"('triplet formation', 1)"
"('silene dioica', 1)"
"('microstrip discontinuity', 1)"
"('oryzaephilus surinamensis', 1)"
"('sibling specie', 1)"
"('intraspecific variation', 1)"
"('clonal diversity', 1)"
"('microplitis croceipes', 1)"
"('medium voltage', 1)"
"('solar flux', 1)"
"('easily identified', 1)"
"('skew angle', 1)"
"('gravitational radiation', 1)"
"('author analyze', 1)"
"('accurately predicts', 1)"
"('mrna stability', 1)"
"('plasmid pess8', 1)"
"('located upstream', 1)"
"('highly homologous', 1)"
"('fragment revealed', 1)"
"('directly downstream', 1)"
"('complex b870', 1)"
"('gunn diode', 1)"
"('transit time', 1)"
"('video recording', 1)"
"('lipaphis erysimi', 1)"
"('emerson enhancement', 1)"
"('insect cuticle', 1)"
"('computer reconstruction', 1)"
"('dsb system', 1)"
"('chloroplast differentiation', 1)"
"('receptive field', 1)"
"('colotois pennaria', 1)"
"('agriopis marginaria', 1)"
"('2 k', 1)"
"('nucleotide sequence', 1)"
"('male pheromone', 1)"
"('glycine providing', 1)"
"('evidence showing', 1)"
"('directly proportional', 1)"
"('well established', 1)"
"('technical quality', 1)"
"('satisfactory reference', 1)"
"('literature describing', 1)"
"('electrical engineer', 1)"
"('allowing u', 1)"
"('mating jelly', 1)"
"('elliptic error', 1)"
"('photosystem 1', 1)"
"('neighbouring polypeptide', 1)"
"('maximum fluorescence', 1)"
"('biforked basiconica', 1)"
"('terminal segment', 1)"
"('terminal end', 1)"
"('spectroscopic analysis', 1)"
"('protein sequencing', 1)"
"('noncovalently bound', 1)"
"('grow anaerobically', 1)"
"('chase experiment', 1)"
"('charged segment', 1)"
"('inflected surface', 1)"
"('selenium deficiency', 1)"
"('location finding', 1)"
"('wind velocity', 1)"
"('security service', 1)"
"('september 1983', 1)"
"('synechocystis 6803', 1)"
"('broadband design', 1)"
"('qualitative reasoning', 1)"
"('fade countermeasure', 1)"
"('phospholipase c', 1)"
"('differential mitoses', 1)"
"('tail heating', 1)"
"('right reserved', 1)"
"('equivalent whole', 1)"
"('anesthetized sprague', 1)"
"('combined technique', 1)"
"('male choice', 1)"
"('antheraea pernyi', 1)"
"('transneuronal degeneration', 1)"
"('subsurface cistern', 1)"
"('carrot volatile', 1)"
"('chlorella pyrenoidosa', 1)"
"('loading impedance', 1)"
"('linear theory', 1)"
"('cavity resonance', 1)"
"('pinus contorta', 1)"
"('photon yield', 1)"
"('tca tokamak', 1)"
"('heliotron e', 1)"
"('tin coating', 1)"
"('carotenoid gene', 1)"
"('trapping kinetics', 1)"
"('protohermes grandis', 1)"
"('larval frass', 1)"
"('lipid membrane', 1)"
"('pseudaletia unipuncta', 1)"
"('benzyl alcohol', 1)"
"('bruchidius atrolineatus', 1)"
"('peltigera rufescens', 1)"
"('sunflower pollen', 1)"
"('sunflower moth', 1)"
"('homoeosoma electellum', 1)"
"('frequency scaling', 1)"
"('mediate signal', 1)"
"('guanine nucleotide', 1)"
"('drosophila genomic', 1)"
"('abdominal ganglion', 1)"
"('parametric investigation', 1)"
"('flux line', 1)"
"('heliobacterium chlorum', 1)"
"('olfactory hair', 1)"
"('membrane potential', 1)"
"('oechalia schellembergii', 1)"
"('information processing', 1)"
"('radical pair', 1)"
"('phase hplc', 1)"
"('chiral center', 1)"
"('chemical society', 1)"
"('optical processing', 1)"
"('circular dipole', 1)"
"('backfire antenna', 1)"
"('ray analysis', 1)"
"('artifact distinction', 1)"
"('joule loss', 1)"
"('loading resistance', 1)"
"('two radar', 1)"
"('polarized antenna', 1)"
"('either side', 1)"
"('data product', 1)"
"('canada centre', 1)"
"('range gating', 1)"
"('doppler filtering', 1)"
"('cw pulse', 1)"
"('oil shale', 1)"
"('optical isl', 1)"
"('27 mhz', 1)"
"('thermal clearance', 1)"
"('chlamydomonas reinhardii', 1)"
"('pseudoplusia includens', 1)"
"('synanthedon pictipes', 1)"
"('methyl benzoate', 1)"
"('melanoplus sanguinipes', 1)"
"('hypochlora alba', 1)"
"('artemisia ludoviciana', 1)"
"('protochlorophyllide reductase', 1)"
"('winter moth', 1)"
"('bruce spanworm', 1)"
"('escape response', 1)"
"('protein structure', 1)"
"('schizaphis graminum', 1)"
"('impurity transport', 1)"
"('edge heating', 1)"
"('electron donation', 1)"
"('motor programme', 1)"
"('radio star', 1)"
"('tobacco budworm', 1)"
"('ground cherry', 1)"
"('kathetostoma giganteum', 1)"
"('substantially divergent', 1)"
"('overall identity', 1)"
"('cab protein', 1)"
"('bacterial protein', 1)"
"('simultaneous result', 1)"
"('several process', 1)"
"('particle precipitation', 1)"
"('pancake perpendicular', 1)"
"('occurred sporadically', 1)"
"('modification experiment', 1)"
"('heater frequency', 1)"
"('enhanced due', 1)"
"('pilot program', 1)"
"('operational user', 1)"
"('proboscis extension', 1)"
"('dacus dorsalis', 1)"
"('sensillum lymph', 1)"
"('sensillar esterase', 1)"
"('microgradient page', 1)"
"('epidinocarsis diversicornis', 1)"
"('acalymma vittatum', 1)"
"('overall organization', 1)"
"('native photosystem', 1)"
"('fractionation method', 1)"
"('containing complex', 1)"
"('contain chlorophyll', 1)"
"('green alga', 1)"
"('ferromagnetic seed', 1)"
"('treatment modality', 1)"
"('previously demonstrated', 1)"
"('modality clinically', 1)"
"('malignant glioma', 1)"
"('implanted using', 1)"
"('controlled hyperthermia', 1)"
"('computerized tomography', 1)"
"('assisted technique', 1)"
"('animal model', 1)"
"('192 irradiation', 1)"
"('substantial mixture', 1)"
"('quite significant', 1)"
"('matching equation', 1)"
"('laterally homogeneous', 1)"
"('ionospheric disturbance', 1)"
"('broadside component', 1)"
"('septate junction', 1)"
"('lateral heterogeneity', 1)"
"('anacystis nidulans', 1)"
"('singlet fission', 1)"
"('optical isomer', 1)"
"('bacteriochlorophyll b', 1)"
"('rock lobster', 1)"
"('granular blue', 1)"
"('hebomoia glaucippe', 1)"
"('crataeva religiosa', 1)"
"('adult stonefly', 1)"
"('rxca operon', 1)"
"('squirrel monkey', 1)"
"('behavioral thermoregulation', 1)"
"('strut radiation', 1)"
"('coronary sinus', 1)"
"('atrial pacing', 1)"
"('relative amount', 1)"
"('molar ratio', 1)"
"('labile sulfide', 1)"
"('contained polypeptide', 1)"
"('chlorophyll ratio', 1)"
"('also described', 1)"
"('100 concentration', 1)"
"('diadromus pulchellus', 1)"
"('mimetic nymph', 1)"
"('progeny allocation', 1)"
"('host volume', 1)"
"('ribosomal rna', 1)"
"('transmembrane orientation', 1)"
"('noise analysis', 1)"
"('whistler soliton', 1)"
"('radio flare', 1)"
"('microwave spike', 1)"
"('secondary donor', 1)"
"('tandem running', 1)"
"('pachycondyla obscuricornis', 1)"
"('membrane polypeptide', 1)"
"('glycine max', 1)"
"('graphite limiter', 1)"
"('organic solvent', 1)"
"('fluorescence decay', 1)"
"('choline uptake', 1)"
"('leaf aldehyde', 1)"
"('crosspolar discrimination', 1)"
"('optical coupling', 1)"
"('phase fluorimetry', 1)"
"('euxoa drewseni', 1)"
"('megoura viciae', 1)"
"('sex recognition', 1)"
"('adoxophyes orana', 1)"
"('cp 47', 1)"
"('100 mhz', 1)"
"('western hemisphere', 1)"
"('toeplitz matrix', 1)"
"('focal length', 1)"
"('circumferential slot', 1)"
"('c greater', 1)"
"('airy function', 1)"
"('forced locomotion', 1)"
"('pore plate', 1)"
"('human serotransferrin', 1)"
"('photon counting', 1)"
"('rachiplusia ou', 1)"
"('mechanosensory hair', 1)"
"('coelocapitular sensillum', 1)"
"('radio link', 1)"
"('polarized light', 1)"
"('thylodrias contractus', 1)"
"('odd beetle', 1)"
"('statistical significance', 1)"
"('emp simulator', 1)"
"('freezing damage', 1)"
"('freeze substitution', 1)"
"('phase transition', 1)"
"('rotational mobility', 1)"
"('chromatophore membrane', 1)"
"('bacillus thuringiensis', 1)"
"('biological amplification', 1)"
"('curve resolution', 1)"
"('sensillum capitulum', 1)"
"('antenna composition', 1)"
"('cytochrome b', 1)"
"('hadrosquilla melanocauda', 1)"
"('digitiform organ', 1)"
"('campaniform organ', 1)"
"('rhynchaenus quercus', 1)"
"('redbacked cutworm', 1)"
"('euxoa ochrogaster', 1)"
"('pseudocharopinus narcinae', 1)"
"('copepodid stage', 1)"
"('analytical formula', 1)"
"('carotenoid triplet', 1)"
"('winter stress', 1)"
"('response profile', 1)"
"('pieris brassicae', 1)"
"('odour spectrum', 1)"
"('hedya nubiferana', 1)"
"('specialized cuticle', 1)"
"('neodiprion sertifer', 1)"
"('east coast', 1)"
"('protein secretion', 1)"
"('data taking', 1)"
"('tormogen cell', 1)"
"('preliminary test', 1)"
"('direct measurement', 1)"
"('antenna mast', 1)"
"('adepithelial cell', 1)"
"('speophyes lucidulus', 1)"
"('exhaust plume', 1)"
"('1559 mhz', 1)"
"('antenna selector', 1)"
"('semidomesticated animal', 1)"
"('ionizing radiation', 1)"
"('voltage pattern', 1)"
"('individual element', 1)"
"('greatly different', 1)"
"('gain element', 1)"
"('toroidal antenna', 1)"
"('open field', 1)"
"('receptor potential', 1)"
"('pyroelectric behaviour', 1)"
"('integument structure', 1)"
"('malpighian tubule', 1)"
"('fat body', 1)"
"('digital filtering', 1)"
"('lp array', 1)"
"('communication report', 1)"
"('useful r', 1)"
"('f power', 1)"
"('service life', 1)"
"('spheroidal coordinate', 1)"
"('logarithmic decrement', 1)"
"('free oscillation', 1)"
"('forced oscillation', 1)"
"('antenna stimulated', 1)"
